Date,Open,High,Low,Close,Volume
2020-10-05,27825.419921875,28162.640625,27825.419921875,28148.640625,318210000
2020-10-06,28214.240234375,28354.48046875,27728.029296875,27772.759765625,435030000
2020-10-07,27971.359375,28369.66015625,27971.359375,28303.4609375,328750000
2020-10-08,28348.859375,28459.130859375,28265.560546875,28425.509765625,314750000
2020-10-09,28533.609375,28676.2890625,28440.630859375,28586.900390625,324050000
2020-10-12,28671.119140625,28957.900390625,28659.669921875,28837.51953125,493680000
2020-10-13,28764.94921875,28808.83984375,28604.349609375,28679.810546875,526110000
2020-10-14,28731.30078125,28792.560546875,28461.73046875,28514.0,370800000
2020-10-15,28323.400390625,28535.849609375,28181.5390625,28494.19921875,328940000
2020-10-16,28570.720703125,28842.900390625,28570.720703125,28606.310546875,356140000
2020-10-19,28633.55078125,28711.9296875,28139.400390625,28195.419921875,358700000
2020-10-20,28245.849609375,28575.029296875,28243.0390625,28308.7890625,350220000
2020-10-21,28270.66015625,28450.640625,28196.390625,28210.8203125,299420000
2020-10-22,28197.419921875,28421.310546875,28040.1796875,28363.66015625,330320000
2020-10-23,28409.650390625,28436.51953125,28149.8203125,28335.5703125,347300000
2020-10-26,28185.8203125,28185.8203125,27370.16015625,27685.380859375,404150000
2020-10-27,27651.1796875,27707.689453125,27457.9609375,27463.189453125,366400000
2020-10-28,27102.140625,27102.140625,26497.390625,26519.94921875,496150000
2020-10-29,26480.98046875,26891.890625,26290.779296875,26659.109375,419770000
2020-10-30,26572.26953125,26639.1796875,26143.76953125,26501.599609375,504820000
2020-11-02,26691.279296875,27043.48046875,26691.279296875,26925.05078125,379990000
2020-11-03,27138.689453125,27640.2109375,27138.689453125,27480.029296875,350980000
2020-11-04,27512.830078125,28301.5,27512.830078125,27847.66015625,447860000
2020-11-05,28083.369140625,28495.05078125,28083.369140625,28390.1796875,390140000
2020-11-06,28399.130859375,28431.9609375,28189.5,28323.400390625,326710000
2020-11-09,29467.900390625,29933.830078125,29130.66015625,29157.970703125,673310000
2020-11-10,29254.169921875,29478.859375,29126.990234375,29420.919921875,526980000
2020-11-11,29524.349609375,29593.109375,29281.220703125,29397.630859375,376700000
2020-11-12,29231.91015625,29311.830078125,28902.130859375,29080.169921875,369320000
2020-11-13,29203.900390625,29559.25,29203.900390625,29479.810546875,348810000
2020-11-16,29672.359375,29964.2890625,29672.359375,29950.439453125,418290000
2020-11-17,29800.150390625,29872.419921875,29520.2890625,29783.349609375,372380000
2020-11-18,29875.400390625,29930.849609375,29432.83984375,29438.419921875,382850000
2020-11-19,29370.919921875,29524.900390625,29228.380859375,29483.23046875,331330000
2020-11-20,29437.5703125,29469.890625,29231.19921875,29263.48046875,305350000
2020-11-23,29332.8203125,29667.75,29332.8203125,29591.26953125,387200000
2020-11-24,29746.109375,30116.509765625,29746.109375,30046.240234375,432760000
2020-11-25,30058.869140625,30058.869140625,29806.25,29872.470703125,323030000
2020-11-27,29911.330078125,30015.130859375,29819.98046875,29910.369140625,177040000
2020-11-30,29854.509765625,29854.509765625,29463.640625,29638.640625,551350000
2020-12-01,29797.5,30083.310546875,29797.5,29823.919921875,429510000
2020-12-02,29695.08984375,29902.509765625,29599.2890625,29883.7890625,385280000
2020-12-03,29920.830078125,30110.880859375,29877.26953125,29969.51953125,405680000
2020-12-04,29989.560546875,30218.259765625,29989.560546875,30218.259765625,356590000
2020-12-07,30233.029296875,30233.029296875,29967.220703125,30069.7890625,365810000
2020-12-08,29997.94921875,30246.220703125,29972.0703125,30173.880859375,311190000
2020-12-09,30229.810546875,30319.69921875,29951.849609375,30068.810546875,380520000
2020-12-10,30032.55078125,30063.869140625,29876.8203125,29999.259765625,325550000
2020-12-11,29988.2109375,30071.130859375,29820.83984375,30046.369140625,393870000
2020-12-14,30123.91015625,30325.7890625,29849.150390625,29861.55078125,371980000
2020-12-15,29919.08984375,30243.259765625,29894.94921875,30199.310546875,417770000
2020-12-16,30191.380859375,30236.029296875,30080.109375,30154.5390625,344590000
2020-12-17,30216.0,30323.779296875,30216.0,30303.369140625,345530000
2020-12-18,30314.259765625,30343.58984375,30029.439453125,30179.05078125,782070000
2020-12-21,30159.0,30304.140625,29755.529296875,30216.44921875,437480000
2020-12-22,30200.19921875,30200.19921875,29992.890625,30015.509765625,388810000
2020-12-23,30046.73046875,30292.529296875,30046.73046875,30129.830078125,274050000
2020-12-24,30155.919921875,30209.669921875,30099.30078125,30199.869140625,145570000
2020-12-28,30283.23046875,30525.560546875,30283.23046875,30403.970703125,302490000
2020-12-29,30492.0703125,30588.7890625,30274.240234375,30335.669921875,357610000
2020-12-30,30415.08984375,30525.349609375,30393.0390625,30409.560546875,291890000
2020-12-31,30417.640625,30637.470703125,30344.5,30606.48046875,284470000
2021-01-04,30627.470703125,30674.279296875,29881.8203125,30223.890625,475080000
2021-01-05,30204.25,30504.890625,30141.779296875,30391.599609375,350910000
2021-01-06,30362.779296875,31022.650390625,30313.0703125,30829.400390625,500430000
2021-01-07,30901.1796875,31193.400390625,30897.859375,31041.130859375,427810000
2021-01-08,31069.580078125,31140.669921875,30793.26953125,31097.970703125,381150000
2021-01-11,31015.369140625,31096.98046875,30832.060546875,31008.689453125,356540000
2021-01-12,31015.009765625,31114.560546875,30888.759765625,31068.689453125,362620000
2021-01-13,31084.880859375,31153.369140625,30992.05078125,31060.470703125,413250000
2021-01-14,31085.669921875,31223.779296875,30982.240234375,30991.51953125,427810000
2021-01-15,30926.76953125,30941.98046875,30612.669921875,30814.259765625,433000000
2021-01-19,30887.419921875,31086.619140625,30865.029296875,30930.51953125,386400000
2021-01-20,31017.5390625,31235.98046875,30997.7890625,31188.380859375,384980000
2021-01-21,31198.009765625,31272.220703125,31120.919921875,31176.009765625,418780000
2021-01-22,31141.560546875,31141.560546875,30908.470703125,30996.98046875,436040000
2021-01-25,30989.849609375,30989.849609375,30564.060546875,30960.0,472890000
2021-01-26,30968.55078125,31121.419921875,30921.7109375,30937.0390625,373150000
2021-01-27,30893.779296875,30893.779296875,30206.91015625,30303.169921875,566470000
2021-01-28,30377.189453125,30951.41015625,30377.189453125,30603.359375,465140000
2021-01-29,30553.91015625,30553.91015625,29856.30078125,29982.619140625,536320000
2021-02-01,30054.73046875,30335.91015625,30014.970703125,30211.91015625,347060000
2021-02-02,30276.880859375,30840.5390625,30276.880859375,30687.48046875,333160000
2021-02-03,30689.650390625,30793.41015625,30521.310546875,30723.599609375,305590000
2021-02-04,30737.779296875,31065.9609375,30737.779296875,31055.859375,338330000
2021-02-05,31093.810546875,31252.1796875,31083.220703125,31148.240234375,293550000
2021-02-08,31191.19921875,31386.099609375,31191.19921875,31385.759765625,322250000
2021-02-09,31359.880859375,31439.470703125,31245.859375,31375.830078125,308210000
2021-02-10,31428.01953125,31511.439453125,31221.3203125,31437.80078125,326450000
2021-02-11,31466.490234375,31543.8203125,31244.359375,31430.69921875,280320000
2021-02-12,31420.80078125,31475.310546875,31347.80078125,31458.400390625,263090000
2021-02-16,31472.080078125,31608.630859375,31443.48046875,31522.75,329210000
2021-02-17,31485.609375,31643.69921875,31338.759765625,31613.01953125,343510000
2021-02-18,31558.599609375,31558.599609375,31285.3203125,31493.33984375,325990000
2021-02-19,31504.130859375,31647.529296875,31469.33984375,31494.3203125,353070000
2021-02-22,31381.119140625,31653.48046875,31286.5703125,31521.689453125,387210000
2021-02-23,31501.890625,31653.380859375,31158.759765625,31537.349609375,460410000
2021-02-24,31499.75,32009.640625,31421.2890625,31961.859375,410150000
2021-02-25,31955.939453125,31984.76953125,31293.3203125,31402.009765625,454110000
2021-02-26,31401.2890625,31450.890625,30911.369140625,30932.369140625,532250000
2021-03-01,31065.900390625,31668.33984375,31065.900390625,31535.509765625,385670000
2021-03-02,31535.369140625,31623.26953125,31377.16015625,31391.51953125,337270000
2021-03-03,31352.9609375,31563.310546875,31260.140625,31270.08984375,409660000
2021-03-04,31289.009765625,31461.970703125,30547.529296875,30924.140625,537850000
2021-03-05,31029.1796875,31580.330078125,30766.810546875,31496.30078125,501810000
2021-03-08,31512.150390625,32148.0390625,31512.150390625,31802.439453125,496980000
2021-03-09,31892.349609375,32150.3203125,31822.640625,31832.740234375,458690000
2021-03-10,31906.9609375,32389.5,31906.9609375,32297.01953125,409110000
2021-03-11,32354.5,32661.58984375,32345.69921875,32485.58984375,400020000
2021-03-12,32462.400390625,32793.3203125,32462.400390625,32778.640625,346400000
2021-03-15,32798.83984375,32973.3984375,32629.75,32953.4609375,360080000
2021-03-16,32966.75,32966.75,32778.23046875,32825.94921875,386370000
2021-03-17,32825.51953125,33047.578125,32782.1796875,33015.37109375,391200000
2021-03-18,32928.16015625,33227.78125,32831.25,32862.30078125,418480000
2021-03-19,32858.359375,32858.359375,32505.0703125,32627.970703125,811890000
2021-03-22,32601.8203125,32810.3515625,32512.529296875,32731.19921875,383500000
2021-03-23,32691.5,32753.76953125,32356.279296875,32423.150390625,385840000
2021-03-24,32470.880859375,32787.98828125,32418.150390625,32420.060546875,399390000
2021-03-25,32346.810546875,32672.689453125,32071.41015625,32619.48046875,411990000
2021-03-26,32681.0703125,33098.828125,32681.0703125,33072.87890625,382170000
2021-03-29,33087.55078125,33259.0,32905.12890625,33171.37109375,351610000
2021-03-30,33127.87890625,33170.9296875,32988.921875,33066.9609375,307510000
2021-03-31,33116.0390625,33173.76953125,32980.5703125,32981.55078125,414140000
2021-04-01,33054.578125,33167.171875,32985.3515625,33153.2109375,311880000
2021-04-05,33222.37890625,33617.94921875,33222.37890625,33527.19140625,344270000
2021-04-06,33500.01953125,33544.7890625,33380.4296875,33430.23828125,297940000
2021-04-07,33444.98046875,33521.76171875,33347.9609375,33446.26171875,273440000
2021-04-08,33469.890625,33506.80078125,33342.640625,33503.5703125,304040000
2021-04-09,33526.19140625,33810.87109375,33526.19140625,33800.6015625,316410000
2021-04-12,33775.05859375,33786.19140625,33665.5390625,33745.3984375,327370000
2021-04-13,33721.16015625,33741.640625,33545.83984375,33677.26953125,324480000
2021-04-14,33668.94921875,33911.25,33668.94921875,33730.890625,315330000
2021-04-15,33788.53125,34068.73046875,33788.53125,34035.98828125,319680000
2021-04-16,34058.16015625,34256.75,34058.16015625,34200.671875,343760000
2021-04-19,34182.37890625,34182.37890625,33980.55859375,34077.62890625,312540000
2021-04-20,34034.1796875,34034.1796875,33687.01171875,33821.30078125,350960000
2021-04-21,33808.30078125,34160.33984375,33773.80078125,34137.30859375,290300000
2021-04-22,34109.87890625,34126.5703125,33717.19140625,33815.8984375,344470000
2021-04-23,33804.51953125,34157.5703125,33713.2890625,34043.48828125,346380000
2021-04-26,34044.23046875,34148.94140625,33941.37109375,33981.5703125,279300000
2021-04-27,33932.12890625,34043.98046875,33870.4609375,33984.9296875,289030000
2021-04-28,33860.4609375,33946.6015625,33805.55859375,33820.37890625,335820000
2021-04-29,33855.640625,34087.2109375,33744.28125,34060.359375,408450000
2021-04-30,33988.75,33988.75,33784.9609375,33874.8515625,374890000
2021-05-03,33904.890625,34221.05859375,33904.890625,34113.23046875,289770000
2021-05-04,34080.19921875,34147.78125,33765.6796875,34133.03125,407860000
2021-05-05,34163.98828125,34331.19921875,34039.66015625,34230.33984375,253180000
2021-05-06,34245.109375,34561.2890625,34185.05859375,34548.53125,315430000
2021-05-07,34578.26953125,34811.390625,34464.30859375,34777.76171875,303400000
2021-05-10,34785.26953125,35091.55859375,34741.5703125,34742.8203125,361620000
2021-05-11,34572.73828125,34572.73828125,34075.30859375,34269.16015625,413180000
2021-05-12,34206.3984375,34207.87109375,33555.21875,33587.66015625,381350000
2021-05-13,33624.73828125,34181.76953125,33623.48828125,34021.44921875,350820000
2021-05-14,34050.859375,34454.05078125,34050.859375,34382.12890625,303230000
2021-05-17,34375.2890625,34383.83984375,34176.6484375,34327.7890625,291910000
2021-05-18,34351.1796875,34408.98828125,34044.1015625,34060.66015625,289590000
2021-05-19,33945.80859375,33945.80859375,33473.80078125,33896.0390625,348480000
2021-05-20,33906.30078125,34233.3984375,33872.41015625,34084.1484375,320150000
2021-05-21,34121.91015625,34415.48046875,34121.91015625,34207.83984375,306360000
2021-05-24,34253.87109375,34472.51171875,34253.87109375,34393.98046875,251010000
2021-05-25,34428.66015625,34511.3515625,34266.03125,34312.4609375,285760000
2021-05-26,34336.33984375,34409.58984375,34271.44140625,34323.05078125,258780000
2021-05-27,34432.46875,34608.8203125,34389.23828125,34464.640625,520630000
2021-05-28,34558.5,34631.109375,34520.08984375,34529.44921875,290850000
2021-06-01,34584.19140625,34849.3203125,34542.87109375,34575.30859375,287700000
2021-06-02,34614.62109375,34706.6484375,34545.9609375,34600.37890625,263810000
2021-06-03,34550.30859375,34667.41015625,34334.41015625,34577.0390625,297380000
2021-06-04,34618.69140625,34772.12109375,34618.69140625,34756.390625,270050000
2021-06-07,34766.19921875,34820.91015625,34574.51171875,34630.23828125,259120000
2021-06-08,34645.83984375,34665.37890625,34452.94140625,34599.8203125,289440000
2021-06-09,34626.16015625,34654.671875,34439.37109375,34447.140625,245100000
2021-06-10,34502.51171875,34737.7890625,34447.25,34466.23828125,309310000
2021-06-11,34499.80859375,34618.08984375,34328.6484375,34479.6015625,260840000
2021-06-14,34472.51953125,34472.51953125,34211.5390625,34393.75,295530000
2021-06-15,34397.1015625,34420.37890625,34199.16015625,34299.328125,272430000
2021-06-16,34308.48046875,34333.25,33917.109375,34033.671875,347150000
2021-06-17,34014.37890625,34091.7890625,33626.609375,33823.44921875,354690000
2021-06-18,33622.69921875,33622.69921875,33271.9296875,33290.078125,563920000
2021-06-21,33312.0703125,33908.08984375,33312.0703125,33876.96875,317260000
2021-06-22,33872.55859375,34040.69921875,33751.05859375,33945.578125,284130000
2021-06-23,33948.5390625,34009.3984375,33869.828125,33874.23828125,255280000
2021-06-24,33933.91015625,34233.01953125,33933.91015625,34196.8203125,275870000
2021-06-25,34328.1015625,34501.01953125,34314.80078125,34433.83984375,432550000
2021-06-28,34428.1015625,34449.6484375,34186.12890625,34283.26953125,280280000
2021-06-29,34338.890625,34469.828125,34266.828125,34292.2890625,282360000
2021-06-30,34290.73828125,34553.16015625,34245.48046875,34502.51171875,295560000
2021-07-01,34507.3203125,34640.28125,34498.8515625,34633.53125,268280000
2021-07-02,34642.421875,34821.9296875,34613.48828125,34786.3515625,301860000
2021-07-06,34790.16015625,34814.19921875,34358.421875,34577.37109375,348430000
2021-07-07,34604.171875,34708.78125,34435.58984375,34681.7890625,302700000
2021-07-08,34569.01171875,34569.01171875,34145.58984375,34421.9296875,335690000
2021-07-09,34457.51171875,34893.71875,34457.51171875,34870.16015625,301750000
2021-07-12,34836.75,35014.8984375,34730.1484375,34996.1796875,294800000
2021-07-13,34959.9609375,35018.7890625,34876.890625,34888.7890625,322430000
2021-07-14,34920.828125,35069.1796875,34826.87109375,34933.23046875,344340000
2021-07-15,34924.80859375,34990.41015625,34762.87109375,34987.01953125,320450000
2021-07-16,35007.94140625,35090.01171875,34647.8203125,34687.8515625,322980000
2021-07-19,34528.48046875,34528.48046875,33741.76171875,33962.0390625,440440000
2021-07-20,33981.7890625,34621.7890625,33981.7890625,34511.98828125,387020000
2021-07-21,34556.9609375,34820.23828125,34556.9609375,34798.0,317090000
2021-07-22,34799.6796875,34879.28125,34673.03125,34823.3515625,291610000
2021-07-23,34855.109375,35095.328125,34855.109375,35061.55078125,314040000
2021-07-26,35055.859375,35150.37109375,34950.19140625,35144.30859375,259790000
2021-07-27,35078.8984375,35078.8984375,34878.0703125,35058.51953125,326610000
2021-07-28,35109.94921875,35116.37109375,34876.83984375,34930.9296875,347170000
2021-07-29,34985.98828125,35171.51953125,34985.98828125,35084.53125,222680000
2021-07-30,35013.26171875,35106.30078125,34871.12890625,34935.46875,276410000
2021-08-02,34968.55859375,35192.109375,34808.19921875,34838.16015625,238620000
2021-08-03,34864.1015625,35120.94140625,34714.328125,35116.3984375,259820000
2021-08-04,35047.44140625,35047.44140625,34790.62109375,34792.671875,245300000
2021-08-05,34815.609375,35067.5390625,34815.609375,35064.25,216580000
2021-08-06,35077.44140625,35246.7890625,35077.44140625,35208.51171875,231570000
2021-08-09,35229.671875,35229.671875,35041.23828125,35101.8515625,207850000
2021-08-10,35135.171875,35285.16015625,35091.91015625,35264.671875,255040000
2021-08-11,35300.890625,35501.16015625,35300.890625,35484.96875,232800000
2021-08-12,35481.94140625,35510.76953125,35352.53125,35499.8515625,231600000
2021-08-13,35551.55859375,35610.5703125,35474.78125,35515.37890625,236790000
2021-08-16,35490.828125,35631.19140625,35231.87109375,35625.3984375,292590000
2021-08-17,35500.01171875,35500.01171875,35120.30859375,35343.28125,309410000
2021-08-18,35310.19921875,35356.80078125,34943.41015625,34960.69140625,289800000
2021-08-19,34874.671875,34997.80859375,34690.25,34894.12109375,333550000
2021-08-20,34917.9609375,35177.26171875,34867.0703125,35120.078125,269320000
2021-08-23,35160.96875,35428.91015625,35160.96875,35335.7109375,245760000
2021-08-24,35382.71875,35445.46875,35356.1796875,35366.26171875,228710000
2021-08-25,35388.76953125,35501.140625,35287.62890625,35405.5,237230000
2021-08-26,35449.6796875,35498.44921875,35205.1015625,35213.12109375,239740000
2021-08-27,35231.109375,35479.1796875,35231.109375,35455.80078125,240990000
2021-08-30,35471.80078125,35510.7109375,35374.4609375,35399.83984375,245390000
2021-08-31,35391.37890625,35449.7890625,35289.859375,35360.73046875,337240000
2021-09-01,35387.55078125,35407.37109375,35287.05078125,35312.53125,265520000
2021-09-02,35353.05859375,35475.3984375,35348.48046875,35443.8203125,263370000
2021-09-03,35401.73046875,35422.7109375,35269.3984375,35369.08984375,221370000
2021-09-07,35373.23828125,35373.23828125,35060.8984375,35100.0,289830000
2021-09-08,35087.44921875,35175.1484375,34925.609375,35031.0703125,261880000
2021-09-09,35013.078125,35199.890625,34847.30078125,34879.37890625,261330000
2021-09-10,34949.58984375,35104.25,34599.609375,34607.71875,333230000
2021-09-13,34665.5,34939.1015625,34665.5,34869.62890625,334190000
2021-09-14,34906.8984375,34990.359375,34510.30078125,34577.5703125,325140000
2021-09-15,34580.94921875,34880.76953125,34522.03125,34814.390625,317490000
2021-09-16,34810.26953125,34943.55078125,34540.109375,34751.3203125,278270000
2021-09-17,34737.859375,34779.859375,34519.62890625,34584.87890625,560630000
2021-09-20,34459.71875,34459.71875,33613.03125,33970.46875,435780000
2021-09-21,34025.609375,34313.87890625,33914.01953125,33919.83984375,306970000
2021-09-22,34006.87109375,34440.421875,34006.87109375,34258.3203125,296590000
2021-09-23,34296.30078125,34879.78125,34296.30078125,34764.8203125,283890000
2021-09-24,34762.30859375,34857.05859375,34648.078125,34798.0,254310000
2021-09-27,34739.26953125,35061.12109375,34739.26953125,34869.37109375,289480000
2021-09-28,34747.69921875,34798.2109375,34254.6484375,34299.98828125,379020000
2021-09-29,34360.078125,34580.421875,34305.9609375,34390.71875,290350000
2021-09-30,34467.98046875,34557.37109375,33833.3203125,33843.921875,354830000
2021-10-01,33930.69921875,34490.55859375,33785.5390625,34326.4609375,427580000
2021-10-04,34312.9609375,34410.28125,33821.578125,34002.921875,396860000
2021-10-05,34035.25,34490.94921875,34035.25,34314.671875,311520000
2021-10-06,34198.9609375,34432.6796875,33854.69140625,34416.98828125,322170000
2021-10-07,34509.71875,34975.19140625,34509.71875,34754.94140625,273290000
2021-10-08,34757.5703125,34842.62109375,34661.94921875,34746.25,238080000
2021-10-11,34723.7890625,34951.3515625,34486.51171875,34496.05859375,256820000
2021-10-12,34507.1484375,34611.23828125,34318.94140625,34378.33984375,319010000
2021-10-13,34372.7109375,34449.828125,34115.1015625,34377.80859375,316220000
2021-10-14,34443.21875,34923.828125,34443.21875,34912.55859375,338540000
2021-10-15,35023.62890625,35320.96875,35023.62890625,35294.76171875,327870000
2021-10-18,35221.01953125,35327.5703125,35035.94140625,35258.609375,312640000
2021-10-19,35325.37109375,35462.6796875,35290.12109375,35457.30859375,278510000
2021-10-20,35475.16015625,35669.69140625,35465.7109375,35609.33984375,265750000
2021-10-21,35520.3203125,35612.359375,35442.53125,35603.078125,298390000
2021-10-22,35607.71875,35765.01953125,35533.94921875,35677.01953125,346290000
2021-10-25,35692.62109375,35787.0390625,35629.37109375,35741.1484375,267220000
2021-10-26,35791.05078125,35892.921875,35734.73046875,35756.87890625,321910000
2021-10-27,35835.4296875,35835.4296875,35490.4296875,35490.69140625,354180000
2021-10-28,35545.41015625,35742.25,35545.41015625,35730.48046875,337400000
2021-10-29,35712.28125,35852.53125,35633.19921875,35819.55859375,399400000
2021-11-01,35833.6484375,36009.73828125,35797.96875,35913.83984375,292880000
2021-11-02,35935.109375,36088.80859375,35884.12890625,36052.62890625,304510000
2021-11-03,36059.08984375,36178.51171875,35891.73046875,36157.578125,262540000
2021-11-04,36107.4609375,36168.03125,35986.48046875,36124.23046875,307640000
2021-11-05,36268.75,36484.75,36190.19921875,36327.94921875,344600000
2021-11-08,36416.4609375,36565.73046875,36334.421875,36432.21875,284400000
2021-11-09,36404.53125,36416.98046875,36173.0703125,36319.98046875,258020000
2021-11-10,36299.25,36346.609375,36009.5,36079.94140625,278390000
2021-11-11,36038.78125,36108.171875,35915.26953125,35921.23046875,270320000
2021-11-12,35963.78125,36147.62890625,35934.58984375,36100.30859375,293180000
2021-11-15,36128.828125,36236.0703125,36031.78125,36087.44921875,280660000
2021-11-16,36076.1796875,36316.609375,36076.1796875,36142.21875,308290000
2021-11-17,36159.69921875,36159.69921875,35909.48046875,35931.05078125,358310000
2021-11-18,35901.69140625,35952.62890625,35654.390625,35870.94921875,435080000
2021-11-19,35879.08984375,35879.08984375,35555.37109375,35601.98046875,408840000
2021-11-22,35631.41015625,35929.66015625,35615.55078125,35619.25,420810000
2021-11-23,35619.921875,35841.51953125,35542.87109375,35813.80078125,392520000
2021-11-24,35752.30859375,35825.46875,35591.03125,35804.37890625,280960000
2021-11-26,35366.69140625,35366.69140625,34749.80078125,34899.33984375,324580000
2021-11-29,35017.7109375,35287.91015625,34895.890625,35135.94140625,416040000
2021-11-30,35056.98828125,35056.98828125,34424.44140625,34483.71875,678800000
2021-12-01,34678.94140625,35004.640625,34006.98046875,34022.0390625,496000000
2021-12-02,34076.25,34759.6484375,34076.25,34639.7890625,466900000
2021-12-03,34692.78125,34801.30859375,34264.5703125,34580.078125,439550000
2021-12-06,34633.4296875,35356.75,34633.4296875,35227.03125,416720000
2021-12-07,35423.98828125,35819.46875,35423.98828125,35719.4296875,474940000
2021-12-08,35716.8515625,35840.51953125,35602.6484375,35754.75,387650000
2021-12-09,35722.26171875,35864.23828125,35577.140625,35754.69140625,353020000
2021-12-10,35830.55078125,35982.69140625,35710.4296875,35970.98828125,361200000
2021-12-13,35958.9296875,35958.9296875,35609.53125,35650.94921875,441110000
2021-12-14,35605.73046875,35779.46875,35441.73828125,35544.1796875,440900000
2021-12-15,35549.3515625,35943.83984375,35389.30078125,35927.4296875,424720000
2021-12-16,36036.28125,36189.828125,35778.2109375,35897.640625,473620000
2021-12-17,35800.109375,35800.109375,35284.26171875,35365.44140625,750480000
2021-12-20,35222.12109375,35222.12109375,34665.5,34932.16015625,386590000
2021-12-21,35069.5,35508.9609375,35069.5,35492.69921875,346080000
2021-12-22,35491.7109375,35764.671875,35433.12890625,35753.890625,281930000
2021-12-23,35782.421875,36060.98828125,35782.421875,35950.55859375,247420000
2021-12-27,35954.48046875,36306.609375,35954.48046875,36302.37890625,244350000
2021-12-28,36302.98828125,36527.26171875,36302.98828125,36398.2109375,239090000
2021-12-29,36421.140625,36571.55078125,36396.19140625,36488.62890625,213480000
2021-12-30,36522.48046875,36679.44140625,36372.12890625,36398.078125,205620000
2021-12-31,36385.8515625,36484.94140625,36303.96875,36338.30078125,213200000
2022-01-03,36321.58984375,36595.8203125,36246.44921875,36585.05859375,347930000
2022-01-04,36636.0,36934.83984375,36636.0,36799.6484375,435080000
2022-01-05,36722.6015625,36952.6484375,36400.390625,36407.109375,462040000
2022-01-06,36409.05078125,36464.19140625,36200.6796875,36236.46875,385890000
2022-01-07,36249.58984375,36382.83984375,36111.53125,36231.66015625,356110000
2022-01-10,36175.2109375,36175.2109375,35639.91015625,36068.87109375,430680000
2022-01-11,36058.8515625,36271.46875,35769.37890625,36252.01953125,356850000
2022-01-12,36336.16015625,36453.48828125,36168.1484375,36290.3203125,310180000
2022-01-13,36312.48828125,36513.87890625,36044.21875,36113.62109375,343640000
2022-01-14,35996.4296875,35996.4296875,35641.48828125,35911.80859375,389200000
2022-01-18,35661.76171875,35661.76171875,35262.01953125,35368.46875,427260000
2022-01-19,35412.30078125,35547.828125,35015.48828125,35028.6484375,393080000
2022-01-20,35102.66015625,35490.19921875,34670.12109375,34715.390625,369070000
2022-01-21,34701.69140625,34896.671875,34229.55078125,34265.37109375,523880000
2022-01-24,34070.609375,34420.98828125,33150.328125,34364.5,664010000
2022-01-25,34186.640625,34591.0390625,33545.51953125,34297.73046875,506430000
2022-01-26,34520.8203125,34815.671875,33876.48046875,34168.08984375,546330000
2022-01-27,34261.75,34773.3203125,34007.78125,34160.78125,527780000
2022-01-28,34135.23828125,34731.76953125,33807.51171875,34725.46875,568440000
2022-01-31,34691.171875,35148.140625,34496.1015625,35131.859375,468070000
2022-02-01,35151.46875,35441.08984375,34977.94921875,35405.23828125,386080000
2022-02-02,35378.19140625,35679.19921875,35290.12109375,35629.328125,359540000
2022-02-03,35520.078125,35535.94140625,35071.05859375,35111.16015625,381020000
2022-02-04,35095.73828125,35333.55078125,34799.078125,35089.73828125,349880000
2022-02-07,35108.37890625,35325.01171875,34993.98046875,35091.12890625,328910000
2022-02-08,35160.6796875,35544.890625,35090.421875,35462.78125,319190000
2022-02-09,35614.8984375,35824.28125,35614.8984375,35768.05859375,333610000
2022-02-10,35630.80859375,35800.23828125,35100.71875,35241.58984375,411620000
2022-02-11,35267.890625,35431.1484375,34620.51953125,34738.05859375,398860000
2022-02-14,34694.5,34744.55859375,34304.28125,34566.171875,370320000
2022-02-15,34686.19140625,35047.7890625,34686.19140625,34988.83984375,305670000
2022-02-16,34951.828125,35042.08984375,34642.640625,34934.26953125,294410000
2022-02-17,34858.46875,34858.46875,34246.23046875,34312.03125,348720000
2022-02-18,34310.44921875,34423.578125,33976.1796875,34079.1796875,414080000
2022-02-22,33974.08984375,34024.73828125,33364.2890625,33596.609375,432090000
2022-02-23,33680.96875,33832.58984375,33084.8984375,33131.76171875,370600000
2022-02-24,32830.328125,33269.33984375,32272.640625,33223.828125,590850000
2022-02-25,33277.21875,34095.73828125,33277.21875,34058.75,417630000
2022-02-28,33870.62109375,33963.62890625,33469.30859375,33892.6015625,443460000
2022-03-01,33813.48046875,33870.140625,33107.671875,33294.94921875,438730000
2022-03-02,33379.51171875,34013.671875,33379.51171875,33891.3515625,400920000
2022-03-03,33972.87109375,34179.0703125,33641.53125,33794.66015625,369740000
2022-03-04,33655.4296875,33655.4296875,33254.12109375,33614.80078125,408390000
2022-03-07,33579.75,33579.75,32806.1484375,32817.37890625,488400000
2022-03-08,32885.171875,33402.98046875,32578.73046875,32632.640625,553750000
2022-03-09,32860.421875,33457.28125,32860.421875,33286.25,418670000
2022-03-10,33106.76953125,33236.58984375,32819.76171875,33174.0703125,399480000
2022-03-11,33279.71875,33515.609375,32911.890625,32944.19140625,369480000
2022-03-14,33000.37109375,33395.58984375,32818.16015625,32945.23828125,394940000
2022-03-15,32989.26953125,33620.83984375,32989.26953125,33544.33984375,388810000
2022-03-16,33653.9296875,34075.94140625,33391.23828125,34063.1015625,427400000
2022-03-17,33995.390625,34483.921875,33896.05859375,34480.76171875,339470000
2022-03-18,34466.71875,34755.19921875,34279.828125,34754.9296875,615420000
2022-03-21,34669.8515625,34808.28125,34341.80859375,34552.98828125,408490000
2022-03-22,34583.23828125,34882.03125,34583.23828125,34807.4609375,368550000
2022-03-23,34748.83984375,34748.83984375,34352.9609375,34358.5,347880000
2022-03-24,34406.80859375,34713.55859375,34355.421875,34707.94140625,324870000
2022-03-25,34702.390625,34942.69921875,34631.51953125,34861.23828125,285440000
2022-03-28,34833.03125,34957.9296875,34552.23046875,34955.890625,299790000
2022-03-29,35114.3515625,35372.26171875,35030.0703125,35294.19140625,355050000
2022-03-30,35273.62890625,35361.359375,35058.578125,35228.80859375,317320000
2022-03-31,35201.51953125,35201.51953125,34677.98828125,34678.3515625,433400000
2022-04-01,34740.890625,34847.91015625,34538.25,34818.26953125,340400000
2022-04-04,34799.98046875,34940.78125,34615.37890625,34921.87890625,316570000
2022-04-05,34876.328125,35112.2109375,34566.0390625,34641.1796875,304010000
2022-04-06,34520.33984375,34609.83984375,34277.171875,34496.51171875,386250000
2022-04-07,34439.23828125,34705.828125,34190.94921875,34583.5703125,319870000
2022-04-08,34569.23828125,34908.4609375,34470.19140625,34721.12109375,301750000
2022-04-11,34630.26953125,34701.33984375,34272.2890625,34308.078125,333290000
2022-04-12,34412.51171875,34669.96875,34102.80859375,34220.359375,333510000
2022-04-13,34166.640625,34598.359375,34140.640625,34564.58984375,313630000
2022-04-14,34628.4609375,34889.171875,34437.5,34451.23046875,353680000
2022-04-18,34411.48828125,34618.2890625,34279.078125,34411.69140625,264110000
2022-04-19,34394.62109375,34983.109375,34394.62109375,34911.19921875,296350000
2022-04-20,34962.671875,35315.3984375,34962.671875,35160.7890625,337620000
2022-04-21,35258.80078125,35492.21875,34723.8203125,34792.76171875,366390000
2022-04-22,34727.37890625,34727.37890625,33773.390625,33811.3984375,373280000
2022-04-25,33731.6484375,34106.01171875,33323.37109375,34049.4609375,416900000
2022-04-26,33907.48828125,33909.51171875,33230.94921875,33240.1796875,400020000
2022-04-27,33450.921875,33697.1796875,33108.890625,33301.9296875,447230000
2022-04-28,33425.9609375,34054.7890625,33248.4609375,33916.390625,440380000
2022-04-29,33787.01171875,33919.58984375,32913.1484375,32977.2109375,501560000
2022-05-02,32978.48828125,33224.94921875,32449.869140625,33061.5,453390000
2022-05-03,33086.08984375,33341.578125,32914.75,33128.7890625,364420000
2022-05-04,33171.80078125,34117.73828125,33021.83984375,34061.05859375,411060000
2022-05-05,33854.171875,33854.171875,32685.099609375,32997.96875,448420000
2022-05-06,32773.87890625,33055.83984375,32474.689453125,32899.37109375,416520000
2022-05-09,32685.169921875,32685.169921875,32121.98046875,32245.69921875,470770000
2022-05-10,32504.08984375,32752.169921875,31887.890625,32160.740234375,439290000
2022-05-11,32123.240234375,32584.01953125,31798.859375,31834.109375,458460000
2022-05-12,31699.0390625,31914.4609375,31228.220703125,31730.30078125,544240000
2022-05-13,31963.859375,32276.05078125,31862.7890625,32196.66015625,388520000
2022-05-16,32152.150390625,32514.01953125,31928.1796875,32223.419921875,330030000
2022-05-17,32427.0,32689.140625,32308.150390625,32654.58984375,389310000
2022-05-18,32468.669921875,32468.669921875,31393.94921875,31490.0703125,465060000
2022-05-19,31262.619140625,31569.130859375,31016.41015625,31253.130859375,517190000
2022-05-20,31426.939453125,31515.779296875,30635.759765625,31261.900390625,495510000
2022-05-23,31395.890625,31968.419921875,31395.890625,31880.240234375,402010000
2022-05-24,31717.609375,32014.859375,31365.58984375,31928.619140625,382950000
2022-05-25,31816.310546875,32254.439453125,31754.330078125,32120.279296875,343460000
2022-05-26,32248.169921875,32774.140625,32248.169921875,32637.189453125,351220000
2022-05-27,32735.08984375,33213.62109375,32682.009765625,33212.9609375,328770000
2022-05-31,33160.58984375,33240.21875,32752.33984375,32990.12109375,533560000
2022-06-01,33156.30859375,33272.33984375,32584.759765625,32813.23046875,338210000
2022-06-02,32809.01171875,33248.609375,32509.4296875,33248.28125,333210000
2022-06-03,32986.3203125,33135.609375,32839.2109375,32899.69921875,298570000
2022-06-06,33032.0390625,33235.37109375,32819.5,32915.78125,253010000
2022-06-07,32783.03125,33207.44921875,32641.849609375,33180.140625,270750000
2022-06-08,33087.0703125,33156.5,32824.37109375,32910.8984375,270470000
2022-06-09,32828.62109375,32956.73046875,32267.779296875,32272.7890625,289710000
2022-06-10,32053.51953125,32053.51953125,31387.83984375,31392.7890625,362300000
2022-06-13,31144.91015625,31144.91015625,30373.720703125,30516.740234375,472290000
2022-06-14,30592.33984375,30690.80078125,30144.23046875,30364.830078125,366800000
2022-06-15,30570.5,31011.970703125,30185.080078125,30668.529296875,392670000
2022-06-16,30305.740234375,30305.740234375,29740.349609375,29927.0703125,442910000
2022-06-17,29912.69921875,30167.51953125,29653.2890625,29888.779296875,692830000
2022-06-21,30074.689453125,30653.98046875,30074.689453125,30530.25,376900000
2022-06-22,30352.5703125,30777.919921875,30166.009765625,30483.130859375,343490000
2022-06-23,30570.330078125,30715.630859375,30293.400390625,30677.359375,361420000
2022-06-24,30846.939453125,31517.2890625,30846.939453125,31500.6796875,465480000
2022-06-27,31533.599609375,31598.58984375,31351.369140625,31438.259765625,309910000
2022-06-28,31549.05078125,31885.08984375,30934.330078125,30946.990234375,350780000
2022-06-29,31067.41015625,31152.9609375,30894.529296875,31029.310546875,269390000
2022-06-30,30790.0,30979.849609375,30431.869140625,30775.4296875,394070000
2022-07-01,30737.76953125,31139.349609375,30487.7890625,31097.259765625,310440000
2022-07-05,30903.119140625,30971.740234375,30355.119140625,30967.8203125,323080000
2022-07-06,30957.30078125,31224.689453125,30794.83984375,31037.6796875,289800000
2022-07-07,31190.650390625,31421.83984375,31154.640625,31384.55078125,296620000
2022-07-08,31348.4296875,31511.4609375,31212.44921875,31338.150390625,238120000
2022-07-11,31277.98046875,31367.55078125,31114.400390625,31173.83984375,245020000
2022-07-12,31113.310546875,31346.099609375,30860.509765625,30981.330078125,324190000
2022-07-13,30743.630859375,30979.169921875,30514.609375,30772.7890625,291830000
2022-07-14,30451.80078125,30680.119140625,30143.9296875,30630.169921875,325130000
2022-07-15,30775.369140625,31288.259765625,30775.369140625,31288.259765625,321570000
2022-07-18,31475.98046875,31644.6796875,30982.970703125,31072.609375,309960000
2022-07-19,31165.91015625,31842.25,31165.91015625,31827.05078125,378720000
2022-07-20,31829.990234375,31944.44921875,31646.94921875,31874.83984375,313520000
2022-07-21,31826.490234375,32040.630859375,31534.080078125,32036.900390625,302320000
2022-07-22,32167.919921875,32219.25,31731.470703125,31899.2890625,319880000
2022-07-25,31950.9296875,32029.029296875,31821.669921875,31990.0390625,255450000
2022-07-26,31950.0390625,31950.0390625,31705.359375,31761.5390625,324930000
2022-07-27,31865.05078125,32336.23046875,31799.4296875,32197.58984375,365480000
2022-07-28,32197.619140625,32609.5390625,31982.609375,32529.630859375,331110000
2022-07-29,32515.619140625,32910.1796875,32493.01953125,32845.12890625,487360000
2022-08-01,32755.7109375,32972.03125,32640.7890625,32798.3984375,321180000
2022-08-02,32691.2890625,32772.9296875,32387.119140625,32396.169921875,316740000
2022-08-03,32514.2109375,32912.73828125,32514.2109375,32812.5,342160000
2022-08-04,32805.69140625,32829.21875,32652.630859375,32726.8203125,315590000
2022-08-05,32593.900390625,32814.609375,32489.619140625,32803.46875,273010000
2022-08-08,32877.359375,33109.9609375,32769.1015625,32832.5390625,275350000
2022-08-09,32807.359375,32877.53125,32702.66015625,32774.41015625,281080000
2022-08-10,33130.62890625,33364.41015625,33130.62890625,33309.51171875,311740000
2022-08-11,33451.51171875,33651.80078125,33289.828125,33336.671875,308030000
2022-08-12,33430.71875,33767.08984375,33398.3203125,33761.05078125,299140000
2022-08-15,33710.69921875,33954.7109375,33582.9609375,33912.44140625,262670000
2022-08-16,33924.3515625,34281.359375,33852.5703125,34152.01171875,288670000
2022-08-17,34029.55078125,34161.01171875,33828.41015625,33980.3203125,281390000
2022-08-18,33981.859375,34043.828125,33844.4609375,33999.0390625,282550000
2022-08-19,33904.69140625,33904.69140625,33627.08984375,33706.73828125,293990000
2022-08-22,33586.58984375,33586.58984375,33007.62890625,33063.609375,308900000
2022-08-23,33033.51953125,33138.26171875,32858.890625,32909.58984375,251870000
2022-08-24,32899.01171875,33095.5,32828.55859375,32969.23046875,256900000
2022-08-25,33029.26953125,33306.08984375,32889.8515625,33291.78125,308530000
2022-08-26,33293.4296875,33364.69921875,32278.220703125,32283.400390625,352850000
2022-08-29,32188.0,32325.16015625,31972.7890625,32098.990234375,317820000
2022-08-30,32163.83984375,32205.66015625,31647.220703125,31790.869140625,317150000
2022-08-31,31827.150390625,31966.0390625,31509.58984375,31510.4296875,392780000
2022-09-01,31454.580078125,31677.509765625,31219.75,31656.419921875,339360000
2022-09-02,31848.5,32026.900390625,31182.08984375,31318.439453125,306180000
2022-09-06,31343.7890625,31463.890625,31048.4609375,31145.30078125,347320000
2022-09-07,31145.630859375,31644.33984375,31095.2109375,31581.279296875,345080000
2022-09-08,31481.94921875,31783.369140625,31321.5,31774.51953125,344340000
2022-09-09,31876.220703125,32227.740234375,31876.220703125,32151.7109375,310980000
2022-09-12,32159.490234375,32504.0390625,32159.490234375,32381.33984375,339250000
2022-09-13,32006.5,32006.5,31018.5390625,31104.970703125,428930000
2022-09-14,31141.01953125,31276.8203125,30885.01953125,31135.08984375,348670000
2022-09-15,31124.6796875,31277.689453125,30882.080078125,30961.8203125,345500000
2022-09-16,30866.609375,30866.609375,30550.080078125,30822.419921875,627920000
2022-09-19,30722.859375,31026.890625,30559.369140625,31019.6796875,291200000
2022-09-20,30888.529296875,30888.529296875,30465.91015625,30706.23046875,317970000
2022-09-21,30819.390625,31020.7890625,30181.990234375,30183.779296875,354960000
2022-09-22,30204.51953125,30302.279296875,29994.529296875,30076.6796875,335270000
2022-09-23,29955.650390625,29955.650390625,29250.470703125,29590.41015625,388200000
2022-09-26,29536.83984375,29630.76953125,29161.119140625,29260.810546875,369450000
2022-09-27,29419.880859375,29659.119140625,28958.220703125,29134.990234375,355460000
2022-09-28,29198.919921875,29811.779296875,29114.970703125,29683.740234375,436040000
2022-09-29,29513.73046875,29513.73046875,28997.33984375,29225.609375,388820000
2022-09-30,29123.029296875,29355.779296875,28715.849609375,28725.509765625,464260000
2022-10-03,28855.25,29647.7890625,28855.25,29490.890625,397830000
2022-10-04,29826.669921875,30325.05078125,29826.669921875,30316.3203125,375640000
2022-10-05,30078.359375,30454.4609375,29886.439453125,30273.869140625,290610000
2022-10-06,30206.130859375,30329.609375,29859.33984375,29926.939453125,306840000
2022-10-07,29685.26953125,29685.26953125,29142.66015625,29296.7890625,367950000
2022-10-10,29419.08984375,29485.8203125,29010.41015625,29202.880859375,315410000
2022-10-11,29085.19921875,29608.419921875,29074.23046875,29239.189453125,352920000
2022-10-12,29233.060546875,29455.119140625,29136.029296875,29210.849609375,304420000
2022-10-13,28755.830078125,30168.5390625,28660.939453125,30038.720703125,470260000
2022-10-14,30192.2109375,30428.8203125,29614.30078125,29634.830078125,379090000
2022-10-17,30059.580078125,30311.94921875,29997.619140625,30185.8203125,369820000
2022-10-18,30697.51953125,30837.900390625,30301.830078125,30523.80078125,387130000
2022-10-19,30439.0390625,30662.109375,30226.900390625,30423.810546875,314030000
2022-10-20,30411.919921875,30822.9609375,30265.19921875,30333.58984375,333190000
2022-10-21,30291.1796875,31119.26953125,30206.279296875,31082.560546875,418190000
2022-10-24,31187.3203125,31603.630859375,31161.41015625,31499.619140625,345040000
2022-10-25,31463.650390625,31876.150390625,31423.529296875,31836.740234375,336930000
2022-10-26,31738.439453125,32172.419921875,31738.439453125,31839.109375,430400000
2022-10-27,32062.140625,32388.419921875,31993.2109375,32033.279296875,375720000
2022-10-28,32204.310546875,32889.80859375,32158.380859375,32861.80078125,495830000
2022-10-31,32754.26953125,32883.859375,32586.9296875,32732.94921875,390890000
2022-11-01,32862.7890625,32975.48046875,32485.23046875,32653.19921875,323210000
2022-11-02,32576.279296875,33071.9296875,32139.76953125,32147.759765625,398430000
2022-11-03,31985.05078125,32185.7109375,31727.05078125,32001.25,354440000
2022-11-04,32265.009765625,32611.51953125,31938.919921875,32403.220703125,422370000
2022-11-07,32454.099609375,32895.58984375,32424.990234375,32827.0,336300000
2022-11-08,32934.55859375,33355.390625,32831.4609375,33160.828125,335340000
2022-11-09,33004.46875,33065.109375,32478.869140625,32513.939453125,355200000
2022-11-10,33263.91015625,33727.73046875,33167.8203125,33715.37109375,480130000
2022-11-11,33797.75,33817.9609375,33394.4296875,33747.859375,427790000
2022-11-14,33662.05078125,33964.30078125,33533.9609375,33536.69921875,354340000
2022-11-15,33755.94140625,33987.05859375,33320.19921875,33592.921875,390610000
2022-11-16,33554.9296875,33682.828125,33516.98828125,33553.828125,301560000
2022-11-17,33329.26953125,33616.01953125,33239.75,33546.3203125,319210000
2022-11-18,33606.58984375,33827.94140625,33540.640625,33745.69140625,312950000
2022-11-21,33760.30078125,33864.58984375,33559.1796875,33700.28125,352960000
2022-11-22,33810.05078125,34115.69921875,33810.05078125,34098.1015625,277070000
2022-11-23,34091.5703125,34262.0703125,34004.640625,34194.05859375,236820000
2022-11-25,34213.0390625,34386.51171875,34199.5703125,34347.03125,131660000
2022-11-28,34275.91015625,34303.87890625,33799.3515625,33849.4609375,300330000
2022-11-29,33847.80078125,33933.91015625,33662.44921875,33852.53125,279750000
2022-11-30,33795.4296875,34589.76953125,33583.76953125,34589.76953125,524440000
2022-12-01,34533.58984375,34595.51171875,34129.3515625,34395.01171875,348720000
2022-12-02,34265.44921875,34483.2109375,34039.73046875,34429.87890625,290580000
2022-12-05,34335.73046875,34335.73046875,33846.80859375,33947.1015625,312960000
2022-12-06,33936.87109375,34006.62890625,33418.58984375,33596.33984375,306220000
2022-12-07,33556.3984375,33774.26953125,33503.671875,33597.921875,359980000
2022-12-08,33695.96875,33899.171875,33642.4609375,33781.48046875,271830000
2022-12-09,33746.7109375,33844.62890625,33462.6484375,33476.4609375,287630000
2022-12-12,33519.5,34005.0390625,33519.5,34005.0390625,313440000
2022-12-13,34268.44140625,34712.28125,33890.87890625,34108.640625,442650000
2022-12-14,34086.0703125,34395.6484375,33704.171875,33966.3515625,339090000
2022-12-15,33773.0,33773.0,33016.16015625,33202.21875,394290000
2022-12-16,33166.4609375,33166.4609375,32654.58984375,32920.4609375,756310000
2022-12-19,32921.44921875,33038.94140625,32581.970703125,32757.5390625,326430000
2022-12-20,32735.240234375,32992.23046875,32649.44921875,32849.73828125,303970000
2022-12-21,33028.08984375,33437.83984375,33028.08984375,33376.48046875,328020000
2022-12-22,33233.3515625,33233.3515625,32573.4296875,33027.48828125,340640000
2022-12-23,32961.05859375,33226.140625,32814.01953125,33203.9296875,221050000
2022-12-27,33224.23046875,33387.71875,33069.578125,33241.55859375,246010000
2022-12-28,33264.76171875,33379.55078125,32869.1484375,32875.7109375,252260000
2022-12-29,33021.4296875,33293.421875,33020.3515625,33220.80078125,243060000
2022-12-30,33121.609375,33152.55078125,32847.8203125,33147.25,295500000
2023-01-03,33148.8984375,33387.51953125,32850.5703125,33136.37109375,355930000
2023-01-04,33165.140625,33409.1015625,33033.48046875,33269.76953125,379400000
2023-01-05,33191.71875,33191.71875,32812.328125,32930.078125,337920000
2023-01-06,33055.30078125,33710.66015625,32997.390625,33630.609375,360740000
2023-01-09,33664.390625,33935.109375,33487.66015625,33517.6484375,327840000
2023-01-10,33516.4296875,33726.5390625,33421.80078125,33704.1015625,268260000
2023-01-11,33754.03125,33974.69140625,33711.0390625,33973.01171875,301650000
2023-01-12,34047.859375,34292.671875,33792.1015625,34189.96875,308190000
2023-01-13,34075.30859375,34342.3203125,33915.48828125,34302.609375,274110000
2023-01-17,34222.3203125,34269.96875,33860.671875,33910.8515625,353050000
2023-01-18,33948.48828125,34016.53125,33269.8984375,33296.9609375,351670000
2023-01-19,33171.3515625,33227.48828125,32982.05078125,33044.55859375,319770000
2023-01-20,33073.4609375,33381.94921875,32948.9296875,33375.48828125,367330000
2023-01-23,33439.55859375,33782.87890625,33316.25,33629.55859375,355220000
2023-01-24,33444.71875,33782.921875,33310.55859375,33733.9609375,299310000
2023-01-25,33538.359375,33773.08984375,33273.2109375,33743.83984375,341720000
2023-01-26,33771.66015625,33953.7890625,33635.6015625,33949.41015625,327000000
2023-01-27,33952.9296875,34164.328125,33830.8515625,33978.078125,441260000
2023-01-30,33909.2109375,34055.2890625,33695.1796875,33717.08984375,343920000
2023-01-31,33803.55859375,34095.23046875,33664.91015625,34086.0390625,360240000
2023-02-01,34039.6015625,34334.69921875,33581.421875,34092.9609375,370120000
2023-02-02,34129.30078125,34145.140625,33814.78125,34053.94140625,429910000
2023-02-03,33926.30078125,34179.578125,33813.859375,33926.01171875,425150000
2023-02-06,33874.44140625,33962.83984375,33683.578125,33891.01953125,296400000
2023-02-07,33769.78125,34240.0,33634.1015625,34156.69140625,361620000
2023-02-08,34132.8984375,34161.6484375,33899.7890625,33949.01171875,324090000
2023-02-09,34105.609375,34252.5703125,33607.12890625,33699.87890625,347520000
2023-02-10,33671.5390625,33897.30859375,33591.98828125,33869.26953125,288150000
2023-02-13,33887.390625,34249.6015625,33887.390625,34245.9296875,302600000
2023-02-14,34194.08984375,34331.46875,33827.44921875,34089.26953125,288820000
2023-02-15,34008.62890625,34130.48828125,33833.1015625,34128.05078125,267530000
2023-02-16,33992.08984375,34041.16015625,33686.58984375,33696.8515625,317530000
2023-02-17,33677.01171875,33846.640625,33517.73046875,33826.69140625,302900000
2023-02-21,33699.69140625,33699.69140625,33115.73828125,33129.58984375,348320000
2023-02-22,33169.328125,33245.96875,32948.26953125,33045.08984375,321910000
2023-02-23,33175.390625,33272.3984375,32795.671875,33153.91015625,288120000
2023-02-24,32999.19140625,32999.19140625,32643.48046875,32816.921875,277120000
2023-02-27,32906.16015625,33189.28125,32814.1796875,32889.08984375,243660000
2023-02-28,32873.46875,32873.46875,32636.4296875,32656.69921875,303760000
2023-03-01,32656.369140625,32746.150390625,32500.7109375,32661.83984375,292810000
2023-03-02,32780.96875,33083.44921875,32665.849609375,33003.5703125,317450000
2023-03-03,33076.328125,33405.8203125,33008.41015625,33390.96875,300050000
2023-03-06,33425.3203125,33572.21875,33383.46875,33431.44140625,329190000
2023-03-07,33428.30859375,33453.25,32838.2109375,32856.4609375,299400000
2023-03-08,32872.078125,32903.44140625,32612.69921875,32798.3984375,242750000
2023-03-09,32876.828125,32990.4609375,32190.599609375,32254.859375,315860000
2023-03-10,32185.140625,32422.099609375,31783.41015625,31909.640625,397790000
2023-03-13,31819.9296875,32240.349609375,31624.869140625,31819.140625,429090000
2023-03-14,32055.2890625,32306.58984375,31805.400390625,32155.400390625,391760000
2023-03-15,31759.869140625,31906.470703125,31429.8203125,31874.5703125,420910000
2023-03-16,31827.650390625,32281.609375,31571.4609375,32246.55078125,440940000
2023-03-17,32217.3203125,32217.3203125,31728.69921875,31861.98046875,712100000
2023-03-20,31872.330078125,32280.0703125,31872.330078125,32244.580078125,357210000
2023-03-21,32420.7109375,32593.6796875,32346.119140625,32560.599609375,363190000
2023-03-22,32570.189453125,32761.890625,32020.4609375,32030.109375,325990000
2023-03-23,32101.490234375,32511.490234375,31864.740234375,32105.25,335430000
2023-03-24,32038.220703125,32257.240234375,31805.1796875,32237.529296875,317070000
2023-03-27,32276.720703125,32564.0,32276.720703125,32432.080078125,291560000
2023-03-28,32434.849609375,32551.009765625,32295.5,32394.25,248560000
2023-03-29,32566.5390625,32728.0390625,32539.939453125,32717.599609375,314110000
2023-03-30,32807.4296875,32905.80078125,32682.869140625,32859.03125,283380000
2023-03-31,32901.9609375,33291.0,32901.9609375,33274.1484375,353740000
2023-04-03,33245.78125,33632.8984375,33245.78125,33601.1484375,311890000
2023-04-04,33594.7890625,33634.71875,33275.62109375,33402.37890625,283360000
2023-04-05,33394.6015625,33543.83984375,33376.26953125,33482.71875,286660000
2023-04-06,33420.9609375,33525.9609375,33325.37109375,33485.2890625,258680000
2023-04-10,33425.25,33590.23828125,33343.4296875,33586.51953125,232920000
2023-04-11,33586.75,33781.2890625,33586.75,33684.7890625,241430000
2023-04-12,33764.2109375,33895.4296875,33593.3203125,33646.5,260300000
2023-04-13,33668.96875,34054.98828125,33605.171875,34029.69140625,277230000
2023-04-14,33981.7109375,34082.94140625,33730.8515625,33886.46875,276720000
2023-04-17,33930.4609375,33991.23046875,33796.91015625,33987.1796875,234530000
2023-04-18,33965.16015625,34018.62109375,33791.890625,33976.62890625,253570000
2023-04-19,33889.828125,33957.98046875,33814.6484375,33897.01171875,251490000
2023-04-20,33740.6015625,33875.390625,33677.73828125,33786.62109375,307910000
2023-04-21,33793.6015625,33858.828125,33688.5703125,33808.9609375,291080000
2023-04-24,33805.0390625,33891.1484375,33726.08984375,33875.3984375,252020000
2023-04-25,33828.33984375,33875.48828125,33525.390625,33530.828125,297880000
2023-04-26,33596.33984375,33645.828125,33235.8515625,33301.87109375,321170000
2023-04-27,33381.66015625,33859.75,33374.6484375,33826.16015625,343240000
2023-04-28,33797.4296875,34104.55859375,33728.3984375,34098.16015625,354310000
2023-05-01,34116.80859375,34257.828125,34030.140625,34051.69921875,244190000
2023-05-02,34017.62109375,34017.75,33436.66015625,33684.53125,274460000
2023-05-03,33726.640625,33811.83984375,33396.05078125,33414.23828125,286900000
2023-05-04,33347.78125,33354.859375,32937.5,33127.73828125,305160000
2023-05-05,33248.55078125,33748.4296875,33248.55078125,33674.37890625,316350000
2023-05-08,33715.1484375,33747.48828125,33509.23046875,33618.69140625,225680000
2023-05-09,33589.8515625,33656.3984375,33509.71875,33561.80859375,232940000
2023-05-10,33707.19921875,33772.08984375,33239.44921875,33531.328125,271180000
2023-05-11,33383.890625,33389.87890625,33127.69921875,33309.51171875,298000000
2023-05-12,33370.578125,33406.3984375,33110.609375,33300.62109375,227570000
2023-05-15,33321.2109375,33400.30078125,33161.9296875,33348.6015625,224020000
2023-05-16,33275.37109375,33290.8515625,33006.19140625,33012.140625,246680000
2023-05-17,33092.48046875,33472.37890625,33050.41015625,33420.76953125,307130000
2023-05-18,33374.55859375,33579.91015625,33212.08984375,33535.91015625,333070000
2023-05-19,33582.94921875,33652.8984375,33336.66015625,33426.62890625,315210000
2023-05-22,33408.5390625,33512.30078125,33207.8515625,33286.578125,268900000
2023-05-23,33190.6015625,33310.171875,33013.2890625,33055.51171875,291550000
2023-05-24,33021.76171875,33031.75,32752.439453125,32799.921875,246180000
2023-05-25,32854.26171875,32870.4296875,32586.560546875,32764.650390625,364670000
2023-05-26,32795.5,33162.05859375,32795.5,33093.33984375,330290000
2023-05-30,33103.6484375,33132.69921875,32893.96875,33042.78125,322700000
2023-05-31,32948.7109375,32984.828125,32739.73046875,32908.26953125,689990000
2023-06-01,32929.8515625,33167.75,32704.509765625,33061.5703125,349460000
2023-06-02,33187.578125,33805.0,33187.578125,33762.76171875,383590000
2023-06-05,33771.12890625,33804.21875,33552.7890625,33562.859375,367170000
2023-06-06,33547.671875,33631.25,33399.69140625,33573.28125,294070000
2023-06-07,33562.46875,33708.78125,33546.109375,33665.01953125,347400000
2023-06-08,33656.98046875,33873.80859375,33630.0390625,33833.609375,269160000
2023-06-09,33852.44140625,33975.3203125,33787.16015625,33876.78125,262310000
2023-06-12,33906.80078125,34077.83984375,33878.4609375,34066.328125,308130000
2023-06-13,34111.078125,34310.28125,34107.98046875,34212.12109375,308790000
2023-06-14,34044.69921875,34151.421875,33783.55078125,33979.328125,354910000
2023-06-15,33945.98046875,34488.98046875,33945.98046875,34408.05859375,361400000
2023-06-16,34464.01953125,34588.6796875,34285.69140625,34299.12109375,595230000
2023-06-20,34206.66015625,34206.66015625,33915.9296875,34053.87109375,334810000
2023-06-21,33990.55859375,34097.9296875,33876.171875,33951.51953125,323690000
2023-06-22,33900.46875,34003.55859375,33835.390625,33946.7109375,275600000
2023-06-23,33835.66015625,33835.66015625,33646.48828125,33727.4296875,379800000
2023-06-26,33730.7890625,33819.48828125,33610.3203125,33714.7109375,265330000
2023-06-27,33739.03125,33975.6484375,33730.390625,33926.73828125,293210000
2023-06-28,33881.37890625,33903.76171875,33755.921875,33852.66015625,268050000
2023-06-29,33854.5703125,34147.6796875,33828.62890625,34122.421875,279940000
2023-06-30,34269.921875,34467.3515625,34269.921875,34407.6015625,351060000
2023-07-03,34369.78125,34465.6015625,34286.5390625,34418.46875,157590000
2023-07-05,34344.71875,34376.109375,34226.98046875,34288.640625,274570000
2023-07-06,34171.390625,34171.390625,33771.46875,33922.26171875,293840000
2023-07-07,33837.0703125,34036.37890625,33716.75,33734.87890625,272730000
2023-07-10,33705.6796875,33958.359375,33705.6796875,33944.3984375,299200000
2023-07-11,34056.94140625,34288.87109375,33993.01171875,34261.421875,278940000
2023-07-12,34395.28125,34586.94140625,34308.78125,34347.4296875,331410000
2023-07-13,34412.30859375,34482.26171875,34365.328125,34395.140625,267180000
2023-07-14,34425.328125,34592.26171875,34425.328125,34509.03125,293540000
2023-07-17,34499.73828125,34665.1484375,34418.71875,34585.3515625,359780000
2023-07-18,34597.078125,34986.359375,34530.609375,34951.9296875,385940000
2023-07-19,34991.2109375,35234.05078125,34991.2109375,35061.2109375,365130000
2023-07-20,35091.98046875,35372.76953125,35091.98046875,35225.1796875,340880000
2023-07-21,35274.3203125,35340.66015625,35186.05078125,35227.69140625,465270000
2023-07-24,35230.7890625,35463.96875,35230.7890625,35411.23828125,284460000
2023-07-25,35421.48828125,35527.5703125,35365.26171875,35438.0703125,299530000
2023-07-26,35345.98828125,35633.609375,35306.26953125,35520.12109375,346240000
2023-07-27,35558.7890625,35645.3515625,35216.578125,35282.71875,352230000
2023-07-28,35443.48828125,35565.51171875,35355.1484375,35459.2890625,369000000
2023-07-31,35465.96875,35566.94921875,35430.21875,35559.53125,327410000
2023-08-01,35585.98828125,35679.12890625,35526.609375,35630.6796875,259490000
2023-08-02,35551.921875,35551.921875,35226.26171875,35282.51953125,298570000
2023-08-03,35194.55859375,35348.19921875,35122.3203125,35215.890625,254960000
2023-08-04,35230.12890625,35506.87890625,35033.76171875,35065.62109375,338290000
2023-08-07,35125.6015625,35497.37890625,35125.6015625,35473.12890625,300150000
2023-08-08,35345.3984375,35346.640625,35007.41015625,35314.48828125,303840000
2023-08-09,35324.28125,35370.890625,35058.73046875,35123.359375,306680000
2023-08-10,35231.5390625,35578.578125,35107.6015625,35176.1484375,337110000
2023-08-11,35111.359375,35354.6015625,35059.98828125,35281.3984375,277840000
2023-08-14,35273.890625,35335.44921875,35169.96875,35307.62890625,300250000
2023-08-15,35219.37109375,35219.37109375,34908.5,34946.390625,323920000
2023-08-16,34914.9609375,35133.55859375,34757.37109375,34765.73828125,332310000
2023-08-17,34829.609375,34888.48046875,34440.73046875,34474.828125,392850000
2023-08-18,34368.359375,34587.0703125,34263.19140625,34500.66015625,320680000
2023-08-21,34531.28125,34570.9609375,34248.4609375,34463.69140625,396490000
2023-08-22,34494.171875,34514.0390625,34256.83984375,34288.828125,279200000
2023-08-23,34338.58984375,34534.71875,34321.0,34472.98046875,360610000
2023-08-24,34439.828125,34694.6796875,34093.6484375,34099.421875,342520000
2023-08-25,34217.05859375,34441.91015625,34029.21875,34346.8984375,257440000
2023-08-28,34441.640625,34652.91015625,34441.640625,34559.98046875,224640000
2023-08-29,34531.12109375,34864.421875,34531.12109375,34852.671875,262550000
2023-08-30,34847.80078125,35025.5703125,34811.73828125,34890.23828125,236070000
2023-08-31,34909.08984375,35070.2109375,34719.76953125,34721.91015625,341900000
2023-09-01,34876.23828125,34979.1796875,34720.69921875,34837.7109375,286370000
2023-09-05,34843.21875,34871.26171875,34635.62890625,34641.96875,283540000
2023-09-06,34611.6796875,34611.6796875,34291.55859375,34443.19140625,308900000
2023-09-07,34351.1796875,34560.859375,34351.1796875,34500.73046875,386980000
2023-09-08,34487.41015625,34627.8515625,34473.5703125,34576.58984375,293990000
2023-09-11,34650.01171875,34784.51953125,34578.58984375,34663.71875,291720000
2023-09-12,34620.01953125,34852.609375,34560.55078125,34645.98828125,318670000
2023-09-13,34667.28125,34767.109375,34509.94921875,34575.53125,295480000
2023-09-14,34687.5,34977.96875,34687.5,34907.109375,305180000
2023-09-15,34902.0390625,34902.0390625,34572.26953125,34618.23828125,582160000
2023-09-18,34612.2890625,34725.05859375,34545.3515625,34624.30078125,252700000
2023-09-19,34571.83984375,34597.55859375,34311.69140625,34517.73046875,282830000
2023-09-20,34575.5,34776.28125,34434.2890625,34440.87890625,291650000
2023-09-21,34332.23046875,34378.30078125,34058.71875,34070.421875,331930000
2023-09-22,34077.078125,34156.1484375,33947.23828125,33963.83984375,268760000
2023-09-25,33907.58984375,34017.53125,33780.671875,34006.87890625,229450000
2023-09-26,33862.6796875,33879.9296875,33569.6015625,33618.87890625,280100000
2023-09-27,33682.80859375,33731.6484375,33306.30078125,33550.26953125,300330000
2023-09-28,33519.44140625,33777.8984375,33473.5,33666.33984375,275610000
2023-09-29,33882.609375,33893.6796875,33407.44921875,33507.5,319830000
2023-10-02,33455.5,33511.91015625,33219.55859375,33433.3515625,275630000
2023-10-03,33318.83984375,33398.5390625,32916.19921875,33002.37890625,293450000
2023-10-04,33034.1796875,33156.44921875,32873.23046875,33129.55078125,287030000
2023-10-05,33099.23046875,33174.37890625,32941.55859375,33119.5703125,277250000
2023-10-06,33040.69921875,33557.69140625,32846.94140625,33407.578125,332990000
2023-10-09,33259.83984375,33631.80859375,33253.69140625,33604.6484375,228760000
2023-10-10,33683.41015625,33898.21875,33604.3203125,33739.30078125,255640000
2023-10-11,33822.19921875,33882.55078125,33612.25,33804.87109375,256560000
2023-10-12,33845.6484375,33863.80078125,33455.6015625,33631.140625,289160000
2023-10-13,33733.33984375,33957.71875,33551.578125,33670.2890625,306340000
2023-10-16,33832.421875,34088.98046875,33832.421875,33984.5390625,270060000
2023-10-17,33869.83984375,34147.62890625,33854.69921875,33997.6484375,281010000
2023-10-18,33960.25,33991.51171875,33598.640625,33665.078125,285410000
2023-10-19,33669.51953125,33852.390625,33368.578125,33414.171875,304320000
2023-10-20,33365.26953125,33425.76953125,33118.12109375,33127.28125,325530000
2023-10-23,32993.01953125,33234.8515625,32892.19140625,32936.41015625,342500000
2023-10-24,33089.640625,33272.19140625,32988.4296875,33141.37890625,359230000
2023-10-25,33203.53125,33267.91015625,32989.71875,33035.9296875,355690000
2023-10-26,33017.171875,33105.03125,32743.990234375,32784.30078125,379880000
2023-10-27,32782.3984375,32787.55859375,32327.19921875,32417.58984375,376970000
2023-10-30,32537.5390625,33002.96875,32537.5390625,32928.9609375,298640000
2023-10-31,33029.109375,33070.28125,32787.12109375,33052.87109375,306950000
2023-11-01,33081.87109375,33337.1484375,33010.8515625,33274.578125,307570000
2023-11-02,33457.8203125,33852.9609375,33450.03125,33839.078125,304350000
2023-11-03,33988.828125,34163.62890625,33946.6015625,34061.3203125,311000000
2023-11-06,34092.609375,34167.26171875,33989.71875,34095.859375,265570000
2023-11-07,34075.6484375,34206.98046875,34026.71875,34152.6015625,281790000
2023-11-08,34185.921875,34252.75,33996.19921875,34112.26953125,280330000
2023-11-09,34163.7109375,34167.5390625,33859.76953125,33891.94140625,325400000
2023-11-10,34020.8203125,34310.359375,33905.62109375,34283.1015625,302460000
2023-11-13,34259.25,34405.83984375,34205.80859375,34337.87109375,245090000
2023-11-14,34581.19921875,34931.01171875,34581.19921875,34827.69921875,328050000
2023-11-15,34906.71875,35051.1015625,34868.48046875,34991.2109375,347790000
2023-11-16,34868.03125,35022.4609375,34818.03125,34945.46875,435540000
2023-11-17,34964.8203125,35028.21875,34882.8203125,34947.28125,334820000
2023-11-20,34932.48828125,35227.48046875,34907.98046875,35151.0390625,331050000
2023-11-21,35104.83984375,35118.0390625,35038.44140625,35088.2890625,271120000
2023-11-22,35189.328125,35315.19921875,35155.80078125,35273.03125,237290000
2023-11-24,35299.8984375,35399.44140625,35299.8984375,35390.1484375,117040000
2023-11-27,35376.44140625,35410.37109375,35280.5703125,35333.46875,258340000
2023-11-28,35332.12890625,35518.671875,35307.73046875,35416.98046875,256210000
2023-11-29,35436.80078125,35579.12890625,35405.890625,35430.421875,299330000
2023-11-30,35596.5703125,35970.69921875,35592.21875,35950.890625,435540000
2023-12-01,35914.44921875,36264.8515625,35914.44921875,36245.5,321840000
2023-12-04,36089.37890625,36238.1796875,36029.69140625,36204.44140625,329450000
2023-12-05,36135.6484375,36164.6796875,36010.8515625,36124.55859375,309250000
2023-12-06,36183.73046875,36292.578125,36024.25,36054.4296875,283240000
2023-12-07,36124.171875,36164.171875,36021.94921875,36117.37890625,287280000
2023-12-08,36084.8203125,36296.19921875,36061.640625,36247.87109375,295180000
2023-12-11,36254.328125,36416.1796875,36231.19140625,36404.9296875,342490000
2023-12-12,36442.1015625,36596.109375,36373.21875,36577.94140625,292770000
2023-12-13,36601.80078125,37094.8515625,36523.58984375,37090.23828125,354790000
2023-12-14,37115.62890625,37287.5,37051.51953125,37248.3515625,455820000
2023-12-15,37194.5,37347.6015625,37092.01953125,37305.16015625,788160000
2023-12-18,37330.140625,37393.44921875,37284.8515625,37306.01953125,292120000
2023-12-19,37311.8203125,37562.828125,37311.8203125,37557.921875,272740000
2023-12-20,37520.12890625,37641.30078125,37073.0390625,37082.0,303450000
2023-12-21,37225.3203125,37418.76171875,37127.05078125,37404.3515625,253120000
2023-12-22,37349.26953125,37534.51953125,37268.87890625,37385.96875,252970000
2023-12-26,37405.8984375,37617.98828125,37371.828125,37545.328125,212420000
2023-12-27,37518.62109375,37683.69921875,37488.6015625,37656.51953125,245530000
2023-12-28,37661.51953125,37778.8515625,37650.98046875,37710.1015625,199550000
2023-12-29,37701.62890625,37759.4296875,37538.80078125,37689.5390625,234570000
2024-01-02,37566.21875,37790.078125,37495.91015625,37715.0390625,350280000
2024-01-03,37629.23046875,37629.23046875,37401.8515625,37430.19140625,322010000
2024-01-04,37425.28125,37716.41015625,37425.28125,37440.33984375,380220000
2024-01-05,37455.4609375,37623.62109375,37323.8203125,37466.109375,299480000
2024-01-08,37327.37109375,37692.921875,37249.23828125,37683.01171875,362200000
2024-01-09,37523.55078125,37552.37890625,37373.30078125,37525.16015625,289860000
2024-01-10,37552.91015625,37740.76953125,37524.3984375,37695.73046875,279540000
2024-01-11,37747.140625,37801.8984375,37424.28125,37711.01953125,299540000
2024-01-12,37818.05078125,37825.26953125,37470.19140625,37592.98046875,279250000
2024-01-16,37493.5390625,37543.1796875,37201.390625,37361.12109375,378280000
2024-01-17,37281.859375,37371.66015625,37132.890625,37266.671875,290880000
2024-01-18,37300.80859375,37522.2890625,37122.94921875,37468.609375,340620000
2024-01-19,37572.5,37933.73046875,37451.7109375,37863.80078125,377650000
2024-01-22,37919.55078125,38109.19921875,37911.609375,38001.80859375,339560000
2024-01-23,37959.7890625,37980.73046875,37804.98828125,37905.44921875,334110000
2024-01-24,37975.37109375,38064.21875,37795.7109375,37806.390625,336090000
2024-01-25,37862.5703125,38057.53125,37796.46875,38049.12890625,402970000
2024-01-26,38006.6796875,38215.30859375,37997.76953125,38109.4296875,387000000
2024-01-29,38115.828125,38343.9296875,38061.171875,38333.44921875,312480000
2024-01-30,38298.23046875,38497.390625,38257.80078125,38467.30859375,326640000
2024-01-31,38426.78125,38588.859375,38139.66015625,38150.30078125,453250000
2024-02-01,38175.33984375,38522.5,38106.83984375,38519.83984375,321830000
2024-02-02,38448.1015625,38783.62109375,38336.5703125,38654.421875,379760000
2024-02-05,38546.76953125,38633.87890625,38220.3984375,38380.12109375,322290000
2024-02-06,38392.8984375,38545.28125,38350.4609375,38521.359375,276140000
2024-02-07,38613.890625,38748.109375,38571.01171875,38677.359375,302210000
2024-02-08,38702.109375,38755.6796875,38544.359375,38726.328125,315510000
2024-02-09,38731.96875,38734.28125,38567.8984375,38671.69140625,299970000
2024-02-12,38656.76171875,38927.078125,38628.921875,38797.37890625,273020000
2024-02-13,38699.171875,38699.171875,38039.859375,38272.75,318390000
2024-02-14,38372.671875,38442.55859375,38194.62109375,38424.26953125,274610000
2024-02-15,38397.94140625,38781.890625,38397.94140625,38773.12109375,303840000
2024-02-16,38751.7109375,38825.03125,38583.23828125,38627.98828125,282210000
2024-02-20,38576.26171875,38663.08984375,38460.19921875,38563.80078125,335990000
2024-02-21,38483.66015625,38618.03125,38338.578125,38612.23828125,279510000
2024-02-22,38845.19140625,39149.609375,38802.0703125,39069.109375,324630000
2024-02-23,39127.96875,39282.28125,39094.359375,39131.53125,286910000
2024-02-26,39144.7890625,39245.890625,39025.80078125,39069.23046875,296930000
2024-02-27,39087.8984375,39087.8984375,38881.8984375,38972.41015625,272860000
2024-02-28,38938.078125,38956.4609375,38741.6796875,38949.01953125,272560000
2024-02-29,39013.75,39074.12890625,38809.28125,38996.390625,519690000
2024-03-01,38989.51171875,39120.359375,38850.5,39087.37890625,331030000
2024-03-04,38968.76953125,39087.859375,38913.30078125,38989.828125,386290000
2024-03-05,38906.98046875,38906.98046875,38457.828125,38585.19140625,393750000
2024-03-06,38721.1484375,38858.12890625,38570.80078125,38661.05078125,347900000
2024-03-07,38784.30078125,38910.3515625,38730.12890625,38791.3515625,335580000
2024-03-08,38776.80078125,38971.1484375,38705.03125,38722.69140625,342030000
2024-03-11,38667.2109375,38794.76171875,38483.25,38769.66015625,300190000
2024-03-12,38883.3203125,39071.55859375,38711.390625,39005.48828125,329090000
2024-03-13,39054.578125,39201.94140625,38937.921875,39043.3203125,330930000
2024-03-14,39122.390625,39160.25,38704.359375,38905.66015625,375810000
2024-03-15,38809.6484375,38928.12890625,38618.19921875,38714.76953125,774360000
2024-03-18,38826.9296875,38898.41015625,38760.7890625,38790.4296875,327950000
2024-03-19,38819.609375,39122.7109375,38761.28125,39110.76171875,310610000
2024-03-20,39072.05078125,39529.12890625,38988.6484375,39512.12890625,350050000
2024-03-21,39661.03125,39889.05078125,39589.23046875,39781.37109375,408990000
2024-03-22,39774.05859375,39824.76171875,39469.53125,39475.8984375,332340000
2024-03-25,39410.5390625,39430.171875,39296.03125,39313.640625,323670000
2024-03-26,39338.3203125,39439.44140625,39277.19140625,39282.328125,306940000
2024-03-27,39461.98046875,39769.41015625,39461.98046875,39760.078125,332190000
2024-03-28,39763.73828125,39868.58984375,39717.25,39807.37109375,360970000
2024-04-01,39807.9296875,39815.0,39491.21875,39566.8515625,269470000
2024-04-02,39256.26953125,39256.26953125,39051.69921875,39170.23828125,319590000
2024-04-03,39139.58984375,39305.76171875,39017.12890625,39127.140625,364180000
2024-04-04,39343.6015625,39421.3515625,38559.421875,38596.98046875,356510000
2024-04-05,38664.98046875,39040.171875,38602.1796875,38904.0390625,317110000
2024-04-08,38916.421875,39013.19921875,38857.69921875,38892.80078125,291460000
2024-04-09,38983.66015625,38992.890625,38572.08984375,38883.671875,328700000
2024-04-10,38662.28125,38662.28125,38304.66015625,38461.51171875,317580000
2024-04-11,38523.26171875,38598.98046875,38197.28125,38459.078125,356640000
2024-04-12,38319.140625,38319.140625,37877.30078125,37983.23828125,440910000
2024-04-15,38075.37890625,38386.80859375,37657.7890625,37735.109375,389170000
2024-04-16,37992.21875,37992.21875,37713.69921875,37798.96875,339480000
2024-04-17,37949.671875,38036.69921875,37611.55859375,37753.30859375,314650000
2024-04-18,37847.2109375,38083.76171875,37681.51953125,37775.37890625,300230000
2024-04-19,37801.98046875,38102.5703125,37781.609375,37986.3984375,420460000
2024-04-22,38116.890625,38447.16015625,37985.0703125,38239.98046875,351650000
2024-04-23,38356.0703125,38561.5,38297.71875,38503.69140625,329420000
2024-04-24,38552.7890625,38552.7890625,38310.55078125,38460.921875,337230000
2024-04-25,38052.08984375,38157.21875,37754.37890625,38085.80078125,408170000
2024-04-26,38114.69921875,38337.640625,38065.05078125,38239.66015625,398680000
2024-04-29,38282.16015625,38406.19921875,38215.46875,38386.08984375,343630000
2024-04-30,38337.3984375,38337.3984375,37810.12109375,37815.921875,448480000
2024-05-01,37845.55859375,38349.19921875,37780.5390625,37903.2890625,413540000
2024-05-02,38075.6484375,38295.2890625,37895.66015625,38225.66015625,355910000
2024-05-03,38709.359375,38808.51953125,38518.28125,38675.6796875,410530000
2024-05-06,38762.4296875,38886.46875,38689.37890625,38852.26953125,315550000
2024-05-07,38858.94140625,38977.609375,38840.3984375,38884.26171875,360930000
2024-05-08,38818.8984375,39094.73828125,38814.98828125,39056.390625,292340000
2024-05-09,39064.26953125,39413.66015625,38988.8515625,39387.76171875,303270000
2024-05-10,39466.51953125,39579.87890625,39406.26171875,39512.83984375,289480000
2024-05-13,39591.28125,39647.390625,39403.05078125,39431.51171875,323370000
2024-05-14,39466.76171875,39616.41015625,39371.921875,39558.109375,320860000
2024-05-15,39615.1015625,39935.0390625,39615.1015625,39908.0,411190000
2024-05-16,39912.33984375,40051.05078125,39864.6796875,39869.37890625,400560000
2024-05-17,39911.71875,40010.87890625,39858.859375,40003.58984375,300260000
2024-05-20,39989.76171875,40077.3984375,39787.08984375,39806.76953125,272420000
2024-05-21,39804.3984375,39905.80078125,39778.73046875,39872.98828125,314120000
2024-05-22,39863.328125,39890.91015625,39559.08984375,39671.0390625,258430000
2024-05-23,39694.94921875,39694.94921875,39025.51171875,39065.26171875,335640000
2024-05-24,39089.23046875,39220.30859375,39020.2890625,39069.58984375,249810000
2024-05-28,39028.98828125,39028.98828125,38706.140625,38852.859375,303340000
2024-05-29,38716.28125,38716.28125,38413.671875,38441.5390625,292280000
2024-05-30,38368.3515625,38493.6015625,38000.9609375,38111.48046875,360090000
2024-05-31,38140.26171875,38719.4296875,38092.26953125,38686.3203125,618200000
2024-06-03,38709.98828125,38735.609375,38247.21875,38571.03125,314010000
2024-06-04,38518.859375,38786.62109375,38397.8203125,38711.2890625,304450000
2024-06-05,38774.8203125,38844.3203125,38548.76953125,38807.328125,310970000
2024-06-06,38825.3984375,39004.16015625,38735.98828125,38886.171875,269000000
2024-06-07,38861.23828125,39105.23046875,38751.8515625,38798.98828125,265850000
2024-06-10,38784.8984375,38877.859375,38665.44921875,38868.0390625,330580000
2024-06-11,38795.7109375,38795.7109375,38446.23828125,38747.421875,383090000
2024-06-12,38950.6484375,39120.26171875,38621.44921875,38712.2109375,472280000
2024-06-13,38677.12109375,38712.2109375,38407.69921875,38647.1015625,341330000
2024-06-14,38528.390625,38595.23828125,38305.8515625,38589.16015625,272200000
2024-06-17,38565.1796875,38839.87890625,38431.94921875,38778.1015625,346190000
2024-06-18,38779.12109375,38936.9296875,38727.671875,38834.859375,324260000
2024-06-20,38804.73046875,39232.5,38778.4609375,39134.76171875,397010000
2024-06-21,39208.51171875,39257.1796875,39061.671875,39150.328125,818670000
2024-06-24,39184.48828125,39571.23046875,39184.48828125,39411.2109375,373940000
2024-06-25,39398.7890625,39423.26171875,38997.23046875,39112.16015625,339010000
2024-06-26,39063.1484375,39183.73828125,38908.98828125,39127.80078125,333100000
2024-06-27,39107.1015625,39250.69140625,39026.75,39164.05859375,338010000
2024-06-28,39092.390625,39443.6015625,38937.1484375,39118.859375,679630000
2024-07-01,39186.19921875,39438.359375,39037.94140625,39169.51953125,346210000
2024-07-02,39108.25,39340.48828125,39085.69140625,39331.8515625,317380000
2024-07-03,39358.94921875,39411.171875,39230.859375,39308.0,202070000
2024-07-05,39313.3984375,39399.62109375,39168.69921875,39375.87109375,325230000
2024-07-08,39391.98046875,39654.9609375,39278.4296875,39344.7890625,358320000
2024-07-09,39357.37109375,39492.28125,39146.6015625,39291.96875,361410000
2024-07-10,39272.44921875,39736.19921875,39256.71875,39721.359375,334180000
2024-07-11,39695.1796875,39875.6015625,39623.12109375,39753.75,361530000
2024-07-12,39783.28125,40257.23828125,39783.28125,40000.8984375,325780000
2024-07-15,40138.3984375,40351.1015625,40136.1015625,40211.71875,308880000
2024-07-16,40263.78125,40988.80859375,40263.78125,40954.48046875,306390000
2024-07-17,40862.5703125,41221.98046875,40849.7109375,41198.078125,433450000
2024-07-18,41156.55859375,41376.0,40597.5,40665.01953125,393450000
2024-07-19,40592.3515625,40626.16015625,40203.26953125,40287.53125,348530000
2024-07-22,40414.48828125,40472.53125,40222.76953125,40415.44140625,351670000
2024-07-23,40443.73046875,40527.890625,40319.69921875,40358.08984375,287390000
2024-07-24,40210.62890625,40258.44140625,39807.44921875,39853.87109375,394210000
2024-07-25,39828.62890625,40438.8203125,39817.5,39935.0703125,375790000
2024-07-26,40140.859375,40753.828125,40140.859375,40589.33984375,332070000
2024-07-29,40665.7109375,40682.48828125,40388.828125,40539.9296875,272200000
2024-07-30,40622.12890625,40866.25,40529.1015625,40743.328125,350910000
2024-07-31,40768.87890625,41198.62890625,40655.890625,40842.7890625,420090000
2024-08-01,40916.9609375,41096.66015625,40098.5703125,40347.96875,472030000
2024-08-02,40075.328125,40075.328125,39358.6796875,39737.26171875,827820000
2024-08-05,39056.19140625,39056.19140625,38499.26953125,38703.26953125,661280000
2024-08-06,38736.21875,39449.53125,38638.30078125,38997.66015625,462650000
2024-08-07,39230.08984375,39477.9609375,38731.51171875,38763.44921875,428250000
2024-08-08,38940.37890625,39508.3984375,38922.7890625,39446.48828125,376440000
2024-08-09,39408.05859375,39628.66015625,39230.4296875,39497.5390625,316320000
2024-08-12,39556.01171875,39587.05859375,39251.71875,39357.01171875,312380000
2024-08-13,39445.26953125,39792.80078125,39392.41015625,39765.640625,365560000
2024-08-14,39800.58984375,40068.75,39737.19921875,40008.390625,317800000
2024-08-15,40295.73828125,40590.51171875,40295.73828125,40563.05859375,446850000
2024-08-16,40528.859375,40726.03125,40453.578125,40659.76171875,323210000
2024-08-19,40670.828125,40907.3203125,40670.828125,40896.53125,283890000
2024-08-20,40874.51953125,40909.37890625,40756.6484375,40834.96875,299380000
2024-08-21,40881.03125,40974.3984375,40738.4296875,40890.48828125,281460000
2024-08-22,40932.23046875,41026.640625,40584.46875,40712.78125,310470000
2024-08-23,40879.12109375,41207.921875,40842.9609375,41175.078125,300080000
2024-08-26,41200.83984375,41420.05078125,41140.23046875,41240.51953125,249300000
2024-08-27,41186.28125,41271.75,41109.421875,41250.5,256160000
2024-08-28,41250.171875,41351.109375,40842.2890625,41091.421875,272170000
2024-08-29,41345.5,41577.96875,41086.80859375,41335.05078125,309820000
2024-08-30,41366.16015625,41585.2109375,41145.8515625,41563.078125,494900000
2024-09-03,41489.671875,41489.671875,40778.08984375,40936.9296875,420530000
2024-09-04,40872.05859375,41172.58984375,40840.890625,40974.96875,359380000
2024-09-05,41056.328125,41084.78125,40519.078125,40755.75,331250000
2024-09-06,40756.80859375,41009.390625,40297.328125,40345.41015625,370440000
2024-09-09,40555.109375,41000.23828125,40518.05859375,40829.58984375,376720000
2024-09-10,40916.5,40916.5,40417.48046875,40736.9609375,360950000
2024-09-11,40638.76171875,40903.6796875,39993.0703125,40861.7109375,356040000
2024-09-12,40862.109375,41107.3515625,40665.53125,41096.76953125,289300000
2024-09-13,41153.69921875,41533.83984375,41128.69921875,41393.78125,276800000
2024-09-16,41435.171875,41733.96875,41435.171875,41622.078125,408670000
2024-09-17,41723.78125,41835.28125,41470.69140625,41606.1796875,448610000
2024-09-18,41628.91015625,41981.96875,41449.0,41503.1015625,383600000
2024-09-19,41972.55859375,42160.91015625,41832.08984375,42025.19140625,429760000
2024-09-20,41959.4296875,42138.41015625,41865.94921875,42063.359375,1207660000
2024-09-23,42060.3984375,42190.05078125,42012.21875,42124.6484375,455200000
2024-09-24,42234.98828125,42281.05859375,42056.8203125,42208.21875,401020000
2024-09-25,42236.08984375,42299.640625,41859.73046875,41914.75,374960000
2024-09-26,42113.421875,42224.1484375,42036.28125,42175.109375,353600000
2024-09-27,42227.94921875,42628.3203125,42227.94921875,42313.0,329840000
2024-09-30,42289.75,42347.66015625,41929.0703125,42330.1484375,354430000
2024-10-01,42262.96875,42322.359375,41945.62890625,42156.96875,380240000
2024-10-02,42125.140625,42259.51953125,41968.7890625,42196.51953125,301760000
2024-10-03,42099.53125,42125.83984375,41847.80859375,42011.58984375,267260000
2024-10-04,42248.26171875,42361.37890625,41972.109375,42352.75,296550000
2024-10-07,42289.51171875,42293.640625,41831.73828125,41954.23828125,307230000
2024-10-08,42022.6484375,42128.55859375,41874.71875,42080.37109375,284500000
2024-10-09,42070.3203125,42562.01171875,41993.3515625,42512.0,267400000
2024-10-10,42511.37109375,42511.37109375,42308.0390625,42454.12109375,245570000
2024-10-11,42507.53125,42899.75,42507.53125,42863.859375,265330000
2024-10-14,42800.890625,43139.0,42707.140625,43065.21875,240050000
2024-10-15,43240.171875,43277.78125,42703.171875,42740.421875,360880000
2024-10-16,42706.48828125,43100.83984375,42692.37109375,43077.69921875,297510000
2024-10-17,43119.80859375,43289.76171875,43119.80859375,43239.05078125,267370000
2024-10-18,43187.12109375,43325.08984375,43036.3515625,43275.91015625,295500000
2024-10-21,43222.2109375,43310.87109375,42877.5703125,42931.6015625,273590000
2024-10-22,42876.83984375,43041.05078125,42718.26171875,42924.890625,335200000
2024-10-23,42834.3984375,42834.3984375,42293.171875,42514.94921875,356610000
2024-10-24,42522.55078125,42522.55078125,42191.828125,42374.359375,282680000
2024-10-25,42477.51171875,42594.640625,42051.390625,42114.3984375,314000000
2024-10-28,42264.5390625,42476.4609375,42264.5390625,42387.5703125,284770000
2024-10-29,42323.48046875,42491.859375,42171.6484375,42233.05078125,373550000
2024-10-30,42249.80859375,42457.921875,42141.5390625,42141.5390625,377420000
2024-10-31,41956.33984375,41991.91015625,41704.62890625,41763.4609375,497370000
2024-11-01,41869.8203125,42326.30859375,41869.8203125,42052.19140625,531350000
2024-11-04,42004.66015625,42035.87109375,41647.30078125,41794.6015625,341500000
2024-11-05,41835.48828125,42258.83984375,41766.9609375,42221.87890625,283990000
2024-11-06,42850.3984375,43778.78125,42850.3984375,43729.9296875,550400000
2024-11-07,43718.921875,43823.1015625,43641.921875,43729.33984375,437510000
2024-11-08,43768.53125,44157.2890625,43733.859375,43988.98828125,454570000
2024-11-11,44057.6484375,44486.69921875,44057.6484375,44293.12890625,451940000
2024-11-12,44359.2109375,44405.73046875,43887.26953125,43910.98046875,482720000
2024-11-13,43880.4609375,44141.328125,43829.98046875,43958.19140625,500190000
2024-11-14,44032.37890625,44080.78125,43704.8203125,43750.859375,545090000
2024-11-15,43587.9296875,43647.53125,43350.4296875,43444.98828125,664320000
2024-11-18,43431.890625,43505.66015625,43297.5703125,43389.6015625,527180000
2024-11-19,43243.26953125,43380.96875,42938.87109375,43268.94140625,497970000
2024-11-20,43296.05078125,43465.76953125,43074.859375,43408.46875,559010000
2024-11-21,43538.69921875,44020.30859375,43345.578125,43870.3515625,712120000
2024-11-22,43871.62890625,44323.94921875,43871.62890625,44296.51171875,533010000
2024-11-25,44385.48828125,44815.671875,44385.48828125,44736.5703125,826660000
2024-11-26,44614.890625,44903.01171875,44426.66015625,44860.30859375,476170000
2024-11-27,44837.75,45003.05859375,44690.23046875,44722.05859375,451360000
2024-11-29,44760.05078125,45071.2890625,44760.05078125,44910.6484375,319210000
2024-12-02,44925.859375,45001.66015625,44710.16015625,44782.0,439740000
2024-12-03,44769.578125,44914.6796875,44574.78125,44705.53125,429130000
2024-12-04,44941.05078125,45073.62890625,44799.73828125,45014.0390625,554420000
2024-12-05,45038.44140625,45059.94140625,44747.140625,44765.7109375,457340000
2024-12-06,44824.2890625,44923.73828125,44596.4609375,44642.51953125,466910000
2024-12-09,44637.96875,44728.51171875,44382.828125,44401.9296875,503920000
2024-12-10,44291.5703125,44470.83984375,44186.66015625,44247.828125,482660000
2024-12-11,44300.41015625,44376.1796875,44135.73828125,44148.55859375,512650000
2024-12-12,44168.66015625,44208.6015625,43903.26953125,43914.12109375,396050000
2024-12-13,43929.1484375,44054.23046875,43790.48046875,43828.05859375,455380000
2024-12-16,43825.76171875,43951.578125,43686.8515625,43717.48046875,579350000
2024-12-17,43656.46875,43656.46875,43336.21875,43449.8984375,593670000
2024-12-18,43459.71875,43688.96875,42300.0390625,42326.87109375,627570000
2024-12-19,42464.12890625,42787.8515625,42334.12890625,42342.23828125,560200000
2024-12-20,42296.26171875,43216.03125,42146.328125,42840.26171875,1121300000
2024-12-23,42800.48828125,42957.7890625,42516.87109375,42906.94921875,449390000
2024-12-24,42916.48046875,43297.6484375,42871.76171875,43297.03125,230410000
2024-12-26,43201.8515625,43373.98046875,43115.08984375,43325.80078125,270350000
2024-12-27,43142.37109375,43238.8515625,42761.55859375,42992.2109375,376960000
2024-12-30,42863.859375,42863.859375,42263.51171875,42573.73046875,383300000
2024-12-31,42636.69921875,42779.69140625,42421.2890625,42544.21875,359210000
2025-01-02,42660.08984375,42905.08984375,42174.80078125,42392.26953125,459850000
2025-01-03,42495.76171875,42782.76171875,42436.921875,42732.12890625,455810000
2025-01-06,42835.51953125,43115.30859375,42611.16015625,42706.55859375,557040000
2025-01-07,42809.7109375,42931.5390625,42380.75,42528.359375,621630000
2025-01-08,42542.1015625,42656.21875,42327.7890625,42635.19921875,463430000
2025-01-10,42540.2890625,42540.2890625,41877.30078125,41938.44921875,543810000
2025-01-13,41924.6796875,42319.6015625,41844.890625,42297.12109375,500190000
2025-01-14,42366.421875,42544.5703125,42157.03125,42518.28125,454650000
2025-01-15,42927.76171875,43323.48828125,42927.76171875,43221.55078125,479110000
2025-01-16,43290.25,43294.80859375,43081.75,43153.12890625,504270000
2025-01-17,43312.55078125,43653.25,43312.55078125,43487.828125,554870000
2025-01-21,43528.6484375,44050.12890625,43528.6484375,44025.80859375,592210000
2025-01-22,44178.05859375,44208.33984375,44042.109375,44156.73046875,588430000
2025-01-23,44113.55078125,44565.26171875,44113.55078125,44565.0703125,444180000
2025-01-24,44533.75,44545.51953125,44332.21875,44424.25,532230000
2025-01-27,44148.83984375,44727.8515625,44026.26953125,44713.578125,1230150000
2025-01-28,44756.359375,44976.3515625,44621.9609375,44850.3515625,915110000
2025-01-29,44819.55078125,44962.578125,44579.1015625,44713.51953125,695190000
2025-01-30,44548.69140625,45008.75,44548.69140625,44882.12890625,714080000
2025-01-31,45054.359375,45054.359375,44507.21875,44544.66015625,768530000
2025-02-03,44268.1484375,44594.5390625,43879.05859375,44421.91015625,712890000
2025-02-04,44469.4609375,44597.7109375,44328.51953125,44556.0390625,561360000
2025-02-05,44563.62890625,44886.87890625,44352.98828125,44873.28125,552040000
2025-02-06,44949.19140625,44966.62890625,44545.26953125,44747.62890625,542250000
2025-02-07,44762.5703125,44857.109375,44279.78125,44303.3984375,552510000
2025-02-10,44396.921875,44622.19140625,44301.421875,44470.41015625,494600000
2025-02-11,44401.37890625,44640.6015625,44319.51171875,44593.6484375,453440000
2025-02-12,44357.69921875,44467.2109375,44104.48046875,44368.55859375,444470000
2025-02-13,44425.94140625,44768.26171875,44366.62109375,44711.4296875,513960000
2025-02-14,44720.98828125,44769.05078125,44498.9609375,44546.078125,474570000
2025-02-18,44583.91015625,44602.01953125,44319.3203125,44556.33984375,551790000
2025-02-19,44478.12109375,44636.19140625,44312.6484375,44627.58984375,438880000
2025-02-20,44561.109375,44561.109375,43950.16015625,44176.6484375,448500000
2025-02-21,43820.12890625,43959.73046875,43349.328125,43428.01953125,622550000
2025-02-24,43493.12109375,43699.1484375,43343.671875,43461.2109375,615500000
2025-02-25,43509.73828125,43767.73828125,43282.98046875,43621.16015625,641310000
2025-02-26,43635.421875,43866.5,43318.9296875,43433.12109375,590270000
2025-02-27,43516.44140625,43884.19140625,43224.53125,43239.5,739620000
2025-02-28,43259.83984375,43873.55078125,43100.87109375,43840.91015625,782170000
2025-03-03,43900.48828125,44033.78125,42919.30859375,43191.23828125,731560000
2025-03-04,43040.30078125,43084.0,42347.75,42520.98828125,815780000
2025-03-05,42518.37109375,43135.921875,42418.73046875,43006.58984375,582350000
2025-03-06,42848.48828125,42970.48828125,42381.55859375,42579.078125,643880000
2025-03-07,42503.0703125,42898.6796875,42175.62109375,42801.71875,763440000
2025-03-10,42507.6484375,42541.359375,41612.921875,41911.7109375,840180000
2025-03-11,41837.94921875,41868.26953125,41175.37109375,41433.48046875,828160000
2025-03-12,41577.5,41721.359375,41010.23828125,41350.9296875,712360000
2025-03-13,41280.05078125,41360.12109375,40661.76953125,40813.5703125,646770000
2025-03-14,41057.5703125,41528.109375,40929.5390625,41488.19140625,600240000
2025-03-17,41460.21875,42013.1015625,41412.75,41841.62890625,564190000
2025-03-18,41772.91015625,41787.25,41415.4296875,41581.30859375,569810000
2025-03-19,41613.19140625,42178.41015625,41613.19140625,41964.62890625,577530000
2025-03-20,41795.26171875,42250.2890625,41695.609375,41953.3203125,545240000
2025-03-21,41763.3984375,42011.3984375,41433.859375,41985.3515625,1026600000
2025-03-24,42180.140625,42638.8515625,42180.140625,42583.3203125,548840000
2025-03-25,42635.5390625,42696.609375,42441.828125,42587.5,452200000
2025-03-26,42655.8515625,42821.828125,42326.671875,42454.7890625,592650000
2025-03-27,42432.9609375,42523.83984375,42142.19140625,42299.69921875,484540000
2025-03-28,42245.8203125,42258.1484375,41530.0,41583.8984375,532360000
2025-03-31,41382.51953125,42147.37890625,41148.12890625,42001.76171875,732220000
2025-04-01,41879.75,42140.66015625,41519.8984375,41989.9609375,514610000
2025-04-02,41736.078125,42382.26953125,41629.69921875,42225.3203125,492050000
2025-04-03,40986.51953125,41173.62109375,40513.109375,40545.9296875,941940000
2025-04-04,40097.8984375,40097.8984375,38264.87109375,38314.859375,1290100000
2025-04-07,37879.6484375,39207.01953125,36611.78125,37965.6015625,1363960000
2025-04-08,38827.1015625,39426.6015625,37103.859375,37645.58984375,1051220000
2025-04-09,37387.91015625,40778.69921875,37275.69140625,40608.44921875,1412960000
2025-04-10,39996.9296875,39996.9296875,38427.69921875,39593.66015625,1023490000
2025-04-11,39493.421875,40404.26953125,39255.2109375,40212.7109375,742800000
2025-04-14,40546.1484375,40778.2890625,40159.01953125,40524.7890625,667010000
2025-04-15,40527.8203125,40791.1796875,40346.94140625,40368.9609375,529800000
2025-04-16,40179.48828125,40416.80078125,39394.75,39669.390625,737550000
2025-04-17,39745.578125,39745.578125,38950.30859375,39142.23046875,657400000
2025-04-21,38906.0390625,38906.0390625,37830.66015625,38170.41015625,604790000
2025-04-22,38516.23046875,39272.03125,38516.23046875,39186.98046875,582330000
2025-04-23,39815.01171875,40376.109375,39487.140625,39606.5703125,642550000
2025-04-24,39531.05078125,40157.91015625,39371.87109375,40093.3984375,558120000
2025-04-25,40045.73046875,40137.30859375,39718.6796875,40113.5,559040000
2025-04-28,40171.73828125,40414.1796875,39869.1015625,40227.58984375,475930000
2025-04-29,40233.98046875,40630.48828125,40222.1796875,40527.62109375,434830000
2025-04-30,40290.41015625,40777.16015625,39745.62890625,40669.359375,599760000
2025-05-01,40918.0390625,41099.51953125,40705.62890625,40752.9609375,597270000
2025-05-02,40960.421875,41386.19140625,40960.421875,41317.4296875,589870000
2025-05-05,41173.37890625,41445.91015625,41063.44140625,41218.828125,413440000
2025-05-06,41000.19140625,41164.328125,40759.41015625,40829.0,416110000
2025-05-07,40956.078125,41266.91015625,40829.2890625,41113.96875,533870000
2025-05-08,41312.5703125,41773.21875,41167.76171875,41368.44921875,514850000
2025-05-09,41405.48046875,41512.4296875,41150.73046875,41249.37890625,373930000
2025-05-12,41899.05078125,42418.05078125,41899.05078125,42410.1015625,653810000
2025-05-13,42507.328125,42507.328125,42132.0390625,42140.4296875,729860000
2025-05-14,42150.08984375,42254.75,41952.859375,42051.05859375,660230000
2025-05-15,41777.98046875,42351.421875,41777.98046875,42322.75,736430000
2025-05-16,42356.19921875,42663.6796875,42232.55859375,42654.73828125,621250000
2025-05-19,42542.80859375,42842.0390625,42337.7109375,42792.0703125,536830000
2025-05-20,42735.109375,42800.0390625,42485.37109375,42677.23828125,441530000
2025-05-21,42354.4609375,42439.26953125,41785.21875,41860.44140625,607900000
2025-05-22,41763.6796875,42090.421875,41714.4296875,41859.08984375,476080000
2025-05-23,41525.69921875,41788.609375,41354.08984375,41603.0703125,497060000
2025-05-27,41849.0390625,42350.66015625,41849.0390625,42343.6484375,501340000
2025-05-28,42361.62890625,42448.71875,42042.26171875,42098.69921875,518840000
2025-05-29,42190.01953125,42266.0,41828.3515625,42215.73046875,665310000
2025-05-30,42192.3515625,42376.078125,41906.16015625,42270.0703125,796200000
2025-06-02,42199.94140625,42317.0,41853.62109375,42305.48046875,454680000
2025-06-03,42304.5,42568.37890625,42186.44140625,42519.640625,504410000
2025-06-04,42574.12890625,42645.0,42427.73828125,42427.73828125,409600000
2025-06-05,42487.890625,42601.44921875,42211.69140625,42319.73828125,532850000
2025-06-06,42631.8203125,42924.55859375,42582.55078125,42762.87109375,414540000
2025-06-09,42786.19140625,42893.08984375,42567.55078125,42761.76171875,485780000
2025-06-10,42738.26953125,42925.94140625,42710.08984375,42866.87109375,446850000
2025-06-11,42882.859375,43115.69140625,42738.62109375,42865.76953125,467260000
2025-06-12,42737.359375,42970.3984375,42606.421875,42967.62109375,455760000
2025-06-13,42579.48046875,42602.48046875,42081.08984375,42197.7890625,485930000
2025-06-16,42300.12890625,42707.73046875,42300.12890625,42515.08984375,467040000
2025-06-17,42358.62109375,42530.828125,42132.6484375,42215.80078125,423070000
2025-06-18,42236.03125,42510.0703125,42118.23046875,42171.66015625,485440000
2025-06-20,42291.08984375,42432.19140625,42089.98828125,42206.8203125,859840000
2025-06-23,42178.55078125,42609.46875,41981.140625,42581.78125,496750000
2025-06-24,42807.12890625,43183.48046875,42794.078125,43089.01953125,516060000
2025-06-25,43130.328125,43130.328125,42871.5,42982.4296875,527460000
2025-06-26,43084.0703125,43430.98828125,43084.0703125,43386.83984375,536710000
2025-06-27,43505.6015625,43966.37109375,43505.6015625,43819.26953125,921330000
2025-06-30,44020.66015625,44138.69140625,43889.16015625,44094.76953125,623630000
2025-07-01,44061.48828125,44604.1484375,44013.5390625,44494.94140625,593600000
2025-07-02,44455.66015625,44557.8203125,44354.01171875,44484.421875,499870000
2025-07-03,44565.75,44885.828125,44550.421875,44828.53125,346620000
2025-07-07,44803.359375,44803.359375,44160.3203125,44406.359375,442350000
2025-07-08,44378.578125,44436.9609375,44201.37109375,44240.76171875,445670000
2025-07-09,44327.12890625,44556.6796875,44225.87890625,44458.30078125,531790000
2025-07-10,44427.75,44775.46875,44372.921875,44650.640625,452340000
2025-07-11,44480.76953125,44480.76953125,44275.25,44371.51171875,474090000
2025-07-14,44346.1484375,44472.12890625,44237.28125,44459.6484375,410250000
2025-07-15,44459.83984375,44504.26953125,44002.390625,44023.2890625,496270000
2025-07-16,44152.73828125,44260.19140625,43758.98046875,44254.78125,450190000
2025-07-17,44229.87890625,44558.05078125,44200.0390625,44484.48828125,455310000
2025-07-18,44571.6796875,44571.6796875,44224.58984375,44342.19140625,497800000
2025-07-21,44368.3984375,44601.8515625,44311.421875,44323.0703125,446590000
2025-07-22,44338.62109375,44542.53125,44272.6015625,44502.44140625,483560000
2025-07-23,44661.12109375,45016.7109375,44638.44140625,45010.2890625,446630000
2025-07-24,44776.41015625,44912.26953125,44674.5703125,44693.91015625,453000000
2025-07-25,44757.28125,44944.4609375,44650.58984375,44901.921875,369500000
2025-07-28,44946.98046875,44946.98046875,44739.9609375,44837.55859375,416510000
2025-07-29,44833.73828125,44883.66015625,44568.828125,44632.98828125,488780000
2025-07-30,44677.8984375,44739.53125,44261.7109375,44461.28125,456840000
2025-07-31,44665.8203125,44665.8203125,44049.01171875,44130.98046875,689040000
2025-08-01,43781.76953125,43781.76953125,43340.6796875,43588.578125,705150000
2025-08-04,43724.01953125,44188.359375,43724.01953125,44173.640625,514180000
2025-08-05,44200.0703125,44308.5,43923.80859375,44111.73828125,455690000
2025-08-06,44196.609375,44290.08984375,44017.7109375,44193.12109375,518970000
2025-08-07,44430.08984375,44498.4296875,43799.19921875,43968.640625,492480000
2025-08-08,44044.94921875,44272.75,44028.94140625,44175.609375,452500000
2025-08-11,44184.359375,44273.03125,43911.30859375,43975.08984375,431510000
2025-08-12,44050.53125,44497.58984375,44050.53125,44458.609375,442850000
2025-08-13,44571.53125,44949.12109375,44571.53125,44922.26953125,521430000
2025-08-14,44890.83984375,44948.69921875,44690.5,44911.26171875,453530000
2025-08-15,45159.91015625,45203.51953125,44897.98046875,44946.12109375,547270000
2025-08-18,44963.171875,44998.828125,44868.3203125,44911.8203125,416460000
2025-08-19,44952.359375,45207.390625,44816.5,44922.26953125,466010000
2025-08-20,44922.69921875,45033.75,44767.96875,44938.30859375,512550000
2025-08-21,44808.2109375,44892.609375,44579.03125,44785.5,407540000
2025-08-22,44952.87890625,45757.83984375,44952.87890625,45631.73828125,484720000
2025-08-25,45605.25,45605.25,45273.08984375,45282.46875,393960000
2025-08-26,45236.828125,45437.62109375,45192.2890625,45418.0703125,490980000
2025-08-27,45417.4609375,45621.078125,45372.78125,45565.23046875,430980000
2025-08-28,45581.03125,45682.828125,45442.6796875,45636.8984375,540880000
2025-08-29,45590.9609375,45616.16015625,45377.2109375,45544.87890625,494870000
2025-09-02,45287.73046875,45295.80859375,44948.16015625,45295.80859375,533180000
2025-09-03,45309.4296875,45309.4296875,44980.359375,45271.23046875,479210000
2025-09-04,45204.87109375,45632.390625,45160.73828125,45621.2890625,457490000
2025-09-05,45656.48828125,45770.19921875,45211.78125,45400.859375,558920000
2025-09-08,45430.609375,45542.55859375,45277.73046875,45514.94921875,472240000
2025-09-09,45547.62109375,45764.19921875,45433.51171875,45711.33984375,449650000
2025-09-10,45731.5,45731.5,45380.05859375,45490.921875,579920000
2025-09-11,45577.08984375,46137.19921875,45577.08984375,46108.0,448340000
2025-09-12,46077.140625,46077.140625,45813.9296875,45834.21875,421730000
2025-09-15,45848.390625,45978.4296875,45771.87890625,45883.44921875,401500000
2025-09-16,45919.5390625,45967.109375,45667.421875,45757.8984375,443400000
2025-09-17,45778.3984375,46261.94921875,45687.58984375,46018.3203125,509830000
2025-09-18,46056.55078125,46317.51953125,45954.73046875,46142.421875,489090000
2025-09-19,46211.16015625,46396.46875,46105.01953125,46315.26953125,972580000
2025-09-22,46206.69140625,46447.12890625,46035.828125,46381.5390625,627450000
2025-09-23,46364.109375,46714.26953125,46217.578125,46292.78125,541530000
2025-09-24,46368.94140625,46453.0703125,46096.390625,46121.28125,421040000
2025-09-25,46097.4296875,46122.421875,45785.171875,45947.3203125,509180000
2025-09-26,46101.44921875,46353.03125,46051.921875,46247.2890625,434270000
2025-09-29,46306.33984375,46387.05859375,46149.05078125,46316.0703125,479740000
2025-09-30,46282.62890625,46425.30078125,46103.390625,46397.890625,584780000
2025-10-01,46366.78125,46528.78125,46276.390625,46441.1015625,552790000
2025-10-02,46461.109375,46589.30859375,46283.5703125,46519.71875,442010000
2025-10-03,46583.94921875,47049.640625,46566.87109375,46758.28125,425050000
2025-10-06,46776.0390625,46846.44921875,46426.9609375,46694.96875,500000000
2025-10-07,46700.8984375,46868.48828125,46448.01953125,46602.98046875,411280000
2025-10-08,46649.3203125,46816.28125,46498.390625,46601.78125,423510000
2025-10-09,46622.30859375,46684.41015625,46271.3984375,46358.421875,493080000
2025-10-10,46394.87890625,46641.73828125,45470.71875,45479.6015625,658100000
2025-10-13,45698.4609375,46153.48828125,45698.4609375,46067.578125,414070000
2025-10-14,45871.890625,46522.671875,45452.03125,46270.4609375,515330000
2025-10-15,46375.171875,46693.33984375,46027.23046875,46253.30859375,488700000
2025-10-16,46289.08984375,46422.33984375,45781.1796875,45952.23828125,481610000
2025-10-17,45862.3984375,46327.0703125,45862.37109375,46190.609375,492870000
2025-10-20,46312.87890625,46759.26953125,46312.87890625,46706.578125,444010000
2025-10-21,46707.078125,47125.66015625,46688.25,46924.73828125,430490000
2025-10-22,46941.55859375,46941.55859375,46461.51953125,46590.41015625,458450000
2025-10-23,46519.12890625,46802.1484375,46490.05859375,46734.609375,407570000
2025-10-24,46811.51171875,47326.73046875,46811.51171875,47207.12109375,403500000
2025-10-27,47412.80078125,47564.51953125,47375.9609375,47544.58984375,426790000
2025-10-28,47752.3515625,47943.16015625,47675.69921875,47706.37109375,603670000
2025-10-29,47746.7890625,48040.640625,47448.58984375,47632.0,683470000
2025-10-30,47446.87890625,48014.921875,47381.91015625,47522.12109375,593890000
2025-10-31,47659.9609375,47718.37890625,47347.28125,47562.87109375,704620000
2025-11-03,47697.328125,47697.328125,47135.9609375,47336.6796875,571740000
2025-11-04,47148.0390625,47274.8984375,46877.05859375,47085.23828125,514650000
2025-11-05,47097.30859375,47460.359375,47041.30859375,47311.0,469010000
2025-11-06,47255.12109375,47359.2890625,46787.44140625,46912.30078125,552150000
2025-11-07,46797.03125,46996.7109375,46495.62109375,46987.1015625,591090000
2025-11-10,47095.05859375,47412.890625,46934.3515625,47368.62890625,490070000
2025-11-11,47384.51171875,47974.37109375,47384.51171875,47927.9609375,454970000
2025-11-12,48015.7890625,48431.5703125,48015.7890625,48254.8203125,497550000
2025-11-13,48173.921875,48233.25,47411.1015625,47457.21875,608110000
2025-11-14,47222.37890625,47380.0703125,46863.05078125,47147.48046875,552330000
2025-11-17,47068.05859375,47202.55859375,46430.26953125,46590.23828125,503830000
2025-11-18,46382.921875,46382.921875,45913.6015625,46091.73828125,596360000
2025-11-19,46138.6796875,46299.12890625,45905.19140625,46138.76953125,555370000
2025-11-20,46567.51171875,46856.75,45728.9296875,45752.26171875,721440000
2025-11-21,45808.6484375,46577.5,45781.578125,46245.41015625,790560000
2025-11-24,46351.9296875,46587.7109375,46108.01171875,46448.26953125,743580000
2025-11-25,46482.359375,47182.8984375,46341.3515625,47112.44921875,648860000
2025-11-26,47196.1484375,47571.3984375,47196.1484375,47427.12109375,454980000
2025-11-28,47482.25,47750.76953125,47475.609375,47716.421875,272500000
2025-12-01,47580.8515625,47676.03125,47271.109375,47289.328125,482190000
2025-12-02,47416.91015625,47597.109375,47263.921875,47474.4609375,510900000
2025-12-03,47371.62109375,47969.640625,47371.62109375,47882.8984375,490380000
2025-12-04,47888.16015625,48049.71875,47692.9609375,47850.94140625,498740000
2025-12-05,47879.6015625,48133.5390625,47871.51171875,47954.98828125,456100000
2025-12-08,47971.51171875,47971.51171875,47611.9296875,47739.3203125,505490000
2025-12-09,47724.51953125,47957.7890625,47533.6015625,47560.2890625,425470000
2025-12-10,47573.9609375,48197.30078125,47462.94140625,48057.75,545610000
2025-12-11,48082.8984375,48756.33984375,48082.8984375,48704.01171875,493950000
2025-12-12,48714.75,48886.859375,48334.1015625,48458.05078125,495830000
2025-12-15,48594.359375,48679.140625,48283.26953125,48416.55859375,516630000
2025-12-16,48380.171875,48452.171875,47946.25,48114.26171875,457400000
2025-12-17,48128.05078125,48387.328125,47856.7890625,47885.96875,534260000
2025-12-18,48101.1796875,48365.9296875,47849.48046875,47951.8515625,521430000
2025-12-19,47974.8203125,48289.62890625,47974.8203125,48134.890625,1227520000
2025-12-22,48211.87890625,48457.46875,48199.12890625,48362.6796875,427050000
2025-12-23,48320.58984375,48527.5,48254.30859375,48442.41015625,418920000
2025-12-24,48424.7109375,48771.3203125,48386.58984375,48731.16015625,206740000
2025-12-26,48712.46875,48782.0,48589.0703125,48710.96875,288770000
2025-12-29,48636.62890625,48704.828125,48390.91015625,48461.9296875,321850000
2025-12-30,48434.87890625,48471.69921875,48297.26171875,48367.05859375,282570000
2025-12-31,48371.51953125,48394.51171875,48050.87890625,48063.2890625,336060000
2026-01-02,48105.98046875,48404.05859375,47853.0390625,48382.390625,465060000
2026-01-05,48475.80859375,49209.94921875,48449.62109375,48977.1796875,578580000
2026-01-06,48987.359375,49509.921875,48923.828125,49462.078125,541220000
2026-01-07,49512.71875,49621.4296875,48951.98828125,48996.078125,506140000
2026-01-08,48850.171875,49357.73828125,48792.33984375,49266.109375,515070000
2026-01-09,49234.80859375,49571.41015625,49197.05859375,49504.0703125,444480000
2026-01-12,49499.671875,49633.3515625,49011.30859375,49590.19921875,516430000
2026-01-13,49616.94921875,49616.94921875,49056.30859375,49191.98828125,549950000
2026-01-14,49088.25,49195.1015625,48851.98046875,49149.62890625,530670000
2026-01-15,49201.1015625,49581.1796875,49201.1015625,49442.44140625,541520000
2026-01-16,49466.69921875,49616.69921875,49246.23828125,49359.328125,992970000
2026-01-20,49005.01171875,49005.01171875,48428.12890625,48488.58984375,676030000
2026-01-21,48546.03125,49295.03125,48546.03125,49077.23046875,600840000
2026-01-22,49201.80859375,49607.2890625,49201.80859375,49384.01171875,455130000
2026-01-23,49264.5390625,49265.4609375,48963.05078125,49098.7109375,461030000
2026-01-26,49137.6484375,49488.80859375,49137.6484375,49412.3984375,454370000
2026-01-27,49103.578125,49157.80078125,48862.51953125,49003.41015625,533780000
2026-01-28,49024.6796875,49150.33984375,48901.48828125,49015.6015625,470990000
2026-01-29,48938.26953125,49292.80859375,48597.21875,49071.55859375,693040000
2026-01-30,48991.62109375,49047.6796875,48459.87890625,48892.46875,761990000
2026-02-02,48777.76953125,49484.94921875,48673.578125,49407.66015625,632100000
2026-02-03,49358.58984375,49653.12890625,48832.78125,49240.98828125,741310000
2026-02-04,49323.58984375,49649.859375,49112.4296875,49501.30078125,742920000
2026-02-05,49313.0390625,49340.8984375,48829.1015625,48908.71875,710270000
2026-02-06,49032.19140625,50169.6484375,49032.19140625,50115.671875,775490000
2026-02-09,50047.7890625,50219.3984375,49837.44921875,50135.87109375,623640000
2026-02-10,50193.48828125,50512.7890625,50115.03125,50188.140625,532700000
2026-02-11,50243.1484375,50499.0390625,49901.609375,50121.3984375,569380000
2026-02-12,50170.26953125,50447.01171875,49420.28125,49451.98046875,765340000
2026-02-13,49439.578125,49743.98046875,49084.3515625,49500.9296875,597100000
2026-02-17,49525.37109375,49732.37109375,49169.83984375,49533.19140625,558570000
2026-02-18,49571.921875,49897.30859375,49469.05859375,49662.66015625,493390000
2026-02-19,49576.21875,49606.171875,49197.53125,49395.16015625,439980000
2026-02-20,49323.0,49712.55859375,49158.28125,49625.96875,574810000
2026-02-23,49536.5390625,49695.609375,48731.4609375,48804.05859375,574610000
2026-02-24,48827.80078125,49295.2109375,48752.73828125,49174.5,524270000
2026-02-25,49357.62890625,49517.359375,49206.87109375,49482.1484375,541620000
2026-02-26,49544.578125,49815.21875,49237.37890625,49499.19921875,684630000
2026-02-27,49253.5703125,49253.5703125,48678.78125,48977.921875,811800000
2026-03-02,48794.421875,49064.671875,48377.9609375,48904.78125,552340000
2026-03-03,48493.109375,48695.359375,47626.8515625,48501.26953125,533540000
2026-03-04,48589.76953125,48854.05078125,48354.37109375,48739.41015625,511380000
2026-03-05,48526.73046875,48526.73046875,47577.109375,47954.73828125,625110000
2026-03-06,47634.55078125,47634.55078125,47009.01171875,47501.55078125,541850000
2026-03-09,47371.28125,47876.05859375,46615.51953125,47740.80078125,560020000
2026-03-10,47771.4296875,48220.5390625,47444.23046875,47706.51171875,490360000
2026-03-11,47690.76171875,47711.26171875,47185.890625,47417.26953125,419500000
2026-03-12,47242.51953125,47242.51953125,46662.23046875,46677.8515625,535900000
2026-03-13,46689.23828125,47123.98828125,46494.62890625,46558.46875,453250000
2026-03-16,46707.3984375,47176.140625,46707.3984375,46946.41015625,514980000
2026-03-17,47085.53125,47428.12109375,46975.51953125,46993.26171875,479900000
2026-03-18,46913.9296875,46913.9296875,46193.05859375,46225.1484375,472020000
2026-03-19,46134.87109375,46247.21875,45733.69921875,46021.4296875,482890000
2026-03-20,45975.6484375,46068.30859375,45369.390625,45577.46875,1044540000
2026-03-23,45803.8203125,46712.328125,45803.8203125,46208.46875,530140000
2026-03-24,46099.859375,46400.8203125,45769.69140625,46124.05859375,474450000
2026-03-25,46314.23828125,46718.421875,46196.91015625,46429.48828125,462990000
2026-03-26,46344.640625,46547.58984375,45910.75,45960.109375,505010000
2026-03-27,45904.25,45904.25,45063.328125,45166.640625,555090000
2026-03-30,45283.05859375,45625.76171875,45057.28125,45216.140625,540680000
2026-03-31,45541.76171875,46383.3984375,45480.30078125,46341.51171875,639410000
2026-04-01,46396.12109375,46803.359375,46396.12109375,46565.73828125,604140000
2026-04-02,46469.359375,46754.71875,45897.23828125,46504.671875,446710000
2026-04-06,46472.19921875,46701.1015625,46354.94921875,46669.87890625,339870000
2026-04-07,46744.76171875,46744.76171875,46214.76953125,46584.4609375,450740000
2026-04-08,46978.171875,48017.08984375,46978.171875,47909.921875,523710000
2026-04-09,47840.62890625,48323.94921875,47690.26953125,48185.80078125,445240000
2026-04-10,48199.390625,48235.05859375,47856.1796875,47916.5703125,477060000
2026-04-13,47718.2109375,48221.37109375,47505.96875,48218.25,455850000
2026-04-14,48272.03125,48592.2890625,48192.30078125,48535.98828125,527910000
2026-04-15,48549.140625,48709.01171875,48281.62109375,48463.71875,529870000
2026-04-16,48557.8203125,48683.44921875,48337.37890625,48578.71875,456610000
2026-04-17,48788.80859375,49717.98046875,48788.80859375,49447.4296875,585650000
2026-04-20,49422.37109375,49489.62890625,49245.6015625,49442.55859375,411270000
2026-04-21,49688.37109375,49848.69140625,49046.5390625,49149.37890625,476630000
2026-04-22,49271.5,49624.48046875,49271.5,49490.03125,426410000
2026-04-23,49284.8515625,49522.94140625,48861.30859375,49310.3203125,455470000
2026-04-24,49320.2890625,49393.33984375,49085.75,49230.7109375,536950000
2026-04-27,49112.19921875,49353.69140625,49029.46875,49167.7890625,514570000
2026-04-28,49276.80078125,49381.328125,49077.75,49141.9296875,508210000
2026-04-29,49163.78125,49163.78125,48708.5703125,48861.80859375,453280000
2026-04-30,48762.9296875,49753.26171875,48762.9296875,49652.140625,733120000
2026-05-01,49832.5703125,49988.55859375,49496.46875,49499.26953125,465300000
2026-05-04,49416.66015625,49441.4296875,48913.05859375,48941.8984375,439460000
2026-05-05,49037.12109375,49365.21875,49009.109375,49298.25,395600000
2026-05-06,49442.19140625,50011.53125,49442.19140625,49910.58984375,552640000
2026-05-07,50002.390625,50130.19921875,49487.96875,49596.96875,482010000
2026-05-08,49581.08984375,49830.69921875,49486.9609375,49609.16015625,456510000
2026-05-11,49549.0703125,49771.23828125,49475.78125,49704.46875,493230000
2026-05-12,49739.62109375,49823.94140625,49307.66015625,49760.55859375,498360000
2026-05-13,49674.578125,49747.609375,49451.0,49693.19921875,485990000
2026-05-14,49843.578125,50200.5390625,49843.578125,50063.4609375,504090000
2026-05-15,49930.26171875,49930.26171875,49503.5703125,49526.171875,587920000
2026-05-18,49481.0390625,49761.16015625,49352.55859375,49686.12109375,461520000
2026-05-19,49696.53125,49696.53125,49245.109375,49363.87890625,494840000
2026-05-20,49348.828125,50067.21875,49235.73828125,50009.3515625,513230000
2026-05-21,49983.80078125,50381.41015625,49697.46875,50285.66015625,560940000
2026-05-22,50434.6484375,50830.23828125,50434.6484375,50579.69921875,463470000
2026-05-26,50686.1484375,50785.6796875,50356.640625,50461.6796875,530360000
2026-05-27,50487.16015625,50830.41015625,50487.16015625,50644.28125,503580000
2026-05-28,50660.98046875,50764.0390625,50314.33984375,50668.96875,505090000
2026-05-29,50773.91015625,51094.1796875,50698.26953125,51032.4609375,894700000
2026-06-01,51161.1015625,51161.1015625,50767.3203125,51078.87890625,625190000
2026-06-02,50912.83984375,51369.609375,50829.55078125,51307.7890625,548760000
2026-06-03,51220.921875,51220.921875,50687.0703125,50687.0703125,546850000
2026-06-04,50986.1015625,51657.890625,50986.1015625,51561.9296875,520670000
2026-06-05,51610.01953125,51660.3984375,50781.44921875,50866.78125,638680000
2026-06-08,50997.23046875,51277.1484375,50732.3515625,50786.01171875,477180000
2026-06-09,50814.421875,51260.921875,50211.12109375,50872.109375,566610000
2026-06-10,50760.12109375,50769.26171875,49909.0703125,49918.78125,503790000
2026-06-11,49972.0703125,50968.94921875,49972.0703125,50848.75,516860000
2026-06-12,51148.73046875,51409.69921875,50827.83984375,51202.26171875,427710000
2026-06-15,51364.55078125,51945.890625,51364.55078125,51671.03125,509660000
2026-06-16,51712.62890625,52190.2890625,51712.62890625,51999.671875,447100000
2026-06-17,51937.55859375,52281.19140625,51392.578125,51492.55078125,496040000
2026-06-18,51571.8515625,51949.26171875,51554.53125,51564.69921875,985370000
2026-06-22,51555.19140625,51887.8515625,51555.19140625,51712.7109375,529120000
2026-06-23,51735.640625,51872.55859375,51301.76953125,51666.83984375,548870000
2026-06-24,51660.75,52248.69140625,51617.73046875,51848.8984375,560270000
2026-06-25,52009.01953125,52655.66015625,51857.78125,51920.62109375,639230000
2026-06-26,51803.76953125,52130.0703125,51614.73828125,51876.109375,1297680000
2026-06-29,51995.140625,52311.62890625,51949.5390625,52182.73828125,580440000
2026-06-30,52168.1796875,52387.44921875,52033.12890625,52319.19921875,622980000
2026-07-01,52231.1796875,52742.66015625,52026.640625,52305.23828125,622970000
2026-07-02,52395.21875,52903.8515625,52395.21875,52900.0703125,548820000
2026-07-06,52828.44921875,53060.1015625,52648.69140625,53055.91015625,467390000
2026-07-07,53104.05859375,53289.30078125,52774.171875,52925.1484375,442010000
2026-07-08,52758.46875,52758.46875,52069.87109375,52348.390625,454130000
2026-07-09,52249.44140625,52574.890625,52249.44140625,52487.41015625,456760000
2026-07-10,52622.921875,52709.75,52266.80859375,52637.01171875,408090000
2026-07-13,52676.53125,52846.51171875,52351.12109375,52498.640625,399240000
2026-07-14,52046.359375,52695.05859375,52046.359375,52508.26953125,464870000
2026-07-15,52604.19921875,52823.94921875,52428.5390625,52658.640625,506020000
2026-07-16,52924.859375,52924.859375,52367.421875,52552.96875,528320000
2026-07-17,52426.4609375,52610.96875,51986.73828125,52146.421875,549690000
2026-07-20,52154.5703125,52411.8984375,51781.8984375,51839.26171875,397690000
2026-07-21,51916.7890625,52370.6484375,51890.1015625,52224.640625,404610000
2026-07-22,52287.140625,52511.2109375,52148.87109375,52218.578125,449100000
2026-07-23,51755.5390625,51885.140625,51542.05859375,51711.6484375,496570000
2026-07-24,51791.37109375,52118.19140625,51682.359375,51947.25,437530000
2026-07-27,52173.421875,52607.78125,51985.37890625,52210.078125,487490000
2026-07-28,52492.87890625,52901.87109375,52443.51953125,52747.3203125,544740000
2026-07-29,52674.2109375,52674.2109375,51551.1796875,51594.140625,531850000
2026-07-30,52114.26953125,52266.44921875,51655.51953125,52208.05859375,631410000
2026-07-31,52235.03125,52623.140625,51996.3203125,52485.03125,697510000
2026-08-03,52759.05859375,53230.078125,52759.05859375,53178.41015625,598420000
2026-08-04,53641.2109375,54272.6015625,53641.2109375,54085.87890625,580350000
2026-08-05,54266.12109375,54744.328125,54266.12109375,54349.12109375,519020000
2026-08-06,54426.8515625,54502.87109375,53835.01953125,53885.1015625,416810000
2026-08-07,53849.26171875,54094.6484375,53807.94140625,54036.9296875,378680000
2026-08-10,54072.66015625,54072.66015625,53850.19140625,53975.98046875,413890000
2026-08-11,53961.6015625,54222.8515625,53746.4296875,53791.8515625,379390000
2026-08-12,53797.46875,53969.359375,53731.9609375,53770.26953125,410990000
2026-08-13,53828.55078125,54049.140625,53622.4609375,53839.98828125,417340000
2026-08-14,53842.80078125,53890.83984375,53673.46875,53732.41015625,319610000
2026-08-17,53663.109375,53663.109375,53395.23046875,53459.78125,436700000
2026-08-18,53354.4296875,53478.76171875,53256.33984375,53343.3984375,427990000
2026-08-19,53463.46875,53710.05859375,53399.53125,53463.05078125,451460000
2026-08-20,53381.21875,53381.21875,52754.8984375,52759.2109375,434340000
2026-08-21,52768.87109375,53355.921875,52768.87109375,53277.01171875,424060000
2026-08-24,53261.94921875,53508.1796875,53261.94921875,53417.16015625,416030000
2026-08-25,53594.921875,53675.3203125,53386.37109375,53577.3984375,392910000
2026-08-26,53547.6796875,53639.75,53379.3984375,53463.87890625,426130000
2026-08-27,53613.66015625,53707.62109375,53345.62109375,53569.44140625,640810000
2026-08-28,53611.94140625,53819.6484375,53489.41015625,53559.98828125,507510000
2026-08-31,53462.6015625,53462.6015625,53123.62109375,53185.8984375,489140000
2026-09-01,53083.578125,53176.6015625,52691.30859375,52766.87890625,403940000
2026-09-02,52829.578125,53227.5,52829.578125,53061.94921875,414520000
2026-09-03,53309.171875,53746.5,53286.1484375,53686.109375,410260000
2026-09-04,53584.890625,53635.3515625,53289.87890625,53414.25,381130000
2026-09-08,53110.44921875,53110.44921875,52721.62109375,52786.0703125,417970000
2026-09-09,52707.8984375,52707.8984375,52314.609375,52380.66015625,403100000
2026-09-10,52291.8515625,52291.8515625,51962.7109375,52064.1015625,397900000
2026-09-11,52204.4609375,52720.23828125,52204.4609375,52573.2890625,354460000
2026-09-14,52750.87890625,52750.87890625,52278.890625,52421.19921875,442650000
2026-09-15,52303.23828125,52336.609375,51875.6484375,52093.109375,374460000
2026-09-16,52115.3984375,52173.69921875,51186.671875,51461.8984375,395270000
2026-09-17,51882.53125,51935.96875,51607.6484375,51778.0390625,406100000
2026-09-18,51826.78125,51826.78125,51497.46875,51682.640625,846980000
2026-09-21,51936.76171875,52128.578125,51747.6796875,52048.828125,444350000
2026-09-22,52301.921875,52319.01171875,51726.078125,51863.69140625,444770000
2026-09-23,51771.41015625,51846.80859375,51477.53125,51511.58984375,428070000
2026-09-24,51415.75,51485.96875,51124.01953125,51349.98046875,390410000
2026-09-25,51359.69921875,51874.94140625,51339.23828125,51828.62109375,387540000
2026-09-28,51648.48046875,51780.5,51409.6484375,51481.51171875,455450000
2026-09-29,51416.9609375,51505.19140625,51129.1796875,51349.921875,386240000
2026-09-30,51424.83984375,51473.9296875,50906.05078125,50906.05078125,487860000
2026-10-01,51008.359375,51179.78125,50546.5390625,50926.55859375,476440000
2026-10-02,51241.1796875,51382.87890625,50950.609375,51176.9609375,548950000
2026-10-05,51199.25,51404.859375,50862.8515625,51267.8984375,472440000
2026-10-06,51444.1015625,51672.25,51422.8984375,51521.28125,404910000
2026-10-07,51406.44140625,51406.44140625,50917.421875,51179.87109375,361940000
2026-10-08,51105.0390625,51230.4609375,50939.0,51106.171875,139244913
2026-10-09,51258.94921875,51765.109375,51258.94921875,51654.94921875,339470000
