Date,Open,High,Low,Close,Volume
2020-10-05,110.3944854044891,113.04992078729782,110.04559522059488,112.90454864501952,106243800
2020-10-06,112.12925207481908,112.53629561221868,108.78572927732188,109.66764831542967,161498200
2020-10-07,111.08258643963453,111.9838849635665,110.60770355491992,111.52838897705078,96849000
2020-10-08,112.66227875286972,112.80765091391856,111.05350632008393,111.42178344726562,83477200
2020-10-09,111.72221622412157,113.38913459955496,111.37332598768504,113.3600616455078,100506900
2020-10-12,116.35469065538148,121.31667922649164,115.5987642975422,120.56075286865234,240226800
2020-10-13,121.40388985664498,121.5201890553274,115.957340112208,117.36258697509766,262330500
2020-10-14,117.26568290980406,119.23303161360832,115.9282753037238,117.44982147216795,150712000
2020-10-15,115.0560520589753,117.459509897586,114.50364375467132,116.98463439941406,112559200
2020-10-16,117.53703239008934,117.79870373934006,115.14326081684209,115.3467788696289,115393800
2020-10-19,116.25777640664252,116.70357893346838,112.09048805904364,112.4006118774414,120639300
2020-10-20,112.6138317944566,115.30804162507587,112.06142343437362,113.88340759277344,124423700
2020-10-21,113.06930582021845,115.04634782768704,112.85609432030498,113.2631378173828,89946000
2020-10-22,113.82524295280672,114.39703815641964,111.05350797811872,112.1777114868164,101988000
2020-10-23,112.7979509803998,112.95301658165369,110.75306957595656,111.48961639404295,82572600
2020-10-26,110.49141665682858,112.95302786819327,109.39628607186556,111.49932098388672,111850700
2020-10-27,111.92572130525396,113.66047883675716,111.00504336225823,113.00146484375,92276800
2020-10-28,111.49930623671789,111.86757593688382,107.67120751132958,107.76811981201172,143937800
2020-10-29,108.90202494425338,113.32129125851726,108.73726588721904,111.76097869873048,146129200
2020-10-30,107.63243577844652,108.53373417860142,104.39551925367714,105.50033569335938,190272600
2020-11-02,105.74262715568275,107.26417322328108,104.00786958662285,105.41311645507812,122866900
2020-11-03,106.27565935922766,108.04917599163862,105.3743608699318,107.03158569335938,107624400
2020-11-04,110.61737510643056,112.02262179632524,108.8826177578012,111.40237426757812,138235500
2020-11-05,114.3097825085677,115.9282479984824,113.26311946917431,115.35645294189452,126387100
2020-11-06,114.8662234022807,115.72053342058037,112.74014741905776,115.22542572021484,114457900
2020-11-09,116.98257616030648,118.4290806298261,112.66247568801708,112.92459106445312,154515300
2020-11-10,112.1770700305599,114.1575154107118,110.7985145508788,112.58480834960938,138023400
2020-11-11,113.76920185962484,116.13797271482636,113.0410945158488,116.00205993652344,112295000
2020-11-12,116.12829076811845,117.01172398546105,115.1089373414155,115.73025512695312,103162300
2020-11-13,115.95353941713331,116.1768215513752,114.42936813634326,115.77879333496094,81581900
2020-11-16,115.44869936969526,117.45827535475048,114.70117908437908,116.78842163085938,91183000
2020-11-17,116.06030136728332,117.14760347947474,115.48751979887663,115.90496826171876,74271000
2020-11-18,115.14775777417243,116.32243681277676,114.55556316864666,114.58468627929688,76322100
2020-11-19,114.1575190169027,115.58461058534772,113.4002885699786,115.17687225341795,74113000
2020-11-20,115.17685036469577,115.30305294630205,113.8662588858831,113.914794921875,73604300
2020-11-23,113.7595015449486,114.18666026045103,110.42962337461562,110.52670288085938,127959300
2020-11-24,110.58495899509562,112.46832515996194,109.30348281979012,111.80817413330078,113874200
2020-11-25,112.17708182311868,113.3420506876384,111.80816933755736,112.64306640625,76499200
2020-11-27,113.1673012347678,114.06044449798334,112.82751927666312,113.18671417236328,46691300
2020-11-30,113.55564179657073,117.43888162256027,113.40030864831888,115.5749282836914,169410200
2020-12-01,117.47769537507614,119.865886582141,116.50688558000796,119.13777923583984,127728200
2020-12-02,118.45821829004096,119.76881755329892,117.36120579212972,119.4872817993164,89004200
2020-12-03,119.91442821402666,120.16684084637636,118.64266969338424,119.3513641357422,78967600
2020-12-04,119.02129291081638,119.27370556007313,117.97281643546545,118.68151092529295,78260400
2020-12-07,118.73976473634818,120.93379733643135,118.68151850844872,120.13773345947266,86712000
2020-12-08,120.73961821864586,121.33181279274314,119.49697544555106,120.74932098388672,82225500
2020-12-09,120.8949389531883,122.27348704305484,117.46798166489454,118.22521209716795,115089200
2020-12-10,116.98259162067868,120.2542236129108,116.64280964087811,119.64260864257812,81312200
2020-12-11,118.85623544540636,119.17660443365664,117.03111582087004,118.83682250976562,86939800
2020-12-14,119.0212758088773,119.7493831332465,117.99221982724325,118.22521209716795,79184500
2020-12-15,120.710502983975,124.16659136683006,120.5066337877432,124.1471710205078,157243700
2020-12-16,123.69088274191743,124.62285187377786,122.86568846942772,124.0792007446289,98208600
2020-12-17,125.13735812529592,125.79751639112722,124.30246123265556,124.94319915771484,94359800
2020-12-18,125.1956495157238,125.33156230733624,122.43854558581786,122.96278381347656,192541500
2020-12-21,121.37064729644923,124.56461267355203,119.84647608918172,124.48694610595705,121251600
2020-12-22,127.76827272564633,130.48654300822767,125.86547908382497,128.0303955078125,168904800
2020-12-23,128.30222925734495,128.5643372428869,126.9625069666015,127.13726043701172,88223700
2020-12-24,127.48673172125208,129.56426380208862,127.2731524108818,128.1177520751953,54930100
2020-12-28,130.07879843395568,133.33100207588342,129.61279910731304,132.69998168945312,124486200
2020-12-29,134.02033501416818,134.7387249955213,130.41862308583973,130.9331512451172,121047300
2020-12-30,131.62238763508643,132.02042318765425,129.50601467789232,129.81668090820312,96452100
2020-12-31,130.16621309475406,130.80695128204687,127.87510078750748,128.81678771972656,99116600
2021-01-04,129.62252069116946,129.70989001259753,123.05984477192808,125.63249206542967,143301900
2021-01-05,125.12765639008194,127.89446984433803,124.6810774289331,127.1857681274414,97664900
2021-01-06,123.99181236659304,127.2246103486652,122.69092355595951,122.90450286865234,155088000
2021-01-07,124.61312599281324,127.78767766361116,124.12772117277476,127.09839630126952,109578200
2021-01-08,128.56433221406948,128.75850602101508,126.42855365810289,128.1954345703125,105158200
2021-01-11,125.41888812004234,126.37027733118572,124.7490271604798,125.21501159667967,100384500
2021-01-12,124.74905257493836,125.90431854480056,123.1569251813032,125.04029846191406,91951100
2021-01-13,125.00148312714684,127.61296424812168,124.73937510775554,127.0693130493164,88636800
2021-01-14,126.98192465387714,127.17608365097324,125.00146436870398,125.1470947265625,90221800
2021-01-15,125.02090736816824,126.41887610200494,123.2928667981158,123.42877960205078,111598500
2021-01-19,124.0500817278194,124.9529425933155,123.23460500719132,124.09862518310548,90757300
2021-01-20,124.9044008833116,128.62260444676102,124.79761120554318,128.176025390625,104319500
2021-01-21,129.89436203777117,135.59301116722563,129.69048544958548,132.87474060058594,120150900
2021-01-22,132.30197582810845,135.7677743821565,131.07876065141238,135.0105438232422,114459400
2021-01-25,138.89376878953092,140.8547939706266,132.55436700322258,138.74813842773438,157611700
2021-01-26,139.40832944748692,140.08789352147755,137.24341236503608,138.98117065429688,98390600
2021-01-27,139.24322781199024,140.08784232197448,136.31139319096383,137.91322326660156,140843800
2021-01-28,135.4473779641581,137.84527918740616,132.7096874093382,133.0883026123047,142621100
2021-01-29,131.86509178375854,132.7485322226158,126.40914566020652,128.10806274414062,177523800
2021-02-01,129.84582625364877,131.42825115687322,127.1081351803439,130.2244415283203,106239800
2021-02-02,131.76799601841705,132.33106742025004,130.6806938981219,131.0496063232422,83305400
2021-02-03,131.7971241921303,131.80684177003687,129.70988918879502,130.03025817871094,89880900
2021-02-04,132.3213832150557,133.38926514344303,130.66129188255576,133.3795623779297,84183100
2021-02-05,133.54001472396752,133.60806525933478,132.09134092233725,132.96636962890625,75693800
2021-02-08,132.25660382908822,133.1608138714623,131.1773940055882,133.11219787597656,71297200
2021-02-09,132.83018564701385,134.05524301099237,132.081555964042,132.2371063232422,76774200
2021-02-10,132.6941448267895,133.19000731082727,130.67184065877828,131.63438415527344,73046600
2021-02-11,132.13019115518452,132.6066041234454,130.05928645451803,131.38156127929688,64280000
2021-02-12,130.62321880046613,131.7704791984505,129.98152323777,131.6149139404297,60145100
2021-02-16,131.731578673249,132.23714344471992,129.10646349095452,129.49537658691406,80576300
2021-02-17,127.6092016891494,128.55229564276027,125.87857903594,127.2105712890625,97918500
2021-02-18,125.6160684389903,126.39387989777283,123.87572846648808,126.11193084716795,96856700
2021-02-19,126.62724075405676,127.08420447655752,125.22718295197116,126.26749420166016,87668800
2021-02-22,124.45906002205308,126.1216319880877,122.11591609767342,122.50482177734376,103916400
2021-02-23,120.32693769969762,123.19510263892172,115.1058971794824,122.36868286132812,158273000
2021-02-24,121.4742179705755,122.07701467726876,118.83939315022482,121.87284088134766,111039900
2021-02-25,121.22144033722896,122.9520628532438,117.19628243074794,117.63379669189452,148199500
2021-02-26,119.18942513713463,121.38673620225252,117.83798347678476,117.89632415771484,164560400
2021-03-01,120.31724465842385,124.381294108041,119.38387540817448,124.24517822265624,116307900
2021-03-02,124.84795308822623,125.14935141817736,121.54226646804835,121.6492156982422,102260900
2021-03-03,121.34782670099902,122.2228626062094,118.46021192268417,118.67411041259766,112966300
2021-03-04,118.37271790565526,120.1713983779594,115.3295451588436,116.7976531982422,178155000
2021-03-05,117.62409026429847,118.5574595470923,114.30867806869652,118.0518798828125,153766600
2021-03-08,117.575447007724,117.64350493701028,112.98637686796792,113.13221740722656,154376600
2021-03-09,115.72817884872909,118.67412730069942,115.49483838005337,117.73103332519533,129525800
2021-03-10,118.31438961434448,118.78107052799324,116.1365206247856,116.65182495117188,111943300
2021-03-11,119.14080190524842,119.79221465640563,117.89630965893046,118.57688903808594,103026500
2021-03-12,117.06016987865702,117.80880722667212,115.8545688924242,117.67269134521484,88105100
2021-03-15,118.04216378802695,120.5603151981738,117.07962044686742,120.55059051513672,92403800
2021-03-16,122.21313740579694,123.69097746560344,121.26032630464678,122.08674621582033,115227900
2021-03-17,120.60890560077928,122.3686945512962,118.94633378896354,121.29920959472656,111932600
2021-03-18,119.47137236768086,119.7630534964986,116.98238776140391,117.18656158447266,121229700
2021-03-19,116.57402966087284,118.06158696536843,116.36013117462356,116.66152954101562,185549500
2021-03-22,116.99211676480378,120.43392009028167,116.92405882126718,119.96723175048828,111912300
2021-03-23,119.90889482634996,120.79364806529564,118.75190240381558,119.14080810546876,95467100
2021-03-24,119.41304074611716,119.49082337056949,116.739324227083,116.7587661743164,88530500
2021-03-25,116.2240268102074,118.28522184257632,115.69900522410136,117.2448959350586,98844700
2021-03-26,117.01153462244342,118.1101935933214,115.6212019897832,117.8476791381836,94071200
2021-03-29,118.2754719555508,119.1796743693097,117.3809942221732,118.0226821899414,80819200
2021-03-30,116.77821710252674,117.06017355662124,115.56289139578809,116.57404327392578,85671900
2021-03-31,118.2754893260196,120.09361168317854,117.78935908416813,118.7616195678711,118323800
2021-04-01,120.22973871260608,120.7353109160336,119.09218827381586,119.58804321289062,75089100
2021-04-05,120.433912742921,122.6603902138714,119.65610136330406,122.40760040283205,88651200
2021-04-06,122.99095607539736,123.60347753407522,122.16453611496428,122.70899963378906,80171300
2021-04-07,122.33954050731288,124.37156139198876,121.66867838856396,124.35211944580078,83466700
2021-04-08,125.37300543377472,126.7730631164712,124.9549404833828,126.743896484375,88844600
2021-04-09,126.19942288071834,129.34953758105655,125.87857511762488,129.31065368652344,106686700
2021-04-12,128.84397969384253,129.1648274741665,127.00640774145585,127.5994873046875,91420000
2021-04-13,128.76618458654,130.9246041100814,128.27032223067465,130.7009735107422,91266500
2021-04-14,131.19683535032675,131.25516860713591,128.00782207026887,128.3675537109375,87222800
2021-04-15,130.10788255759607,131.2551426089829,129.93286798631627,130.76901245117188,89347100
2021-04-16,130.57457716887737,130.9343087763494,129.5828673880838,130.43846130371094,84922400
2021-04-19,129.80647084298718,131.71210761044756,129.64118836775324,131.09957885742188,94264200
2021-04-20,131.27463922976452,131.7704868284577,128.15367596540483,129.41761779785156,94812300
2021-04-21,128.6884221419856,130.0398638721709,127.65782821133617,129.7967987060547,68847100
2021-04-22,129.34955290809418,130.42876284437168,127.76477810538648,128.2800750732422,84566500
2021-04-23,128.49395363729542,131.37183646308597,128.49395363729542,130.5940399169922,78657500
2021-04-26,131.08990519751984,131.31352099303626,129.85513001828372,130.9829559326172,66905100
2021-04-27,131.26489090705445,131.65380402656527,130.38986235031263,130.66209411621094,66015800
2021-04-28,130.5843034959248,131.27461496858584,129.38842725213598,129.8745574951172,107760100
2021-04-29,132.6843927517533,133.26775499092827,128.77590135452442,129.77732849121094,151101000
2021-04-30,128.12446244748273,129.85508461220547,127.43416593536529,127.81334686279295,109839500
2021-05-03,128.37728825955,130.35099100560777,128.17312183322954,128.86341857910156,75135100
2021-05-04,127.55086673903944,127.84254787757098,123.18541143255057,124.3035125732422,137564700
2021-05-05,125.6160628098282,126.83138852361432,124.42018646140798,124.5465850830078,84000900
2021-05-06,124.34238738168024,126.15079239791494,123.60346736850424,126.14107513427734,78128300
2021-05-07,127.43639054602404,127.835683170004,126.1021210069998,126.8130874633789,78973300
2021-05-10,126.03395306208488,126.16055151436144,123.50177596650867,123.54073333740234,88071200
2021-05-11,120.2781279910728,122.97586087179818,119.5671689854115,122.62525939941406,126142800
2021-05-12,120.18075382257015,121.3884027379954,119.06075342898632,119.5671844482422,112172300
2021-05-13,121.32997558192994,122.85901733692192,121.01832399589208,121.70980072021484,105861300
2021-05-14,122.95639247198734,124.55360758966998,122.5668261780835,124.12508392333984,81918000
2021-05-17,123.5115304740433,123.61866139795352,121.90457404574953,122.9758758544922,74244600
2021-05-18,123.2582993819835,123.67708183593513,121.52473722434704,121.59291076660156,63342900
2021-05-19,119.94698879018053,121.66106832172552,119.65481225870738,121.43707275390624,92612000
2021-05-20,121.96299261493284,124.3880312073582,121.83637931031464,123.9887237548828,76857100
2021-05-21,124.48542483913153,124.66072928690556,121.94351406158702,122.15777587890624,79295400
2021-05-24,122.72264972174192,124.60230012567476,122.65447618088876,123.78421020507812,63092900
2021-05-25,124.48543668582128,124.97240013629872,123.02456862546644,123.58943939208984,72009500
2021-05-26,123.6478642497702,124.06664669892854,123.12195088824402,123.54073333740234,56575900
2021-05-27,123.1414373640431,124.3101288080937,121.81691643126096,122.0116958618164,94625600
2021-05-28,122.29411590101697,122.51811890538758,121.30072904118605,121.35916137695312,71311100
2021-06-01,121.81689796777825,122.07985090220888,120.70663903510166,121.03776550292967,67637100
2021-06-02,121.03778177713107,121.97273640244448,120.81378617886122,121.79743194580078,59278900
2021-06-03,121.42735201359652,121.59291527515944,119.91778539724056,120.3170928955078,76229200
2021-06-04,120.83326200560104,122.86874195718396,120.61900017592296,122.60578155517578,75169300
2021-06-07,122.87846962118002,123.0245579005518,121.57343116760482,122.61551666259766,71057600
2021-06-08,123.2972466766342,125.10873085926178,122.917421625064,123.43359375,74403800
2021-06-09,123.89133026159467,124.41724357225148,123.2193286818069,123.81341552734376,56877900
2021-06-10,123.70629386140668,124.84577650141728,122.654474591921,122.82003784179688,71186400
2021-06-11,123.22909472039107,124.11535828283353,122.8103122273261,124.02770233154295,53522400
2021-06-14,124.48541004880168,127.13444398991092,123.75497617492034,127.07601165771484,96906500
2021-06-15,126.5501034571878,127.19288882083843,126.01444898747891,126.25792694091795,62746300
2021-06-16,126.96890813933192,127.4753465620902,125.10874743356234,126.75464630126952,91815000
2021-06-17,126.41376207268152,129.09201968074376,126.26766637763058,128.35183715820312,96721700
2021-06-18,127.30003468372928,128.0791523377771,126.842294888582,127.05655670166016,108953300
2021-06-21,126.90073257983344,128.95568742961305,125.8391720998025,128.8485565185547,79663300
2021-06-22,128.68299766370282,130.58212309669915,128.18629303149916,130.48472595214844,74783600
2021-06-23,130.2802171084206,130.815871699919,129.75429628741554,130.2120361328125,60214200
2021-06-24,130.94244245203893,131.12748807728477,129.46209231078765,129.92958068847656,68711000
2021-06-25,129.978280483212,130.3970554405537,129.34522887186355,129.6374053955078,70783700
2021-06-28,129.92963053570742,131.72162542219797,129.87119818125765,131.26388549804688,62111300
2021-06-29,131.28335318569188,132.92926700154416,130.84509571572818,132.7734375,64556100
2021-06-30,132.61759460995344,133.82525083392224,132.3254180392348,133.38699340820312,63261400
2021-07-01,133.03638455477136,133.74733615062,132.218287184251,133.68890380859375,52485800
2021-07-02,134.30244482687868,136.3476657575281,134.15636398642496,136.3087158203125,78852600
2021-07-06,136.415876793308,139.4155130237445,136.415876793308,138.31500244140625,108181800
2021-07-07,139.7953189039971,141.11010601971827,138.93828646790567,140.7984619140625,104911600
2021-07-08,137.88643093809648,140.30172797997776,137.00016765595169,139.5031280517578,105575500
2021-07-09,139.02592340594762,141.8502619651795,138.92852627188464,141.32435607910156,99890800
2021-07-12,142.39568172270836,142.50281263838897,140.24332963884083,140.73028564453125,76299700
2021-07-13,140.27253162136344,143.61305721006948,139.88297280050324,141.8405303955078,100827100
2021-07-14,144.23637643322533,145.66802829472786,143.82732030646622,145.25897216796875,127050800
2021-07-15,145.3466432583112,146.08681108461445,143.2527233830004,144.60646057128906,106820300
2021-07-16,144.58697348148013,145.85304711779946,142.0742788872529,142.5709686279297,93251400
2021-07-19,139.99983785193092,140.31149679803218,137.97409928442224,138.73374938964844,121434600
2021-07-20,139.717408691922,143.26244743833868,139.23045273850917,142.33721923828125,96350000
2021-07-21,141.73339430532917,142.31774737595725,140.85687956010295,141.60678100585938,74993500
2021-07-22,142.13271101540525,144.33374665171397,142.00609770767423,142.97027587890625,77338200
2021-07-23,143.7007109713398,144.84018616778306,143.0871416883638,144.68435668945312,71447400
2021-07-26,144.40196197857813,145.9212625899734,143.8468249071035,145.10317993164062,72434100
2021-07-27,145.22972386851797,145.31738722526956,141.75286644595897,142.9410400390625,104818600
2021-07-28,141.03220589476328,143.13585955365372,138.82142131266863,141.19776916503906,118931200
2021-07-29,140.91531705042755,142.72679380278865,140.80818614558353,141.8405303955078,56699500
2021-07-30,140.61342392407167,142.51254941417247,140.35046351445212,142.0548095703125,70440600
2021-08-02,142.54176110337934,143.11636561756876,141.46071818751764,141.7236785888672,62880000
2021-08-03,142.00610422671278,144.17792379335657,141.3925349204239,143.5156707763672,64786600
2021-08-04,143.4280072023747,143.93443068193204,142.46382908813206,143.11634826660156,56368300
2021-08-05,143.14558074057953,143.98314564998552,142.35671440302508,143.22349548339844,46397700
2021-08-06,142.7456060206864,143.4868829043645,142.04333744331302,142.540771484375,54126800
2021-08-09,142.59925003312128,143.08693557693016,141.93600483737242,142.49195861816406,48908700
2021-08-10,142.83336158468475,144.0720871817776,141.7214390067462,142.01405334472656,69023100
2021-08-11,142.4529467846883,143.10644361120174,141.94574966449076,142.2676239013672,48493500
2021-08-12,142.5894781590122,145.37903960476112,142.24809238146725,145.2229766845703,72282600
2021-08-13,145.30105342277125,145.7594790918224,144.6182965379027,145.4278564453125,59375000
2021-08-16,144.88164213986906,147.4663849394875,142.86263134674047,147.39810180664062,103296000
2021-08-17,146.53002087530285,147.94430623200614,145.41809822926902,146.4910125732422,92229700
2021-08-18,146.1106045300614,147.00794422226895,142.55049082276733,142.7553253173828,86326000
2021-08-19,141.45806146213795,144.35491465635323,140.9411159989395,143.08692932128906,86960300
2021-08-20,143.80872432514332,144.84261535990314,143.16497579607238,144.54025268554688,60549600
2021-08-23,144.65728343893502,146.49098584387335,144.24762936861552,146.02281188964844,60131800
2021-08-24,145.7692167650667,147.14449367144724,145.4766024407117,145.93502807617188,48606400
2021-08-25,146.120370599229,146.61781948232644,144.15987966385998,144.70608520507812,58991300
2021-08-26,144.6963131171606,145.44733817166107,143.87699005673284,143.90625,48597200
2021-08-27,143.8477746809613,145.0865005673271,143.2137892031056,144.94020080566406,55802400
2021-08-30,145.3302769581914,149.7096980445359,144.94988286885493,149.3488006591797,90956700
2021-08-31,148.90019723180595,149.03674862857602,147.5639283316424,148.09063720703125,86453100
2021-09-01,149.06597111930256,151.1630130890743,148.58803390921838,148.75384521484375,80313700
2021-09-02,150.08036655286702,150.9094380524186,148.64656965264444,149.86578369140625,71115500
2021-09-03,149.97306236375573,150.82164538297303,149.3195654805312,150.49977111816406,57808700
2021-09-07,151.1532776856572,153.3868712092461,150.58756059759483,152.83091735839844,82278300
2021-09-08,153.113733911437,153.17225378958634,150.18762094012845,151.289794921875,74420200
2021-09-09,151.6604308143289,152.2651560265842,150.1583512521099,150.27540588378906,57305700
2021-09-10,151.18254333907822,151.6507173705701,145.03770150418336,145.30105590820312,140893200
2021-09-13,146.92016289482572,147.6906995642944,145.08646034770857,145.86676025390625,102404300
2021-09-14,146.64708895618836,147.34935752136766,143.29180911877296,144.4720001220703,109296300
2021-09-15,144.90108685238485,145.75941793780808,142.76502237214694,145.35951232910156,83281300
2021-09-16,144.7840715894616,145.30101702156867,143.5941177955223,145.1254425048828,68034100
2021-09-17,145.15472586644688,145.15472586644688,142.17007797103764,142.4626922607422,129868800
2021-09-20,140.2583908056045,141.27277037212733,137.79070269716544,139.41957092285156,123478900
2021-09-21,140.3851770808151,141.03868891632874,139.26350609481372,139.89749145507812,75834000
2021-09-22,140.89229979898724,142.82352968849085,140.16077174719294,142.25782775878906,76404300
2021-09-23,143.03817057425258,143.457587900221,142.0530510886709,143.2137451171875,64838200
2021-09-24,142.07258175581498,143.83800136075783,141.97503867631073,143.30154418945312,53477900
2021-09-27,141.88723117083788,142.3651683544505,140.2778748536838,141.78968811035156,74150700
2021-09-28,139.7219107001194,141.18496735666514,138.2003341585889,138.4149169921875,108972300
2021-09-29,138.96112166840754,140.89235227723765,138.53195600356045,139.312255859375,74602000
2021-09-30,140.12180436567434,140.8240726910163,137.80041657451724,138.01499938964844,89056700
2021-10-01,138.40515987182454,139.40004260947205,135.68388091891475,139.13668823242188,94639600
2021-10-04,138.26861784072736,138.70754679310303,134.8645818313905,135.71315002441406,98322000
2021-10-05,136.05454682483122,138.73681787676418,135.9277437943665,137.6346435546875,80861100
2021-10-06,136.0349830573943,138.64896997252256,134.96206909492875,138.50267028808594,83221100
2021-10-07,139.53657886179528,140.66801284222436,139.2049562794912,139.7609100341797,61732700
2021-10-08,140.48272854170557,140.62902828496263,139.048931525846,139.38055419921875,58773200
2021-10-11,138.76606124094116,141.2434974770439,138.31738395190774,139.29275512695312,64452200
2021-10-12,139.7024045703548,139.72191616043952,137.56633938704366,138.02476501464844,73035900
2021-10-13,137.76141892529833,137.91746698955632,135.77165355544514,137.43954467773438,78762700
2021-10-14,138.6099736345154,140.33638447460456,138.02474508035556,140.21932983398438,69907100
2021-10-15,140.22911148485912,141.3312707409973,139.97550546602724,141.2727508544922,67940300
2021-10-18,139.91697189226727,143.22347910319027,139.63412084083484,142.9406280517578,85589200
2021-10-19,143.38932223477877,145.4961277086073,142.94065979384268,145.09622192382812,76378900
2021-10-20,145.03770255984122,146.0618453536086,144.4719854463032,145.5839080810547,58418800
2021-10-21,145.14499547046705,145.95455540585698,144.22814410067642,145.79849243164062,61421000
2021-10-22,146.0032792710822,146.48120150945985,144.97913680130506,145.0279083251953,58883400
2021-10-25,145.0181495258691,145.69115788039105,143.98425867288518,144.97914123535156,50720600
2021-10-26,145.6521738906202,147.12497895180522,145.34004798248478,145.64242553710938,60893400
2021-10-27,145.68148561320874,146.04236830014796,144.83291718370828,145.18405151367188,56094900
2021-10-28,146.1300923838208,149.39757634919977,146.0325493292803,148.81236267089844,100077900
2021-10-29,143.59415144162946,146.24716233667445,142.8041031388741,146.11061096191406,124953200
2021-11-01,145.32058075023082,146.01308606451772,144.15988647877995,145.29132080078125,74588300
2021-11-02,144.99868985144568,147.8370236875447,144.98892661408803,146.3251953125,69122000
2021-11-03,146.686042864982,148.22713081802038,146.13008913879244,147.7589569091797,54511500
2021-11-04,147.8467296178319,148.67578599123124,146.92987854832478,147.24200439453125,60394600
2021-11-05,148.36531545380285,148.6681193629179,146.57777973692555,147.76947021484375,65463900
2021-11-08,147.8964818732159,148.0527725947036,146.67548855791236,146.94898986816406,55020900
2021-11-09,146.7145337755314,147.91598686060686,146.57778313905698,147.3103790283203,56787900
2021-11-10,146.53871644786318,146.64616444006643,144.41907415140022,144.48744201660156,65187100
2021-11-11,145.50336208425588,145.96244193460964,144.25305100972494,144.4386444091797,41000000
2021-11-12,144.98564800973566,146.9099349979288,144.05769591147595,146.50946044921875,63804000
2021-11-15,146.88058950641502,148.35555879375588,145.96240025846288,146.51918029785156,59222800
2021-11-16,146.46063248583715,147.97466759067277,145.8745495727693,147.49603271484375,59256200
2021-11-17,147.4960135184774,151.40319268452978,147.48625093625634,149.92823791503906,88807000
2021-11-18,150.14313374583702,154.9880275581461,149.49844560723523,154.2065887451172,137827700
2021-11-19,153.99164315630802,157.28345067512842,152.8976381128572,156.82435607910156,117305600
2021-11-22,157.9281815634673,161.85490096838612,157.26396823078883,157.28350830078125,117467900
2021-11-23,157.3811346832133,158.0453627342285,155.36894027506222,157.66441345214844,96041900
2021-11-24,157.01974088138022,158.3774848564214,155.9354982175197,158.18212890625,69463600
2021-11-26,155.8671670363227,156.7267364003775,152.73164889573968,153.17120361328125,76959800
2021-11-29,155.67173929364688,157.4495124904144,155.1051966783485,156.5215606689453,88748200
2021-11-30,156.277350409369,161.67902255964896,156.20896764318036,161.46412658691406,174048100
2021-12-01,163.59356203535145,166.34813007275002,160.71202083002768,160.9464569091797,152052500
2021-12-02,155.0564010804487,160.38969196905754,154.1382116478701,159.95989990234375,136739200
2021-12-03,160.21386222018816,161.13205157338396,156.01364225594332,158.08444213867188,118023100
2021-12-06,160.47760654451426,163.98431110380426,160.46784396248754,161.4837188720703,107497000
2021-12-07,165.15644279486372,167.598429443289,164.4336093812365,167.20770263671875,120405400
2021-12-08,168.13562562520406,171.87674998320583,166.73880187624945,171.0171661376953,116998900
2021-12-09,170.85116144440897,172.6484600825667,169.8841293433167,170.50927734375,108923700
2021-12-10,171.14418244016858,175.46161263264923,170.63624509261138,175.28578186035156,115402700
2021-12-13,176.91704079075097,177.9036129181879,171.45676231906222,171.66189575195312,153237000
2021-12-14,171.18328686899508,173.61551126067369,168.21383726682737,170.28463745117188,139380400
2021-12-15,171.0465102933484,175.33463817394934,168.31148231582245,175.1392822265625,131063300
2021-12-16,175.11975249855263,176.93659123544322,166.78769490587976,168.2626495361328,150185800
2021-12-17,165.9866968706162,169.444558052229,165.75227570894924,167.1686248779297,195432700
2021-12-20,164.374993320752,166.62162387110183,163.57402950297322,165.81088256835938,107499100
2021-12-21,167.5789142050935,169.18085708761444,165.19553249835857,168.97573852539062,91185900
2021-12-22,169.02455200604695,171.7791202742142,168.15520530032774,171.56422424316406,92135300
2021-12-23,171.76934702247985,172.74614168304623,171.2028043307869,172.18936157226562,68356600
2021-12-27,172.98059559497133,176.23332421872215,172.961070429452,176.14541625976562,74919600
2021-12-28,175.9793227997058,177.12217071968058,174.38714279522745,175.12950134277344,79144300
2021-12-29,175.16856451921535,176.43840038673264,174.0061766459811,175.2174072265625,62348900
2021-12-30,175.30529135640796,176.37977115336017,173.95731032108603,174.06475830078125,59773000
2021-12-31,173.95733955389892,175.07088475573076,173.14659828081136,173.4494171142578,64062300
2022-01-03,173.70339765267045,178.6362137085352,173.58618706197944,177.78639221191406,104487900
2022-01-04,178.39199939810527,178.69480333397306,174.96344087400894,175.5299835205078,99310400
2022-01-05,175.44206970266174,175.98907226585013,170.58739959731207,170.86090087890625,94537600
2022-01-06,168.6924202141222,171.23209207239668,167.65702034880644,168.0086669921875,96904000
2022-01-07,168.878037036841,170.0990304259398,167.06119827767387,168.17474365234375,86709100
2022-01-10,165.1564429133354,168.4970788622131,164.2675561955421,168.19427490234375,106765600
2022-01-11,168.32121894682106,171.11483663533073,166.85602733999164,171.0171661376953,76138300
2022-01-12,172.03304652412405,173.06844633316717,170.76322556870227,171.4567413330078,74805200
2022-01-13,171.70096415486904,172.52146809219963,167.80354809549323,168.19427490234375,84505800
2022-01-14,167.36396777404897,169.74734876331195,167.11976914653764,169.0538330078125,80440800
2022-01-18,167.53006719532837,168.5361646254104,165.4788071020713,165.85975646972656,90956700
2022-01-19,166.0551095373263,167.11004966883394,162.08932518842298,162.37258911132812,94815000
2022-01-20,163.10514273299674,165.74248492301732,160.37011513031928,160.6924591064453,91420500
2022-01-21,160.60460283678086,162.4702845238386,158.5338025837486,158.64125061035156,122848900
2022-01-24,156.30667494751387,158.53376542721094,151.11012055841888,157.86953735351562,162294600
2022-01-25,155.29082683573563,158.98310983768695,153.3763174519784,156.072265625,115798400
2022-01-26,159.70592982008216,160.57527648713483,154.15774320444362,155.98434448242188,108275300
2022-01-27,158.68031157129744,160.03805574105326,154.60707906202995,155.5252685546875,121954600
2022-01-28,161.86466955096992,166.3969967339565,159.02219316405643,166.37745666503906,179935700
2022-01-31,166.2113952349244,170.93907816240107,165.57646971606974,170.72418212890625,115541600
2022-02-01,169.9720379540269,170.78277933201363,168.31148996868112,170.55812072753906,86213900
2022-02-02,170.69487983616585,171.79866265554188,169.30783310188434,171.75958251953125,84914300
2022-02-03,170.4310933846244,172.15026117501966,168.1258578604404,168.88775634765625,89418100
2022-02-04,167.90977257243412,170.27664070855118,166.93173331488632,168.60418701171875,82465400
2022-02-07,169.06387243592252,170.12993168140494,167.19581380846196,167.89022827148438,77251200
2022-02-08,167.9586430232075,171.49915455646115,167.6652283214683,170.99057006835938,74829200
2022-02-09,172.18379236064646,172.77060688626915,171.05903840340724,172.4087371826172,71285000
2022-02-10,170.31571564595043,171.62628436106874,167.78259814649985,168.34007263183594,90865900
2022-02-11,168.54552151303656,169.2790510191681,164.3497243806945,164.93655395507812,98670700
2022-02-14,163.6943554178471,165.8558278146307,162.90214634745072,165.17120361328125,86185500
2022-02-15,167.2153833069629,169.15189697697923,166.5111938044669,168.9954071044922,62527400
2022-02-16,168.0760262456703,169.53329496166765,166.31555287107355,168.76065063476562,61177400
2022-02-17,167.2739811439306,168.13466009630608,164.77020410831645,165.17120361328125,69589300
2022-02-18,166.0906397573687,166.7948143179217,162.54035235125863,163.6259765625,82772700
2022-02-22,161.35690506054718,163.02935867994262,158.58905229899906,160.71141052246094,91162800
2022-02-23,161.90460945584556,162.50121399005073,156.24176881453317,156.55474853515625,90009200
2022-02-24,149.22921086821898,159.27367681919955,148.66194638721413,159.1660919189453,141147500
2022-02-25,160.24195287546036,161.4938419663862,157.33717500506495,161.2297821044922,91974200
2022-02-28,159.4790920596061,161.78726549413437,158.86292250111,161.4938507080078,95056600
2022-03-01,161.08304074169718,162.94132403155473,158.41299811175085,159.61598205566406,83474400
2022-03-02,160.7798480922219,163.6846254319098,159.37146939131958,162.90219116210938,79724800
2022-03-03,164.77025023720336,165.20058983386846,161.91437782369874,162.57943725585938,76678400
2022-03-04,160.87765818976635,161.91437725608384,158.54014531943216,159.58663940429688,83737200
2022-03-07,159.7724722055909,161.3960207362876,155.54733601828758,155.8016357421875,96418800
2022-03-08,155.33218168421902,159.30301816152476,152.37849933499598,153.98248291015625,131148300
2022-03-09,157.9337564869507,159.8213797915154,155.90922322313332,159.37147521972656,91454900
2022-03-10,156.68187121650195,156.86770104560523,152.55454474714313,155.0387725830078,105342000
2022-03-11,155.43974670100266,155.78206635482195,151.1070406596988,151.3319854736328,96970100
2022-03-14,148.12403016599976,150.7353929741164,146.8036862331013,147.312255859375,108732100
2022-03-15,147.58609577139651,152.1535515492418,147.0775261791108,151.68408203125,92964300
2022-03-16,153.60105321090987,156.48626575095446,151.06793536575267,156.08526611328125,102300200
2022-03-17,155.12682808541686,157.4643416281666,154.168353662837,157.09268188476562,75615400
2022-03-18,156.98506332691767,160.86788006337628,156.25153394230247,160.3788604736328,123511700
2022-03-21,159.9191646814939,162.6968070121453,159.4301451412394,161.74810791015625,95811400
2022-03-22,161.8752422072329,165.69937857870127,161.2884277154457,165.11256408691406,81532000
2022-03-23,164.30079784879288,168.84867380689855,163.9682532045546,166.4720458984375,98062700
2022-03-24,167.30337650948087,170.31573891650316,166.4720521767643,170.24728393554688,90131400
2022-03-25,170.06143114397722,171.430679815148,168.95624226558783,170.8829803466797,80546200
2022-03-28,168.38895589226144,171.87077199405616,168.22269106983745,171.74363708496094,90371900
2022-03-29,172.80975399507545,175.07879724912362,172.46743429498167,175.0299072265625,100589400
2022-03-30,174.62886654102215,175.6655854938626,172.8194884204446,173.86599731445312,92633200
2022-03-31,173.9345145849757,174.12034444944086,170.57005683003788,170.77545166015625,103049300
2022-04-01,170.20816010667752,171.0394993928561,168.1640617684755,170.4820098876953,78751300
2022-04-04,170.73630961524591,174.57022147286082,170.60915974417932,174.5213165283203,76468400
2022-04-05,173.60197924086432,174.38441368133695,170.58961634544698,171.21556091308594,73401800
2022-04-06,168.57480173407063,169.81691543605135,166.39377895438548,168.0564422607422,89058800
2022-04-07,167.40120586506256,169.5528892849942,166.11997680279987,168.35968017578125,77594700
2022-04-08,168.0075946635794,168.0075946635794,165.4842514050896,166.35470581054688,76575500
2022-04-11,165.00497220353915,165.31793693449984,161.8654603339608,162.10997009277344,72246700
2022-04-12,164.3301525745867,166.13951616252308,162.98045368647982,163.97805786132812,79265200
2022-04-13,163.7139749230824,167.28381189911025,163.10759541750994,166.65786743164062,70618900
2022-04-14,166.87306177033577,167.5087962740481,161.41560064690395,161.6601104736328,75329400
2022-04-18,160.3201618914843,162.94131434841603,159.97785717263437,161.44491577148438,69023900
2022-04-19,161.39603175237912,164.1345444765827,160.31040765157212,163.7237548828125,67723800
2022-04-20,165.05387853639598,165.17125338034182,162.45230578739907,163.55747985839844,67929800
2022-04-21,165.2006278854853,167.76308617115384,162.26650987641895,162.7653045654297,87227800
2022-04-22,162.8043941791054,164.1834179598548,157.95331370568277,158.2369384765625,84882400
2022-04-25,157.58165071304833,159.58663379803306,154.9800781201004,159.30300903320312,96046400
2022-04-26,158.6868312906376,158.7748512209157,153.2782766938566,153.3565216064453,95623200
2022-04-27,152.48609759207858,156.2808795981602,151.967738002025,153.13160705566406,88063200
2022-04-28,155.75271956865106,160.906989569117,155.43973990755873,160.0463104248047,130216800
2022-04-29,158.28583697775457,162.55008785176082,153.7966412998766,154.18785095214844,131747600
2022-05-02,153.26853978592672,154.75514872367953,149.9040823265059,154.4910888671875,123055300
2022-05-03,154.67688255687574,157.18067526746918,152.88708408047324,155.97767639160156,88966500
2022-05-04,156.1635144371754,162.82395888042848,155.76251479077115,162.3740692138672,108256500
2022-05-05,160.25171284753384,160.47665766238154,151.5471558846843,153.3271942138672,130525300
2022-05-06,152.80804796848787,156.16765847712838,151.01560506464577,154.05198669433594,116124600
2022-05-09,151.75027094227133,152.6318086665329,148.38088469249257,148.93917846679688,131577900
2022-05-10,152.32810167116585,153.52306350810505,149.7912476395949,151.3388214111328,115366700
2022-05-11,150.34960463592216,152.2595803376125,142.81742986905113,143.49327087402344,142689800
2022-05-12,139.83979077150929,143.19938623116693,135.95126990961808,139.63409423828125,182602000
2022-05-13,141.62247481337442,145.06044619602298,140.1728540722722,144.09075927734375,113990900
2022-05-16,142.56270654493258,144.4922750783004,141.22081452776507,142.5529022216797,86643800
2022-05-17,145.80481151470883,146.69613834453236,143.66954586445135,146.17701721191406,78336300
2022-05-18,143.83608013972986,144.33560760113403,137.0287088681347,137.92984008789062,109742900
2022-05-19,137.00912503429328,138.7525913397019,133.7964445425997,134.5310516357422,136095600
2022-05-20,136.23534285932448,137.81230015984903,129.8883411847853,134.76612854003906,137426100
2022-05-23,134.96201586760006,140.31975175202894,134.82488980062982,140.17283630371094,117726300
2022-05-24,137.92005516834,139.05625126128453,134.51148183512868,137.4792938232422,104132700
2022-05-25,135.5888849437953,138.87992561613757,135.50073567160547,137.63600158691406,92482700
2022-05-26,134.57023400738558,141.37759058232152,134.3253649583187,140.82908630371094,90601500
2022-05-27,142.4060284868712,146.60797434750936,142.27869181225157,146.5688018798828,90978500
2022-05-31,146.01049226377089,147.5678554930359,143.8262500562877,145.7852020263672,103718400
2022-06-01,146.82343119645515,148.62567820823514,144.6489935062906,145.65786743164062,74286600
2022-06-02,144.79596367082308,148.16536407915592,143.8458705924634,148.10659790039062,72348100
2022-06-03,143.88503314588232,144.93307974702813,141.49512401563555,142.396240234375,88570300
2022-06-06,144.01237341190438,145.52077501341512,141.92608448379778,143.14064025878906,71598400
2022-06-07,141.3873519166599,145.94190886611432,141.1424829420523,145.65786743164062,67808200
2022-06-08,145.53057980516448,146.7940975636926,144.43357121198528,144.92330932617188,53950200
2022-06-09,144.0613709060868,144.91351047437155,139.60475090946733,139.71249389648438,69473000
2022-06-10,137.4009420785548,137.8710865448469,134.24702701533337,134.3155975341797,91437900
2022-06-13,130.1429810735186,132.4251621177248,128.74233746263164,129.17330932617188,122207100
2022-06-14,130.39766413988795,131.1420606306549,128.7815195311164,130.03524780273438,84784300
2022-06-15,131.53383428431485,134.5212392737676,129.44756042743367,132.6504364013672,91533000
2022-06-16,129.36919361966238,129.67282879246193,126.39157816992548,127.3906478881836,108123900
2022-06-17,127.40045357119396,130.3486710219844,127.14578023984714,128.85986328125,134520300
2022-06-21,130.68170729877417,134.24699991857628,130.58376865027734,133.0814208984375,81000500
2022-06-22,132.0235786011109,134.93262385029735,131.16164978530637,132.5720977783203,73409200
2022-06-23,134.01195231906672,135.74561458048865,132.84637315008302,135.43218994140625,72433800
2022-06-24,137.02872148660157,138.99747831559026,136.90139973704072,138.7526092529297,89116800
2022-06-27,139.77125797752416,140.5450525850796,138.0767682486871,138.7526092529297,70207900
2022-06-28,139.21296287932694,140.47648065381134,134.50168455265504,134.6192169189453,67083400
2022-06-29,134.63883505875384,137.78294599248824,133.86504031861426,136.37249755859375,66242400
2022-06-30,134.4331227102609,135.53013138802967,131.0245493574635,133.91400146484375,98964500
2022-07-01,133.2479128863371,136.18634098386156,132.87572215700436,136.07859802246094,71051600
2022-07-05,134.94246932324853,138.70365515439954,134.1196977793648,138.65467834472656,73353800
2022-07-06,138.44894003031942,141.16207781793045,138.18447732277275,139.98670959472656,74064300
2022-07-07,140.34917916763945,143.5422820786732,140.33938978319998,143.3463897705078,66253700
2022-07-08,142.27870461467543,144.5217134378149,142.02404618814074,144.0221710205078,64547800
2022-07-11,142.68029721118097,143.63039032716094,140.8290877786715,141.89671325683594,63141600
2022-07-12,142.768425199881,145.40321819395862,142.07300556646354,142.8663787841797,77588800
2022-07-13,140.05527730810053,143.4442558667998,139.20312303306522,142.50396728515625,71185600
2022-07-14,141.12295108192205,145.89299601499977,140.30998393649415,145.4228515625,78140700
2022-07-15,146.7059412883577,147.76377735798872,145.1583671279135,147.0879364013672,76259900
2022-07-18,147.64623499784832,148.45920196700573,143.6891431225671,144.0515594482422,81420900
2022-07-19,144.88410592104603,148.1261694879342,143.8948404199678,147.90089416503906,82982400
2022-07-20,148.01842499581136,150.5650688606649,147.2838179131366,149.89901733398438,64823400
2022-07-21,151.3290452388946,152.3770917552224,148.82158901652633,152.16160583496094,65086600
2022-07-22,152.20079694797485,153.07253011561605,150.2614383736218,150.92747497558594,66675400
2022-07-25,150.84909422530328,151.85795331530994,149.15460492057616,149.81085205078125,53623900
2022-07-26,149.1350139839463,149.9479808770686,147.70498735893062,148.4885711669922,55138700
2022-07-27,149.4484808165071,154.10099277980115,149.0371026048061,153.5720672607422,78620700
2022-07-28,153.75817384315252,154.40463173955777,151.2409277129022,154.12059020996094,81378700
2022-07-29,157.93074338059327,160.27169083424704,156.22644946059978,159.17466735839844,101786900
2022-08-01,157.7054523459462,160.2325026515257,157.58791998844677,158.1951904296875,67829400
2022-08-02,156.81413161603723,159.07671904499605,156.35377664743476,156.72596740722656,59907000
2022-08-03,157.53894532472003,163.17093336402678,157.45079605540153,162.7203826904297,82507500
2022-08-04,162.60281360750764,163.7586031177134,161.0552396557241,162.40692138671875,55474100
2022-08-05,160.08234575425365,162.67175374212067,159.87636348602825,162.18133544921875,56697000
2022-08-08,163.18176501562593,164.59417198149717,161.05335158963675,161.71051025390625,60276900
2022-08-09,160.8768354992681,162.6423445061743,160.1215870695177,161.75958251953125,63135500
2022-08-10,164.46667794890814,166.0948703368816,163.70162657940335,165.99679565429688,70170500
2022-08-11,166.8010905635419,167.71327649760102,164.9669306824805,165.2611846923828,57149200
2022-08-12,166.56571053244468,168.87066800455992,166.15374591104305,168.80201721191406,68039400
2022-08-15,168.2331135298216,170.06727335382837,168.0663730882192,169.87110900878906,54091700
2022-08-16,169.4689479524639,170.38113378052608,168.37041574061854,169.7141571044922,56377100
2022-08-17,169.45915949271176,172.7743773350279,169.26299514755854,171.20504760742188,79542000
2022-08-18,170.4203849105247,171.54834118381174,169.8024529702403,170.81271362304688,62290100
2022-08-19,169.7141510996703,170.41055165199725,168.02711099609633,168.23309326171875,70346300
2022-08-22,166.43817940694694,166.6049198473659,163.9370428679026,164.3588104248047,69026800
2022-08-23,163.87819481513557,165.47696339789675,163.4564272588674,164.0253143310547,54147100
2022-08-24,164.1135822617859,164.88843656775538,163.0640799468379,164.31954956054688,53841500
2022-08-25,165.54557613198625,166.87951431310276,165.12382363903936,166.77162170410156,51218200
2022-08-26,167.30132415112922,167.77212157949262,160.42564926256463,160.4844970703125,78961000
2022-08-29,158.06182659509352,159.7782908024648,156.7573269679059,158.2874298095703,73314000
2022-08-30,159.02307224651202,159.4448248788866,154.69757844618866,155.86477661132812,77906200
2022-08-31,157.23793525223348,157.50276536238007,154.1286845852179,154.2071533203125,87991100
2022-09-01,153.63828680423725,155.38417523650494,151.7060369719439,154.93299865722656,74229900
2022-09-02,156.6886721974106,157.2869832188541,152.00027368828214,152.8241729736328,76957800
2022-09-06,153.4715206737186,154.07963464254792,150.7447958267751,151.56869506835938,73714800
2022-09-07,151.8531146846475,153.66765323664163,150.66629592998046,152.9712677001953,87449600
2022-09-08,151.6765739248584,153.36361410419434,149.75412756943635,151.50003051757812,84923800
2022-09-09,152.49069467763707,154.79566708651402,151.7844910019974,154.35427856445312,68028800
2022-09-12,156.53171708379904,161.11222243462,156.24728104104713,160.29812622070312,104956000
2022-09-13,156.83579030622826,157.46352522744408,150.43092752735453,150.8919219970703,122656600
2022-09-14,151.82370097735972,154.08944624806267,150.66632089509483,152.333740234375,87965400
2022-09-15,151.6864105462559,152.26511565335673,148.47908487159995,149.45010375976562,90481100
2022-09-16,148.31232430924803,148.44964084888636,145.52673670084437,147.8120880126953,162278800
2022-09-19,146.4487439883553,151.59813732109004,146.24277663621996,151.51966857910156,81474200
2022-09-20,150.46032156880003,155.05064442927653,150.1464616536784,153.89324951171875,107689800
2022-09-21,154.3248240736869,155.69800426701255,150.65650483896582,150.77420043945312,101696800
2022-09-22,149.45988650515864,151.50983141556574,148.0180554999838,149.81298828125,86652500
2022-09-23,148.292701934514,148.5673350111051,145.7130966439831,147.54725646972656,96029900
2022-09-26,146.79205352724634,150.8232937706574,146.77243259872833,147.8807830810547,93339400
2022-09-27,149.81297617549825,151.75502830388234,147.0764338903238,148.85174560546875,84442700
2022-09-28,144.81071412247172,147.75322390412563,142.06436866631904,146.9685516357422,146691400
2022-09-29,143.30025780798485,143.9083718149734,137.98410935439225,139.74961853027344,128138200
2022-09-30,138.5726147256006,140.35774479295517,135.35547138562947,135.5516357421875,124925300
2022-10-03,135.5614315097669,140.32829792951577,135.05139229305564,139.7201690673828,114311700
2022-10-04,142.25072959734777,143.41792753527417,141.4954812316815,143.30023193359375,87830100
2022-10-05,141.30917618434017,144.55574385560058,140.26947652199397,143.59451293945312,79471000
2022-10-06,143.0158197187154,144.712663290669,142.43712956504083,142.64309692382812,68402200
2022-10-07,139.80845770678545,140.3577388347644,136.7776758724346,137.40541076660156,85925600
2022-10-10,137.7290802001953,139.17091126885134,135.91454138275128,137.7290802001953,74899000
2022-10-11,137.21904887976436,138.64127407342733,135.57125040118655,136.31668090820312,77033700
2022-10-12,136.46383432846753,137.67025945099226,135.51242139642648,135.68896484375,70433700
2022-10-13,132.40313927882983,140.83832513907973,131.79501040391918,140.2498321533203,113224000
2022-10-14,141.5445181488385,141.75050040665323,135.54180333634727,135.72816467285156,88598000
2022-10-17,138.36663643162046,140.16155437004147,137.5819641011487,139.6809539794922,85250900
2022-10-18,142.70194639396894,143.88875049899616,137.91545818930572,140.9952850341797,99136600
2022-10-19,138.97476591255997,142.1722884311379,138.78840452952474,141.10317993164062,61758300
2022-10-20,140.2792461483292,143.09424222902763,139.9163264513743,140.64215087890625,64522000
2022-10-21,140.1321395849877,145.0167173026428,139.9163543059083,144.4478302001953,86548600
2022-10-24,144.3693587197694,147.3510957532076,143.2021606323234,146.58604431152344,75981900
2022-10-25,147.21375676214043,149.56777350297594,146.49775025875292,149.42063903808594,74732300
2022-10-26,148.06710843299678,149.07736899312695,145.20305222207165,146.4879608154297,88194300
2022-10-27,145.23253325315713,146.1937492661754,141.3680333052635,142.0251922607422,109180200
2022-10-28,145.36000606754794,154.48179100593666,144.98729827273644,152.75552368164062,164762400
2022-10-31,150.22493060269468,151.2842358798015,149.0086878845991,150.40147399902344,97943200
2022-11-01,152.10814502054632,152.4710497811702,146.27217011734126,147.76303100585938,80379300
2022-11-02,146.0956258102425,149.25392123210702,142.2213237765035,142.25074768066406,93604600
2022-11-03,139.3376507448135,140.06347524662803,136.0910838596121,136.21859741210938,97918500
2022-11-04,139.5982550752952,140.16808578570755,132.02346880241154,135.9533233642578,140814800
2022-11-07,134.7055842324109,136.70980337190065,133.29083425573356,136.4838409423828,83374600
2022-11-08,137.94772594743225,138.94982808586678,135.07893386231837,137.05368041992188,89908500
2022-11-09,136.07121539704306,136.12034157773795,132.22977893126608,132.50486755371094,74917800
2022-11-10,138.7631880310501,144.29444885253906,137.0536956773793,144.29444885253906,118854000
2022-11-11,143.26284999283982,147.37935990276293,141.83826577346156,147.07479858398438,93979700
2022-11-14,146.3576050476643,147.644629976999,144.84460269456784,145.67970275878906,73374100
2022-11-15,149.55062261259357,150.8965930574009,145.95480194485347,147.40884399414062,89868300
2022-11-16,146.51481993344615,147.24183349471545,144.70707528826344,146.18077087402344,64218300
2022-11-17,143.8621421866718,148.82358651784585,143.58705356948877,148.07691955566406,80389400
2022-11-18,149.63904958366277,150.02220984195606,147.34008803390304,148.63693237304688,74829600
2022-11-21,147.5267343973142,147.7330433535175,145.12952086958856,145.4144287109375,58724100
2022-11-22,145.53237828985053,147.78221396265934,144.35340964940343,147.54641723632812,51804100
2022-11-23,146.82919031011303,149.1674586072914,146.72111870836432,148.42079162597656,58301400
2022-11-25,145.70918504900035,146.2691965387926,144.5400508786952,145.5126953125,35195900
2022-11-28,142.59478278627932,144.06847835661756,140.86565204725017,141.69091796875,69246000
2022-11-29,141.75971007267643,142.27059550015326,137.88881488460692,138.69442749023438,83763800
2022-11-30,138.9203582971881,146.1119996275474,138.08527316426236,145.43409729003906,111380900
2022-12-01,145.61096061666942,146.51482547786148,144.03901260255705,145.70919799804688,71250400
2022-12-02,143.40039263183445,145.4046117654443,143.09581632538948,145.2179412841797,65447400
2022-12-05,145.17866278529172,148.2734173934748,143.21373541725012,144.05865478515625,68826400
2022-12-06,144.49093730068225,144.716899744364,139.43124046996064,140.4038848876953,64727200
2022-12-07,139.69652452502783,140.85582456681212,137.54492649061714,138.46844482421875,69721100
2022-12-08,139.8635600853956,141.00322179654424,138.62566097989853,140.14846801757812,62128300
2022-12-09,139.84387422747133,143.0172426533997,138.42912415381502,139.6670379638672,76097000
2022-12-12,140.19757351667832,141.96601125722427,138.58633357333804,141.95619201660156,70462700
2022-12-13,146.87834983755218,147.34010905974955,141.71059523341404,142.9190216064453,93886200
2022-12-14,142.80112620848055,144.08815144991274,138.68460028950005,140.6986541748047,82291200
2022-12-15,138.63546667684503,139.3133690938159,133.64454880056925,134.10630798339844,98931900
2022-12-16,134.2929782040358,135.23613504981998,131.38487878191776,132.1511993408203,160156900
2022-12-19,132.74067737544078,132.82909551472687,129.01714637272462,130.04872131347656,79592600
2022-12-20,129.08591954394805,130.91330283228723,127.6122238272619,129.97996520996094,77432800
2022-12-21,130.64800547841642,134.4108428696223,130.42204304769788,133.07469177246094,85928000
2022-12-22,131.99402745433673,132.20033647277774,128.01504576681836,129.91119384765625,77852100
2022-12-23,128.62416529925935,130.09786107261186,127.36661277196195,129.5476837158203,63814900
2022-12-27,129.07609558176017,129.1055682957193,126.46273834186272,127.74976348876952,69007800
2022-12-28,127.39607559848972,128.73222692892008,123.66271775984325,123.8297348022461,85438400
2022-12-29,125.74554124055932,128.19187403447657,125.49010604619004,127.3371353149414,75703700
2022-12-30,126.15817798931155,127.67116561919678,125.19536018378078,127.6515121459961,77034200
2023-01-03,127.99536673400505,128.60448941700523,121.9925130634904,122.8767318725586,112117500
2023-01-04,124.66481618620304,126.40378110334797,122.88655931785308,124.14411163330078,89113600
2023-01-05,124.90061292758642,125.52938912334946,122.57217865426507,122.8276138305664,80962700
2023-01-06,123.80025946812164,128.0051956310965,122.69989736764362,127.3469467163086,87754700
2023-01-09,128.18201790072465,131.07046307621766,127.61218725463657,127.86762237548828,70790800
2023-01-10,127.97574077291436,128.95820466182693,125.87326865028986,128.4375,63896200
2023-01-11,128.94836939344688,131.1687321095965,128.17222961380045,131.1490936279297,69458900
2023-01-12,131.53223946571177,131.90556546211644,129.1350257391296,131.0704803466797,71379600
2023-01-13,129.71469801537842,132.55401787873402,129.35119119619432,132.39682006835938,57809700
2023-01-17,132.46561675484807,134.88246968730516,131.77789498509242,133.55615234375,63646600
2023-01-18,134.42074175730406,136.17934585306614,132.66212267032995,132.83897399902344,69672800
2023-01-19,131.72873868777404,133.86068318245066,131.4241773301355,132.8978729248047,58280400
2023-01-20,132.9077080011768,135.59966433835268,131.86629872212012,135.45228576660156,80223600
2023-01-23,135.6979103035641,140.80673462294286,135.48176704430378,138.63548278808594,81760300
2023-01-24,137.84947751147084,140.64950501564115,137.83965827143598,140.03054809570312,66435100
2023-01-25,138.41932337339787,139.93231102042415,136.37579688239575,139.372314453125,65799300
2023-01-26,140.65937661953566,141.72043959534744,139.41164307512574,141.43553161621094,54105100
2023-01-27,140.64951214628343,144.64813175929368,140.57091324840124,143.3709259033203,70555800
2023-01-30,142.41796049282078,142.99761054282715,140.34496125408572,140.49232482910156,64015300
2023-01-31,140.19757555057984,141.80881551729502,139.78494257033407,141.7596893310547,65874500
2023-02-01,141.44532609516176,144.03903014040526,138.84180280794712,142.8797149658203,77663600
2023-02-02,146.2888275489756,148.52884341135578,145.57163330132713,148.1751708984375,118339000
2023-02-03,145.4341369902227,154.62018089842738,145.2376471989092,151.79067993164062,154357300
2023-02-06,149.8944947732861,150.41519933800663,148.1358763450209,149.0692138671875,69858300
2023-02-07,147.99834440627268,152.50784959474225,147.99834440627268,151.93801879882812,83322600
2023-02-08,151.18154087876945,151.86926257026718,148.51905726950346,149.2559051513672,64120100
2023-02-09,151.08329292122983,151.62365104865805,147.78221371418798,148.2243194580078,56007100
2023-02-10,147.06324691592152,148.913088785703,146.82709018156558,148.58837890625,57450700
2023-02-13,148.52932389765635,151.7862414824205,148.49980618651492,151.38282775878906,62199000
2023-02-14,149.68057287811524,151.30412220458746,148.44078385852455,150.74325561523438,61707600
2023-02-15,150.6546952720313,153.0063681105949,150.42838780610393,152.83909606933594,65573800
2023-02-16,151.0482818929642,153.82306709582505,150.8908590911332,151.24508666992188,68167900
2023-02-17,149.90692418842454,150.54649479465752,148.43097816102596,150.1037139892578,59144100
2023-02-21,147.79137232815333,148.87373860585663,146.0300835825423,146.0989532470703,58867200
2023-02-22,146.4826819914061,147.54536466728035,144.80011234851025,146.5220489501953,51011300
2023-02-23,147.68313363952294,147.92912460701393,144.87884561858365,147.0041961669922,48394200
2023-02-24,144.75094042273577,144.8296593421339,143.38323110315275,144.35736083984375,55469600
2023-02-27,145.3413038601465,146.7778826433076,145.08546365545735,145.5479278564453,44998500
2023-02-28,144.69188448050687,146.68932985809187,144.47541123636594,145.04611206054688,50547000
2023-03-01,144.47539591550134,144.8689754008769,142.68457472462396,142.97976684570312,55479000
2023-03-02,142.0647116163666,144.35734928778834,141.59239813777418,143.57017517089844,52238100
2023-03-03,145.66600535471582,148.68678165578146,144.96739941181147,148.60806274414062,70732300
2023-03-06,151.32377696340643,153.79353555974586,150.99908214162087,151.36314392089844,87558000
2023-03-07,151.23522972088062,151.55993956940895,148.7064506179963,149.16891479492188,56182000
2023-03-08,150.35952840818192,151.00894821688513,149.39524794362458,150.41856384277344,47204800
2023-03-09,151.09749920529256,152.06177965604292,147.82089750549494,148.1751251220703,53833600
2023-03-10,147.8012528053786,148.5195423882981,145.24294016157944,146.11866760253906,68572400
2023-03-13,145.43968998615728,150.6842189540097,145.33145336527863,148.05703735351562,84457100
2023-03-14,148.85404568502526,150.94004418166887,147.6929755826584,150.14303588867188,73695900
2023-03-15,148.76549840164833,150.79246155107444,147.51586009545082,150.53663635253906,77167900
2023-03-16,149.7198954123548,153.95094162481163,149.2082301691039,153.35072326660156,76161100
2023-03-17,153.5770563789343,154.22647602550626,151.80591871287191,152.51437377929688,98944600
2023-03-20,152.5832927983786,155.28919358755078,151.6780327765039,154.87591552734375,73641400
2023-03-21,154.7971931327365,156.84382463636302,154.02968755125636,156.7257537841797,73938300
2023-03-22,156.7454392443716,159.53989288471735,155.27932775015748,155.29901123046875,75701800
2023-03-23,156.28297554136526,158.9593583364734,155.15140813839363,156.38136291503906,67622100
2023-03-24,156.31251228008384,157.76877470893055,155.31871410467124,157.6802215576172,59196500
2023-03-27,157.37518971960662,158.19188156427322,155.33837722493854,155.74180603027344,52390300
2023-03-28,155.43676283008696,155.94842821050446,153.47866946121147,155.12188720703125,45992200
2023-03-29,156.8142905620551,158.46735739062942,156.79462209814082,158.1918487548828,51305700
2023-03-30,158.93970152221254,159.86463007168524,158.68387629082392,159.7563934326172,49501700
2023-03-31,159.8350878653574,162.35403288236776,159.31358823359025,162.25563049316406,68749800
2023-04-03,161.63575413574327,163.62335040456196,161.58655293789977,163.50527954101562,56976200
2023-04-04,163.92836877990578,164.16451047380076,162.46225736922722,162.9739227294922,46278300
2023-04-05,162.09819114468434,162.4032175003463,159.2053353608918,161.13389587402344,51511700
2023-04-06,159.8252353547828,162.31467762112032,159.40213812085784,162.0194854736328,45390100
2023-04-10,158.8314373555464,159.43165588378906,157.51292944566782,159.43165588378906,47716900
2023-04-11,159.74655214369014,159.75638637804428,157.93604707794614,158.22140502929688,47644200
2023-04-12,158.6346580327857,159.46118408911326,157.2177476424543,157.53262329101562,50133100
2023-04-13,159.03807402297244,163.14120127307194,158.83143501847854,162.90504455566406,68445600
2023-04-14,161.9506163702145,163.6528847449455,161.19297496954,162.56068420410156,49386500
2023-04-17,162.44259843625022,162.73779061232008,161.39959909302152,162.58035278320312,41516200
2023-04-18,163.43639900098648,164.7253892225956,162.99360326395418,163.8004608154297,49923000
2023-04-19,163.14122346923992,165.4633789570219,162.885383237049,164.94187927246094,47720200
2023-04-20,163.42655222639002,165.17800667808302,162.90505258707114,163.97756958007812,52456400
2023-04-21,162.40322071444277,163.78076396537094,161.85220341407148,162.3737030029297,58337300
2023-04-24,162.35404681853836,162.94443117624493,161.26184626664974,162.6787567138672,41949600
2023-04-25,162.54099521393778,163.6430299514636,161.10440134757968,161.14376831054688,48714100
2023-04-26,160.44512426219072,162.62952495549953,160.18929909610858,161.13389587402344,45498800
2023-04-27,162.54097091629146,165.85692388096987,162.54097091629146,165.70933532714844,64902300
2023-04-28,165.78806481489534,167.12625617335198,165.1878463008649,166.95896911621094,55275900
2023-05-01,166.56538074727197,167.71661652166532,165.93564455408003,166.8704071044922,52472900
2023-05-02,167.36241202489828,167.6182522416185,164.8533011388869,165.83726501464844,48425700
2023-05-03,166.7818533947913,168.17908009941613,164.47938185396285,164.7647247314453,65136000
2023-05-04,162.2457710884036,164.3612870012041,161.67507035057545,163.13133239746094,81235400
2023-05-05,168.23812815446027,171.504895212846,168.02165491497223,170.78660583496094,113453200
2023-05-08,169.71408033203093,171.06212101363838,169.35001851271124,170.7177276611328,55962800
2023-05-09,170.27491417680565,170.75704676065035,168.8481698742082,169.01544189453125,45326900
2023-05-10,170.24541483030967,171.23921282792068,169.14336520388548,170.77674865722656,53724500
2023-05-11,171.06211698775132,171.79024060925457,169.40904995436452,170.96371459960938,49514700
2023-05-12,171.0720697527437,171.50561502670146,168.4905238476374,170.03749084472656,45533100
2023-05-15,170.6188460048669,170.66811525184778,168.95364468701064,169.5448455810547,37266700
2023-05-16,169.46601779285794,170.5991352991019,169.27880367524853,169.5448455810547,42110300
2023-05-17,169.19013234108013,170.39221479568312,167.91905489711874,170.15574645996094,57951600
2023-05-18,170.4611756877155,172.6683084617715,170.04734111161662,172.48109436035156,65496700
2023-05-19,173.80142270664055,173.80142270664055,172.37270490292832,172.5894775390625,55809500
2023-05-22,171.42681253611994,172.14611049896482,170.90459157041087,171.64358520507812,43570900
2023-05-23,170.5892951031298,170.83562631420236,168.7664381272472,169.04232788085938,50747300
2023-05-24,168.57924358561866,169.8897275849513,168.01761617725649,169.3182373046875,45143500
2023-05-25,169.8798799582863,171.34800452634042,169.17044478431242,170.4513702392578,56058300
2023-05-26,170.77650880236848,173.19055165787438,170.56958397024448,172.85552978515625,54835000
2023-05-30,174.36308277683443,176.36329091292328,173.978806707213,174.69808959960938,55964400
2023-05-31,174.72764675708407,176.7180070419873,174.16600441023556,174.64881896972656,99625300
2023-06-01,175.0922027756249,177.47668683522244,174.33349851829678,177.44712829589844,68901800
2023-06-02,178.37335293714096,179.11234656032465,176.62932377666553,178.29452514648438,61996900
2023-06-05,179.949884959394,182.2358308287415,175.4272324012079,176.94464111328125,121946500
2023-06-06,177.328904296753,177.4766970018392,174.82617090162998,176.58006286621094,64848400
2023-06-07,175.82137635899298,178.55073052308683,174.71781728969785,175.21047973632812,61944600
2023-06-08,175.28922945458905,178.18608600450315,174.85569928675926,177.92005920410156,50214900
2023-06-09,178.83648170922714,179.555764726174,177.97925379814166,178.30441284179688,48900000
2023-06-12,178.60981180571443,181.1913576973854,178.31421139002148,181.0928192138672,54274900
2023-06-13,180.1173932820357,181.44757286544584,179.7626757194867,180.61990356445312,54929100
2023-06-14,180.6790133216272,181.684048880549,179.3488337921871,181.25050354003903,57462900
2023-06-15,181.26033930305263,183.7827681416612,181.0829730380676,183.28024291992188,65433200
2023-06-16,183.98970387223915,184.245897953939,181.5658131760252,182.20626831054688,101256200
2023-06-20,181.703736061192,183.3689372512462,181.703736061192,182.294921875,49799100
2023-06-21,182.18656875714527,182.68909408055805,179.91047063421516,181.2603759765625,49515700
2023-06-22,181.0435838743865,184.3050065515812,180.97460392176268,184.2557373046875,51245300
2023-06-23,182.82703803402,184.80753566864925,182.29495416898448,183.94044494628903,53117000
2023-06-26,184.08825189117624,185.29034946556595,182.51172604562308,182.5511474609375,48088700
2023-06-27,183.1620029029505,185.62531458599344,182.9452302720537,185.30015563964844,50730800
2023-06-28,185.1721116449177,187.11320300977505,184.8469676403292,186.4727478027344,51216800
2023-06-29,186.3052137668684,187.2806907250245,186.1672688971672,186.80772399902344,46347300
2023-06-30,188.8178023638345,191.62596911406445,188.45322195229383,191.1234588623047,85213200
2023-07-03,190.93622568872084,191.03476417603324,188.94586551693624,189.63560485839844,31458200
2023-07-05,188.75868490984945,190.1479814937267,187.8226142934088,188.522201538086,46920300
2023-07-06,187.0540415419299,189.20205725316632,186.42343432149448,188.99513244628903,45094300
2023-07-07,188.6010117511895,189.8425155087971,187.4481836116548,187.8817138671875,46815000
2023-07-10,186.4825571255489,187.2018550195119,184.2951349736181,185.84210205078125,59922200
2023-07-11,186.3840685065736,186.52201339622223,183.8616390759319,185.3199157714844,46638100
2023-07-12,186.8964320073811,188.88679264498364,185.7041972201304,186.9851226806641,60750200
2023-07-13,187.7043680387378,188.38424453327508,186.9949330039913,187.7437744140625,41342300
2023-07-14,187.4383455076916,188.3744011257073,186.8471596075647,187.8916015625,41616200
2023-07-17,189.0838479475144,191.46834750746484,188.9951723122315,191.1431884765625,50520200
2023-07-18,190.5125649317522,191.47817907078496,189.5962050071137,190.8869781494141,48288200
2023-07-19,190.26621270882248,195.3209183853995,189.8228045493288,192.2368621826172,80507300
2023-07-20,192.22703531122195,193.5867885139367,189.6750473731149,190.2958068847656,59581200
2023-07-21,191.25151956273768,192.1087471925273,188.4236276085581,189.1232147216797,71951700
2023-07-24,190.5716741809672,192.04966138875844,189.4286937985748,189.92135620117188,45377800
2023-07-25,190.492842140126,191.58655325087184,190.08885537064708,190.7785797119141,37283200
2023-07-26,190.82785426220883,192.7689453418544,190.48299959942145,191.6456756591797,47471900
2023-07-27,193.14334195652395,194.3060178259104,189.72426422082376,190.38442993164065,47460200
2023-07-28,191.8131810983056,193.7444243627897,191.29096014596897,192.95616149902344,48291400
2023-07-31,193.1827862905988,193.60648379116893,192.39452340931743,193.5670623779297,38824100
2023-08-01,193.36016991822595,193.8429695122176,192.41425136889904,192.73941040039065,35175100
2023-08-02,192.17775117305607,192.31569604997568,189.03457754647133,189.7538604736328,50389300
2023-08-03,188.75870197685728,189.5469498842792,187.89161123685508,188.36456298828125,61235200
2023-08-04,182.79747042079737,184.6301752435833,179.25029494609427,179.31927490234375,115956800
2023-08-07,179.45720585194456,180.442530625682,174.74735463626894,176.225341796875,97576100
2023-08-08,177.0530363874442,177.6245266423458,174.97400021533485,177.1614227294922,67823000
2023-08-09,178.2157216738325,178.27483876617566,174.41236670614128,175.57505798339844,60378500
2023-08-10,176.84608080013524,178.0974474344709,174.99368050557445,175.35824584960938,54686900
2023-08-11,174.95375100085724,176.23639103718068,174.19402209160106,175.41746520996094,52036700
2023-08-14,175.59506357405235,177.29211207450308,174.9438673937282,177.065185546875,43675600
2023-08-15,176.49289504388423,177.08487915778778,174.68731413890805,175.08197021484375,43622600
2023-08-16,174.76626971305478,176.15744233651847,174.14467201512105,174.2137451171875,46964900
2023-08-17,174.7761369036864,175.1411945839284,171.1649745274817,171.67803955078125,66062900
2023-08-18,170.0007213782545,172.76335939467492,169.6652621694116,172.1614990234375,61172200
2023-08-21,172.73374028357344,173.77959243029937,171.4214870063081,173.4934539794922,46311900
2023-08-22,174.6971995908385,175.30892111024494,173.89801113995804,174.86492919921875,42038900
2023-08-23,176.1377232252428,179.12728783194132,175.9502562936072,178.70301818847656,52722800
2023-08-24,178.25900483655056,178.6832744289853,173.66118769058747,174.02626037597656,54945800
2023-08-25,175.0129196769248,176.75928869570708,173.47373983758078,176.22650146484375,51449600
2023-08-28,177.68674410027091,178.1800717356574,176.16730160755293,177.78541564941406,43820700
2023-08-29,177.3019791564373,182.4325844218137,177.10465107991652,181.6629943847656,53003900
2023-08-30,182.47204640358007,185.3432171414265,182.27471834075723,185.1458740234375,60813900
2023-08-31,185.33334709899387,186.59626480914432,184.97815055206613,185.36294555664065,60794500
2023-09-01,186.9613458954921,187.38560051082152,185.76748618147488,186.93174743652344,45766500
2023-09-05,185.76746926717504,187.44478036173828,185.10641198511868,187.16851806640625,45280000
2023-09-06,185.88587535630464,186.32988234003625,179.04836051297525,180.4691467285156,81755800
2023-09-07,172.84229174782251,175.8318715643951,171.22417743783686,175.19053649902344,112488800
2023-09-08,175.96997548136457,177.83475336123297,175.4174358773743,175.80223083496094,65551300
2023-09-11,177.6670388917848,177.89396541040293,174.97345890425444,176.9665069580078,58953100
2023-09-12,177.09477490699047,177.72623373133553,172.487096210491,173.9473419189453,90370200
2023-09-13,174.15453395453247,174.93400012779577,171.65829707262083,171.88523864746094,84267900
2023-09-14,171.6780505009118,173.75003299454158,171.2636570132194,173.39483642578125,60895800
2023-09-15,174.12494522635322,174.14468255030425,171.5004532372104,172.674560546875,109259500
2023-09-18,174.12492516303394,176.9862345995646,173.81906442528663,175.5950469970703,67257600
2023-09-19,175.15107052586188,177.23291401853146,174.7662755227223,176.68038940429688,51826900
2023-09-20,176.8678428874874,177.3019736755132,173.0593524132158,173.14816284179688,58436200
2023-09-21,172.22069958579337,173.94734650075085,171.53990496478352,171.6089630126953,63149100
2023-09-22,172.3391104328253,174.71695374662696,171.7273888544839,172.45750427246094,56725400
2023-09-25,171.87536866413782,174.60840835340898,171.82603288281885,173.73028564453125,46172700
2023-09-26,172.4871029695211,172.8620217812148,169.3692683155077,169.66526794433594,64588900
2023-09-27,170.31643241476104,170.730825832551,166.79408083596385,168.15565490722656,66921800
2023-09-28,167.0802102082604,169.73431545858824,165.38316183381656,168.41220092773438,56294400
2023-09-29,169.72449683733615,170.7604882058458,168.06690763668684,168.92530822753906,51861100
2023-10-02,168.93509907845757,171.97399880268054,168.64896064883084,171.43133544921875,52164500
2023-10-03,169.96124934298015,171.31297744317223,168.54047825044546,170.09938049316406,49594600
2023-10-04,168.80684851428336,171.8852232303615,168.68845469814508,171.34255981445312,53020300
2023-10-05,171.47083294671847,173.10868450108188,170.3756448658088,172.57589721679688,48527900
2023-10-06,171.48069938400815,175.61478762599208,170.86896284182788,175.1214599609375,57266700
2023-10-09,174.45052401213383,176.6606373398207,173.45400756283908,176.6014404296875,42390800
2023-10-10,175.72333700059065,177.32171396949087,175.57532965392068,176.00946044921875,43698000
2023-10-11,175.82199530812358,177.449985807142,175.23001108089,177.40065002441406,47551100
2023-10-12,177.6670336186698,179.906730392158,176.6507647716162,178.29849243164062,56743100
2023-10-13,178.99899884980246,179.50218762206515,175.76277074017605,176.4633026123047,51427100
2023-10-16,174.39134016768617,176.69024903281087,174.15453745424634,176.33505249023438,52517000
2023-10-17,174.2926982221929,176.03908277453434,172.46739447379483,174.78602600097656,57549400
2023-10-18,173.2369290366687,175.21023951884263,172.7731998689447,173.4934539794922,54764400
2023-10-19,173.69082297603654,175.466805839834,172.85217485644313,173.1185760498047,59302900
2023-10-20,172.97054807703984,173.07908076842247,170.33618008275127,170.57298278808594,64244000
2023-10-23,168.62928473640696,171.68790756499885,167.6623515662161,170.69139099121094,55980100
2023-10-24,170.74072378645857,171.35244533043914,169.16206908920728,171.12551879882812,43816600
2023-10-25,169.5863625938841,170.75060892905034,168.3727654144791,168.8167724609375,57157000
2023-10-26,168.0964590692853,169.09299056011605,163.45918215856796,164.66290283203125,70625300
2023-10-27,164.6826577744484,166.70530437202822,164.60372353518264,165.9751739501953,58499100
2023-10-30,166.76450604315932,168.88580920893756,166.61649869462795,168.01754760742188,51131000
2023-10-31,167.09010101577766,168.61940486913602,165.65943861592592,168.49114990234375,44846000
2023-11-01,168.71805482147735,171.9049471971035,167.84979334743332,171.64842224121094,56934900
2023-11-02,173.17776232760195,175.40759814141026,173.118565411641,175.20040893554688,77334800
2023-11-03,171.91483559510309,174.46040823420765,171.03671292563865,174.29266357421875,79829200
2023-11-06,174.02628274488598,177.0355696443862,173.85855313497558,176.83824157714844,63841300
2023-11-07,176.7889073081916,180.00541354681909,176.58171810512866,179.39369201660156,70530000
2023-11-08,179.91661457451394,181.00192645947115,179.16674685036813,180.44940185546875,49340300
2023-11-09,180.51846299464347,181.66297171772456,179.38380034968415,179.97579956054688,53763500
2023-11-10,181.75410719319203,184.32279657138264,181.3194045222676,184.1548309326172,66133400
2023-11-13,183.5818610830609,183.7893232540613,181.9912524470517,182.5741424560547,43627500
2023-11-14,185.4392054784728,185.8442707665973,184.05607409829287,185.18234252929688,60108400
2023-11-15,185.5874219964848,187.21754232445392,185.51825788469085,185.7454833984375,53790500
2023-11-16,187.286705162902,188.65996251273407,186.37777296409004,187.42501831054688,54412900
2023-11-17,187.95848017105547,188.08691917335904,186.29872264128755,187.4052276611328,50922700
2023-11-20,187.6028199473413,189.598493753426,187.59294582194016,189.1440277099609,46505100
2023-11-21,189.1045562110786,189.21323191352624,187.4546724193767,188.3438262939453,38134500
2023-11-22,189.1835618351496,190.60620477415247,188.53150773289747,189.00572204589844,39617700
2023-11-24,188.57102324664504,188.60066069963847,186.97054048498805,187.681869506836,24048300
2023-11-27,187.6324520630897,188.37341847212545,186.62473352580105,187.50401306152344,40552600
2023-11-28,187.4941467613032,188.77849160556613,187.11871894105684,188.106674194336,38415400
2023-11-29,188.6006511365786,189.77632029571453,186.6939047406696,187.08908081054688,43014200
2023-11-30,187.55341843722024,188.02764780463457,185.92329832736,187.6620941162109,48794400
2023-12-01,188.0375263099119,189.25270705784,186.95076949469112,188.9365692138672,45704800
2023-12-04,187.69175492742627,187.76091903857423,185.19222907454912,187.1483764648437,43389500
2023-12-05,187.91895861640964,192.0584780958342,187.88930609245244,191.0902862548828,66628400
2023-12-06,192.10788966712872,192.4141533735728,189.79607806848605,190.0035552978516,41089700
2023-12-07,191.29779342674496,192.65128739108167,191.25826677194576,191.9300842285156,47477700
2023-12-08,191.8608850011168,193.629333142132,191.33726998338577,193.3527069091797,53406400
2023-12-11,190.78404615931,191.15947399253525,189.1143993115469,190.8531951904297,60943700
2023-12-12,190.75438957156285,192.3746354774224,189.41076991243543,192.36476135253903,52696900
2023-12-13,192.7401657802978,195.6151188726379,192.50306619330016,195.5756072998047,70404200
2023-12-14,195.63490356313392,197.21562292408947,193.79730618821,195.72381591796875,66831600
2023-12-15,195.1508114803035,196.01032777733312,194.6271963711933,195.1903381347656,128538400
2023-12-18,193.72812085100188,194.2616250715381,192.04860011875653,193.5305328369141,55751900
2023-12-19,193.7973129513213,194.5777909959987,193.53056080250687,194.5679168701172,40714100
2023-12-20,194.5283508193705,195.29895458209847,192.48329162597656,192.48329162597656,52242800
2023-12-21,193.7380231930817,194.7062150802908,191.16933361068988,192.33511352539065,46482500
2023-12-22,192.82908334808235,193.0563238917753,190.64571085868127,191.26812744140625,37149600
2023-12-26,191.2780297879531,191.55465607108985,190.50742584564344,190.7247772216797,28919300
2023-12-27,190.1715083660256,191.16933772508392,188.78836199381533,190.82354736328125,48087700
2023-12-28,191.8016351063812,192.31537606668743,190.84331729052167,191.2483825683593,34049900
2023-12-29,191.56452296375952,192.0585006042798,189.4206618129017,190.2110290527344,42672100
2024-01-02,184.89581391743903,186.1702845968541,181.6750853181039,183.4040069580078,82488700
2024-01-03,182.00109375351624,183.6411028737897,181.2206007652541,182.03073120117188,58414500
2024-01-04,179.95601742530295,180.8846976415739,178.70132528842504,179.7189178466797,71983600
2024-01-05,179.79796753554595,180.5586821654936,177.99988188294327,178.99771118164062,62379700
2024-01-08,179.89677561800764,183.3645083431593,179.313885613353,183.32498168945312,59144500
2024-01-09,181.7047275700206,182.9199083051763,180.52905841182087,182.9100341796875,42841800
2024-01-10,182.129538572139,184.15483457675245,181.70471001714745,183.94737243652344,46792900
2024-01-11,184.293153408918,184.7970202008086,181.40832608034748,183.35459899902344,49128400
2024-01-12,183.8189619436421,184.49077939116623,182.9594456508556,183.6806488037109,40477800
2024-01-16,179.9659478564055,182.04064501968628,178.75075193755313,181.41824340820312,65603000
2024-01-17,179.08663943068214,180.7266335700197,178.12832170152117,180.47964477539065,47317400
2024-01-18,183.8485869578717,186.86185345428623,183.59172402252184,186.3580017089844,78005800
2024-01-19,187.0495648712278,189.6380027410588,186.5457131326349,189.2527008056641,68903000
2024-01-22,189.9837813694604,192.97728431537945,189.94425472083472,191.5546264648437,60133900
2024-01-23,192.6710249306752,193.3922279967128,191.4953558452852,192.8290863037109,42355600
2024-01-24,193.06618924735707,194.0146328029546,191.99919590043444,192.1572723388672,53631300
2024-01-25,192.8686243338672,193.90598035718745,190.78403816176663,191.83126831054688,54822100
2024-01-26,191.93006387634745,192.41415228379137,189.6281264159501,190.1023406982422,44594000
2024-01-29,189.6972652775173,189.8849791703456,187.2965414692382,189.420639038086,47145600
2024-01-30,188.640195504988,189.48983770252025,185.21198926058483,185.77511596679688,55859400
2024-01-31,184.7871410441138,184.846431021382,182.12955411744667,182.178939819336,55467800
2024-02-01,181.77388729281213,184.6982263171025,181.6059367135455,184.6093139648437,64885400
2024-02-02,177.6936236133024,185.07365019396585,177.09097033579843,183.61148071289065,102551700
2024-02-05,185.8837890630235,186.9705459545833,183.6016146657499,185.41944885253903,69668800
2024-02-06,184.6093298683978,187.02981736340607,184.5204175084795,187.0199432373047,43490800
2024-02-07,188.3437971267345,188.7488624163105,186.33824908078665,187.1286163330078,53439000
2024-02-08,187.1088468471974,187.257034106798,185.0934247416245,186.0517425537109,40962000
2024-02-09,186.6155602859614,187.941120969739,185.9725760341758,186.8134155273437,45155200
2024-02-12,186.38806813077576,186.63537211912904,184.7756412965565,185.1317596435547,41781900
2024-02-13,183.76664838776776,184.2019058140478,181.53101071537256,183.0445098876953,56529500
2024-02-14,183.32148884677065,183.52921572281525,180.4725423642709,182.16409301757807,54630500
2024-02-15,181.57060374922136,182.50046922442783,179.39433152096026,181.87725830078125,65434500
2024-02-16,181.44196326564105,182.85654973235168,179.7108355866275,180.34393310546875,49752500
2024-02-20,179.82956623009554,180.46266385305907,178.0588762686663,179.60205078125,53665600
2024-02-21,179.9779444437335,180.91769653606136,178.71174929095213,180.3538513183593,41371400
2024-02-22,181.5013427712477,182.96539328132977,180.4923533451292,182.3817443847656,52292200
2024-02-23,183.01481932952075,183.04449459753943,180.2648004687261,180.5516815185547,45119700
2024-02-26,180.2747302189796,180.7891116738245,178.70186529911302,179.2063751220703,40867400
2024-02-27,179.14699293032547,181.9365737231629,177.62359209867634,180.6604919433593,54318900
2024-02-28,180.54178846123017,181.14521076395337,178.1874648834917,179.4635467529297,48953900
2024-02-29,179.31517776545977,180.6011615069905,177.59393659501978,178.80078125,136682600
2024-03-01,177.6137198257161,178.5831471920378,175.46712311031385,177.7225341796875,73563100
2024-03-04,174.25036500096817,174.9922768844708,171.91581500377694,173.21170043945312,81510100
2024-03-05,168.91852858137074,170.18472392770593,167.79082287934597,168.28543090820312,95132400
2024-03-06,169.21525418377138,169.39332087872134,166.8609157238647,167.29617309570312,68587700
2024-03-07,167.32585131213037,168.88881413208614,166.67298033709926,167.17747497558594,71765100
2024-03-08,167.1774852017091,171.82679686006907,167.11813466346086,168.88882446289062,76267000
2024-03-11,171.07499261235472,172.49946586057737,170.1945911039721,170.8870391845703,60139500
2024-03-12,171.28273835287425,172.1532532324886,169.16581679091567,171.36187744140625,59825400
2024-03-13,170.90684419661972,171.3223130850131,168.91851047344855,169.28453063964844,52488700
2024-03-14,171.04532782778392,172.43022407386235,170.19460153541087,171.1343536376953,72913500
2024-03-15,169.3240932528417,170.75845336914062,168.45357838204507,170.75845336914062,121752700
2024-03-18,173.67665901704393,175.79358063684148,171.6487632139381,171.8466033935547,75604200
2024-03-19,172.45989598897214,174.70542030322298,171.16402557801365,174.18113708496094,55215200
2024-03-20,173.82502584048726,176.7432098388672,173.2018149693641,176.7432098388672,53423100
2024-03-21,175.14068113790177,175.57593855649498,168.99764365136926,169.5219268798828,106181300
2024-03-22,169.90772263085665,171.18381963278856,168.22605856941686,170.422119140625,71160100
2024-03-25,168.73057383883838,170.085794876263,167.6226416976105,169.00755310058594,54288300
2024-03-26,168.16670300567833,169.57138777241732,167.7512341389727,167.8798370361328,57388400
2024-03-27,168.5722893771007,171.72789059246503,168.27552158079686,171.44100952148438,60273300
2024-03-28,169.8978451053126,170.37266455083602,168.67121185228598,169.63075256347656,65672700
2024-04-01,169.34385933496506,169.40320986933065,167.65229363436822,168.1963653564453,46240500
2024-04-02,167.2566433485096,167.51383407497934,166.4158037095213,167.01922607421875,49329500
2024-04-03,166.96973884210524,168.83935621904524,166.76201196368757,167.82046508789062,47691700
2024-04-04,168.4535689105981,170.06599565718972,166.9994354248047,166.9994354248047,53704400
2024-04-05,167.7611226870966,168.5524984345705,167.12802510796487,167.75123596191406,42104800
2024-04-08,167.20716991074772,167.37533481002382,166.4256959559663,166.6334228515625,37425500
2024-04-09,166.88073030235694,168.24585316442327,166.53451377109624,167.84027099609375,42373800
2024-04-10,166.9796465317702,167.2665125006067,165.30786924976792,165.97064208984375,49709300
2024-04-11,166.5246149420751,173.56784300454478,166.3465633103838,173.15235900878906,91070300
2024-04-12,172.38075949507746,176.43655077441642,172.33131077483722,174.6460723876953,101670900
2024-04-15,173.46888692512982,174.72519524382946,170.6397290741028,170.8276824951172,73531800
2024-04-16,169.8978273072319,171.88614579113815,166.45536027289515,167.5533905029297,73711200
2024-04-17,167.78091646807815,168.80969440593617,166.1882781982422,166.1882781982422,50901200
2024-04-18,166.21793076697907,166.8213530127437,164.7538955996717,165.2386016845703,43122900
2024-04-19,164.41760010663418,164.60553846988037,162.3105651694999,163.22064208984375,68149400
2024-04-22,163.73503344203667,165.4562595890904,162.993121456103,164.05157470703125,48116400
2024-04-23,163.56685559955991,165.24851961582092,163.14148491226467,165.10012817382812,49537800
2024-04-24,164.74402954196006,167.47427542099652,164.4176015378687,167.19729614257812,48251800
2024-04-25,167.70177351115603,168.77012851479734,166.33665071301928,168.05789184570312,50558300
2024-04-26,168.04799015720317,169.49223681731962,167.35552700029277,167.4742431640625,44838400
2024-04-29,171.50037962888564,174.13169791183088,171.23330216655395,171.6289825439453,68169400
2024-04-30,171.46081207960546,173.1029142716877,168.1667209693098,168.4931640625,65934800
2024-05-01,167.75122238913238,170.84747276952126,167.28628974114312,167.4742431640625,50383100
2024-05-02,170.64960504410078,171.54979500684232,169.04708034568128,171.16400146484375,94214900
2024-05-03,184.6371607618832,184.98339240032777,180.690198573654,181.4024353027344,163224100
2024-05-06,180.38350950373416,182.2135497008928,178.474315136007,179.7504119873047,78569700
2024-05-07,181.47164781905605,182.9060078076493,179.36462828599997,180.43296813964844,77305800
2024-05-08,180.87814724687024,181.09577596912635,179.4932358239461,180.7693328857422,45057100
2024-05-09,180.5912712741972,182.6686309202814,180.1461270912472,182.57960510253903,48983000
2024-05-10,183.15413237021016,183.3423407717933,180.41029812888445,181.3216094970703,50759500
2024-05-13,183.68902280376187,185.3333522177452,182.8767582325011,184.5210876464844,72044800
2024-05-14,185.73944844741243,186.52199740854093,184.53096697721367,185.6602020263672,52393600
2024-05-15,186.13569714479723,188.8498155126645,185.60078753373725,187.92860412597656,70400000
2024-05-16,188.6714956614686,189.2955517477419,187.8691464732364,188.0474395751953,52845200
2024-05-17,187.72056236134893,189.0082902438942,187.3936765447615,188.07716369628903,41282900
2024-05-20,187.5422694948197,190.10781001398533,187.22528381236825,189.23611450195312,44361300
2024-05-21,189.28565540299903,190.9101693246029,189.11726241831752,190.5337677001953,42309400
2024-05-22,190.4544861006955,190.99929572387472,188.47337119073995,189.097412109375,34648500
2024-05-23,189.1767103485156,189.19652573516208,184.86779330766728,185.1154327392578,51005900
2024-05-24,187.03710655742805,188.780482615826,186.2644576690756,188.18614196777344,36327000
2024-05-28,189.7016815997372,191.1776178733189,187.31444925751387,188.196044921875,52280100
2024-05-29,187.81962268312432,190.4346940804733,187.7205608795916,188.49319458007807,53068000
2024-05-30,188.9587703074631,190.3653603450464,188.83000809203267,189.4837646484375,49889100
2024-05-31,189.6323735603605,190.7517086279001,188.11682144814543,190.43472290039065,75158300
2024-06-03,191.07855630297723,193.1488331883376,190.7021546904014,192.1978912353516,50080500
2024-06-04,192.80214765697744,193.47573474401025,191.20734917579057,192.514892578125,47471400
2024-06-05,193.55497498638144,195.04081158591265,193.0299805970573,194.02053833007807,54156800
2024-06-06,193.84224299284628,194.64459232913163,192.33659102362645,192.64366149902344,41181800
2024-06-07,192.81205951087668,195.08044521695948,192.3068805009325,195.03091430664065,53103900
2024-06-10,195.0408003359433,195.43703247512377,190.33565137548777,191.29649353027344,97010200
2024-06-11,191.82148694435384,205.2039307530545,191.80168667352527,205.1940155029297,172373300
2024-06-12,205.4119301648784,218.1207863262847,204.9463668712596,211.05812072753903,198134300
2024-06-13,212.71235034689784,214.70336573665497,209.60200000148347,212.21707153320312,97862700
2024-06-14,211.8307557867417,213.13828400218216,209.3048308005582,210.4835968017578,70122700
2024-06-17,211.35530191551948,216.8826159647324,210.71144542501693,214.6241455078125,93728300
2024-06-18,215.5354294813442,216.5656178731208,210.9887736209857,212.2665863037109,79943300
2024-06-20,211.90997342693947,212.2170589696065,206.87795427864967,207.7001037597656,86172500
2024-06-21,208.40340309586463,209.88923942625428,205.154375529256,205.53079223632807,241805100
2024-06-24,205.758650189802,210.69162338847192,204.63931513285507,206.1746826171875,80727000
2024-06-25,207.1751175381149,209.38407188516825,206.64022308060072,207.09588623046875,55549700
2024-06-26,209.5029437835443,212.8312181049777,208.6510635966682,211.2364196777344,66213200
2024-06-27,212.6628250462321,213.70291360533915,210.3449237645948,212.07839965820312,49772700
2024-06-28,213.73263728250333,214.0298076128336,208.3142855019514,208.6312561035156,82542700
2024-07-01,210.0873818270101,215.45620282037203,209.91898882948183,214.7033843994141,60402900
2024-07-02,214.1090169642201,218.29908645117231,213.0689435868198,218.19012451171875,58046200
2024-07-03,217.9226710339425,219.45803833007807,216.96182895702523,219.45803833007807,37369800
2024-07-05,219.5570869821695,224.3117665065084,219.5570869821695,224.2028045654297,60412400
2024-07-08,224.9457357840812,225.698569280442,221.1419979904105,225.6688537597656,59085900
2024-07-09,225.77780318070188,227.2339241693749,224.232535628978,226.52072143554688,48076100
2024-07-10,227.1348758928893,230.87918266211804,227.08534498663496,230.7801208496093,62627700
2024-07-11,229.2051413563895,230.19569903805672,223.6382120221272,225.4212188720703,64710600
2024-07-12,226.7584454352943,230.44332094014865,226.5207061684713,228.36314392089844,53046500
2024-07-15,234.2470528694744,234.989971056324,230.8890632695025,232.1866912841797,62631300
2024-07-16,232.781045805997,234.03905824311,230.1362587163494,232.60275268554688,43234300
2024-07-17,227.2834515580279,229.2744821236097,224.4999869579788,226.7188415527344,57345900
2024-07-18,228.10562515807683,228.26411801705945,220.17126344980832,222.063217163086,66034600
2024-07-19,222.6971801635164,224.65848009632384,221.1717129043359,222.1919860839844,49151500
2024-07-22,224.86649525231948,225.62922890399747,220.98351093014816,221.8453063964844,48201800
2024-07-23,222.25140445670337,224.7971447504236,220.57735968997056,222.88536071777344,39960300
2024-07-24,221.8849069457516,222.67735606492835,215.0797809310421,216.47645568847656,61777600
2024-07-25,216.86276105080304,218.7646448818125,212.5934603521864,215.4363708496093,51391200
2024-07-26,216.6349653026102,217.41751434744816,213.97036267942912,215.90196228027344,41601300
2024-07-29,214.91137828370984,217.22927938341869,213.7127969665886,216.1792907714844,36311800
2024-07-30,217.1203409396055,218.2495760935564,214.0793215979517,216.7340240478516,41643800
2024-07-31,219.34907597117163,221.70660788092644,218.5467267386139,219.9830322265625,50036300
2024-08-01,222.2514024343897,222.36036437427163,214.9708131904169,216.29815673828125,62501000
2024-08-02,217.0807092384795,223.4698183577824,215.6543188775265,217.7840118408203,105568600
2024-08-05,197.21010696314244,211.484045462397,194.1492876376104,207.2939910888672,119548600
2024-08-06,203.36148541473497,208.00720313955475,199.17143085232243,205.27325439453125,69660500
2024-08-07,204.9463947068297,211.6227594573252,204.4412156900116,207.83883666992188,63516400
2024-08-08,211.097744151489,212.17744837655164,206.8581585633277,211.2958526611328,47161100
2024-08-09,210.09728825409005,214.7330909034816,209.9685109200368,214.1981964111328,42201600
2024-08-12,214.27755355785243,217.6890036100364,213.81145133020567,215.7254333496093,38028100
2024-08-13,217.1931411881453,220.04925425523973,217.1931411881453,219.4344024658203,44155300
2024-08-14,218.7402072098891,221.17979111862687,217.8774142480331,219.8806610107422,41960600
2024-08-15,222.73677426147512,223.48055242779947,220.9120269929499,222.85577392578125,46414000
2024-08-16,222.0623936904576,224.94825642777528,221.7946293302413,224.1747283935547,44340200
2024-08-19,223.847479601952,224.115243980586,221.1897044016044,224.0160675048828,40687800
2024-08-20,223.8970689622142,225.28544883578485,223.5797163441377,224.63092041015625,30299000
2024-08-21,224.6408348597364,226.0887144870136,223.1830285060583,224.5218200683593,34765500
2024-08-22,225.90027790842765,226.44571820828537,222.04254943445835,222.6673278808593,43695300
2024-08-23,223.7879871535285,226.3267476403601,222.4690186706249,224.95819091796875,38677300
2024-08-26,224.87885041051024,225.39454085782168,222.0326640536948,225.2953643798828,30602200
2024-08-27,224.1251624880706,226.95152567852384,223.024370155518,226.1383209228516,35934600
2024-08-28,226.0292136907944,227.95312221094204,223.80779089178384,224.611083984375,38052200
2024-08-29,228.191123238114,230.98772097763543,226.98124300552124,227.88368225097656,51906300
2024-08-30,228.28041127940648,228.48866070475933,225.5928860148415,227.10028076171875,52990800
2024-09-03,226.65398476754007,227.1002486051705,219.33520335446548,220.92193603515625,50190600
2024-09-04,219.82114598403248,219.94014563997789,215.67581475954933,219.0178680419922,43840200
2024-09-05,219.79139340374425,223.60944526365165,219.6823053430495,220.53517150878903,36615400
2024-09-06,222.0921370424939,223.3714438451236,217.9468210396507,218.9881134033203,48423000
2024-09-09,218.98814282610013,219.4344067184307,214.91223769602945,219.077392578125,67180000
2024-09-10,217.1038662465979,219.6426263973432,214.93203178151688,218.28399658203125,51591000
2024-09-11,219.62279381512943,221.23926118740863,216.0824029602768,220.8128356933593,44587100
2024-09-12,220.65417167969628,221.6954640556368,217.99641184157417,220.92193603515625,37455600
2024-09-13,221.725232442346,222.18140791181287,220.0690882024533,220.65419006347656,36766600
2024-09-16,214.74362792854853,215.4179946756504,212.14536768072225,214.5254669189453,59357400
2024-09-17,213.96019610771708,215.10064996456288,212.720565771056,214.99156188964844,45519300
2024-09-18,215.7452565018275,220.86245391858552,215.7353297749969,218.8592071533203,59894900
2024-09-19,223.1235418425436,227.91347512552952,222.76652771175563,226.97134399414065,66781300
2024-09-20,228.0622053540531,231.1563174701668,225.7316945408236,226.306884765625,318679900
2024-09-23,225.454010038184,227.54650632766104,223.9367039516944,224.5912322998047,54146000
2024-09-24,226.75316007712863,227.4473651253421,223.85738561877668,225.48377990722656,43556100
2024-09-25,223.06400902085235,225.40443143928672,222.1615697374452,224.4920654296875,42308700
2024-09-26,225.41434646896755,226.604388370512,223.54002631267903,225.6325225830078,36636700
2024-09-27,226.56473891662023,227.6159429044405,225.41435845997736,225.90028381347656,34026000
2024-09-30,228.13162655878588,231.06707763671875,227.74486252768645,231.06707763671875,54541900
2024-10-01,227.61592740519507,227.74483864724093,221.883878964708,224.33338928222656,63285000
2024-10-02,224.0160654907427,225.4837834982784,221.1698792236784,224.898681640625,32880600
2024-10-03,223.2723105174136,224.9284549197904,221.46741651957464,223.79791259765625,34044200
2024-10-04,226.00938361911108,226.10856009308668,222.27066963907552,224.91851806640625,37245100
2024-10-07,222.63760820325265,223.8177387035232,219.4939074890314,219.8509216308593,39505400
2024-10-08,222.4392729660192,224.1053288924776,221.39798044587943,223.89707946777344,31855700
2024-10-09,223.3615300750172,227.84403724277385,222.9648544526125,227.63577270507807,33591100
2024-10-10,225.89035090278009,227.59608310657336,225.28541081733945,227.139892578125,28183500
2024-10-11,227.39775944467087,227.5068475039757,225.4540126967509,225.6622772216797,31759200
2024-10-14,226.8027579765277,229.80762063057296,226.70359663127624,229.3811950683593,39882100
2024-10-15,231.67201972311165,235.51983687729248,230.44230106244424,231.9100341796875,64751400
2024-10-16,229.6786782577772,230.1943535005289,227.93326933706737,229.857177734375,34082200
2024-10-17,231.4935319291177,231.91006105945496,228.6076838612002,230.22415161132807,32993800
2024-10-18,234.2206950473064,234.2206950473064,232.0686987091599,233.0504913330078,46431500
2024-10-21,232.5050756862118,234.88517514263293,232.5050756862118,234.5182342529297,36254500
2024-10-22,231.94969236544068,234.26036494372264,230.67040061866737,233.90335083007807,38846600
2024-10-23,232.1381225791717,233.189326617388,225.87054472777703,228.8456573486328,52287000
2024-10-24,228.07212485007065,228.90516786821388,226.5151571441293,228.65724182128903,31109500
2024-10-25,227.8341358984025,231.2852623916401,227.6655479946858,229.4902801513672,38802300
2024-10-28,231.38442210065008,232.78271346714027,230.6208056596869,231.4637451171875,36087100
2024-10-29,231.1662732954221,232.38606532055925,230.39274516902225,231.7315368652344,35417200
2024-10-30,230.68031899274527,231.5331852263952,227.64570650368097,228.191146850586,47070900
2024-10-31,227.43741116025225,227.9233516093632,223.50034473329785,224.035873413086,64370100
2024-11-01,219.1368672842602,223.4805363045207,218.44267740554844,221.060775756836,65276700
2024-11-04,219.15671602208408,220.9417714715672,217.88733586004025,220.16824340820312,44944500
2024-11-05,219.9600075033543,222.0921656056809,219.3054790611885,221.5963134765625,28111300
2024-11-06,220.7632721624041,224.19457534628128,219.35505401685137,220.8723602294922,54561100
2024-11-07,222.76650205936048,225.989540460088,222.70700223311508,225.5928497314453,42137700
2024-11-08,225.53329235935945,227.0125627173092,224.77877343219785,225.32481384277344,38328800
2024-11-11,223.3789586310084,224.07391236142263,219.9041748300816,222.614501953125,42005600
2024-11-12,222.93220374351736,223.9647042645822,221.7507748273854,222.614501953125,40398300
2024-11-13,222.39604361529624,225.01702229393592,221.15504963584843,223.498046875,48566200
2024-11-14,223.398802697962,227.22105551450989,223.3789425502784,226.57574462890625,44923900
2024-11-15,224.76884409236823,225.28510187679905,222.65420045885568,223.37893676757807,47923700
2024-11-18,223.62713486361545,228.08479108540536,223.54770942404784,226.377182006836,44633700
2024-11-19,225.3446628208732,228.5017596103349,225.0269762165604,226.6352996826172,36211800
2024-11-20,226.4168829534927,228.27340522879027,224.2625190725532,227.35011291503903,35169600
2024-11-21,227.230987838277,228.50176458087773,224.0838286281757,226.8735809326172,42108300
2024-11-22,226.4168797117104,229.0577186823492,226.4168797117104,228.21383666992188,38168300
2024-11-25,229.7923852373244,231.5694819920469,228.0847762696763,231.1922149658203,90152800
2024-11-26,231.64893863936047,233.87280565588551,231.64893863936047,233.3664703369141,45986200
2024-11-27,232.7807036494696,233.99191506726265,232.12545514826604,233.2373809814453,33498400
2024-11-29,233.11825362062933,236.0966394139658,232.28430923422,235.6201019287109,28481400
2024-12-02,235.5605381566453,239.0551666028684,235.45133007089743,237.8638153076172,48137100
2024-12-03,238.08224409194108,241.010987266338,237.1787967118795,240.9017791748047,38861000
2024-12-04,241.12017980186528,242.35125137710352,239.51185632927687,241.25917053222656,44383900
2024-12-05,242.232138632232,242.7781639460277,240.3855387078128,241.2889709472656,40033900
2024-12-06,241.1599265312105,242.8675357764656,240.33590455772136,241.0904235839844,36870600
2024-12-09,240.0876931250464,245.4587194212017,240.0082676818909,244.9722442626953,44649200
2024-12-10,245.1112138894333,246.4217108653419,243.57237825215392,245.98487854003903,36914800
2024-12-11,246.17350623578653,248.9930409884295,244.48574226451257,244.714096069336,45205800
2024-12-12,245.11122473397327,246.9479020514793,243.9099357862414,246.17352294921875,32777500
2024-12-13,246.0345515383569,247.4939467696469,244.4659330634784,246.34231567382807,33155300
2024-12-16,246.2032946496481,249.56886987487528,245.86573275817128,249.23130798339844,51694800
2024-12-17,248.2782345553336,252.0012166921119,247.98039295462075,251.6537322998047,51356400
2024-12-18,250.3432677271904,252.4479889260113,245.9551142972568,246.26287841796875,56774100
2024-12-19,245.71684652457995,250.1844255522996,245.3097967996626,247.99034118652344,60882300
2024-12-20,246.2529520123801,253.1628143156686,243.91989202858784,252.656494140625,147495300
2024-12-23,252.93444954402884,253.80809906094288,251.62395254537785,253.43084716796875,40858800
2024-12-24,253.64924013847912,256.34962902881983,253.45066898797964,256.3397216796875,23234700
2024-12-26,256.32980188696064,258.2260444048055,255.7738389840821,257.15380859375,27237100
2024-12-27,255.9723714358678,256.8361287043752,251.2367492695516,253.7485198974609,42355300
2024-12-30,250.41276299480816,251.67361731138075,248.9434301413362,250.3829803466797,35557500
2024-12-31,250.6212343300532,251.4551787009884,247.6329109442556,248.61578369140625,39480700
2025-01-02,247.1365264348607,247.3053149666319,240.0777664039773,242.0931396484375,55740700
2025-01-03,241.6066436767578,242.42072787413275,240.14723350152744,241.6066436767578,40244100
2025-01-06,242.5498168429892,245.548062884782,241.4478134561986,243.2348480224609,45045600
2025-01-07,241.2293920171741,243.78088314896328,239.61114601786807,240.46495056152344,40856000
2025-01-08,240.1770368943837,241.9541489627904,238.32051453305576,240.951416015625,37628900
2025-01-10,238.2807606174901,238.4296889806259,231.32127200767005,235.1435394287109,61710900
2025-01-13,231.84745469090635,232.97924057803328,228.0649075194256,232.711181640625,49630700
2025-01-14,233.0586839045808,234.41880854341963,230.7951119565212,231.59927368164065,39435300
2025-01-15,232.94947976770305,237.2383625727966,232.74098609709984,236.1562042236328,39832000
2025-01-16,235.6399369865453,236.29517027818645,226.38707883563703,226.61541748046875,71759100
2025-01-17,230.44762501944007,230.61639839146835,226.8338509712665,228.3230438232422,68488300
2025-01-21,222.38613659782595,222.8031087860845,217.79942737812888,221.0359344482422,98070400
2025-01-22,218.2064751614249,222.5052806842356,218.2064751614249,222.2173767089844,64126500
2025-01-23,223.1208046468074,225.3942990498913,220.6983818704437,222.048583984375,60234800
2025-01-24,223.1605326731104,224.0044147616684,219.8148172645265,221.1749420166016,54697900
2025-01-27,222.40601266103107,230.47742834163907,222.36629236472388,228.2039337158203,94863400
2025-01-28,229.1867797612423,238.4594833656038,229.14705946957608,236.5433807373047,75707600
2025-01-29,232.4332299805781,238.1318804363608,232.3240218920036,237.635482788086,45486100
2025-01-30,236.95044029141235,239.05516137192973,235.500967711044,235.8782196044922,55658300
2025-01-31,245.4090480777253,245.4090480777253,231.7581140684966,234.29966735839844,100959800
2025-02-03,228.3329787245057,230.15971829856625,224.0738787357251,226.3672332763672,73063300
2025-02-04,225.6127398204117,231.4503812363357,225.01705656002383,231.1227569580078,45067300
2025-02-05,226.88348940722173,230.9936609938165,226.62536810475493,230.79510498046875,39620300
2025-02-06,229.6236158418004,232.1155417136993,228.7698112868805,231.5397186279297,29925300
2025-02-07,230.9241838961893,232.31409120281864,225.6226456863809,225.989990234375,39707200
2025-02-10,228.1666073624245,229.1803610121675,225.81108525741087,226.25833129882807,33115600
2025-02-11,226.8049592810601,233.7919821040532,226.7353950927951,231.19793701171875,53718400
2025-02-12,229.7866449882993,235.5114431570428,229.2698195612854,235.42198181152344,45243300
2025-02-13,235.46174477414044,240.85854326211725,234.12993999243653,240.05349731445312,53614100
2025-02-14,239.77520922194773,244.0489258287467,239.5168040933544,243.104736328125,40896200
2025-02-18,242.6574585849239,243.6811607859394,240.36158248040348,242.9755096435547,48822500
2025-02-19,243.1643543930965,244.5060925083624,241.6735241546838,243.37306213378903,32204200
2025-02-20,243.4426355672204,245.271383642118,242.7966000469895,244.3271942138672,32316900
2025-02-21,244.44645306890683,247.1697083342209,243.72091995824803,244.0489044189453,53197400
2025-02-24,243.43269920852308,247.33868242018207,242.92582237394555,245.5894470214844,51326400
2025-02-25,246.48393846255715,248.47171215983585,243.41283173998391,245.52980041503903,48013300
2025-02-26,242.83637220684057,243.48239258336395,237.66816369812489,238.89064025878903,44433600
2025-02-27,237.94645181292125,240.9778097055873,235.6108116745941,235.849349975586,41153600
2025-02-28,235.5014665780957,240.6100439575549,228.7927308959873,240.361572265625,56833400
2025-03-03,240.3118838035197,242.5381957053339,234.66661403302143,236.5748748779297,47184000
2025-03-04,236.2568492158016,238.6024227827577,233.2453581153048,234.4877166748047,53798100
2025-03-05,233.98082285378285,235.1039197629907,227.82866128733943,234.2988739013672,47227600
2025-03-06,233.0068596755283,236.4059512347479,231.73468558899623,233.89141845703125,45170400
2025-03-07,233.6727371800736,239.89446338205195,233.3248707174565,237.6085357666016,46273600
2025-03-10,234.1000803119348,234.7163004144548,222.8492900971777,226.08935546875,72071200
2025-03-11,222.4418202229124,224.45940937640347,216.1206990584521,219.489974975586,76137400
2025-03-12,218.7942350576388,220.39439337943787,213.5962114465992,215.653549194336,62547500
2025-03-13,214.6298526174969,215.5144112677834,207.14588618522245,208.398178100586,61368300
2025-03-14,209.95857893569573,212.64207016591416,208.29878985935505,212.1848907470703,60107600
2025-03-17,212.00600336087763,213.9043309003415,208.68642489319868,212.69178771972656,48073400
2025-03-18,212.85081593904235,213.83475423543345,210.19713981325924,211.38980102539065,42432400
2025-03-19,212.91044076829724,217.4226803637017,212.443312738742,213.92420959472656,54385400
2025-03-20,212.6818553101102,216.160459331218,210.92267131595003,212.7911834716797,48862900
2025-03-21,210.2666968536004,217.5021918152461,209.9884097524224,216.9356842041016,94127800
2025-03-24,219.6489841771892,220.1260455978378,217.24377992596973,219.3806304931641,44299500
2025-03-25,219.42039321145907,222.7300380772677,218.73460889257407,222.3821716308593,34493600
2025-03-26,222.1436424317859,223.64442126802376,219.12223310716143,220.17575073242188,34466100
2025-03-27,220.0365991694977,223.61459773398053,219.21167130142223,222.4815673828125,37094800
2025-03-28,220.3148741658856,222.44179120535847,216.3492605717641,216.5679168701172,39818600
2025-03-31,215.683368745432,224.24073468961828,214.908138255618,220.77207946777344,65299300
2025-04-01,218.466264911684,222.31260214779184,217.5618242432653,221.8256072998047,36412700
2025-04-02,219.9670353213626,223.8133724100327,219.66886624627367,222.5213165283203,35905900
2025-04-03,204.28351646204925,206.2216081415684,200.01974813123203,201.9478912353516,103419000
2025-04-04,192.70470416765195,198.65809134675584,186.194742826894,187.2283935546875,125910900
2025-04-07,176.11672557211514,192.96310261722127,173.5524959881376,180.35069274902344,160466300
2025-04-08,185.5586531084637,189.17640027021665,168.17558356470508,171.36595153808594,120859500
2025-04-09,170.8988481608281,199.38365014436008,170.8392173737498,197.6344146728516,184395900
2025-04-10,187.9141823452429,193.58926741380884,181.88128226075605,189.25592041015625,121880000
2025-04-11,184.96235041538483,198.32017705332044,184.92258644836303,196.9386749267578,87435900
2025-04-14,210.14743595954587,211.638266220138,199.9302804535287,201.281967163086,101352900
2025-04-15,200.62597928160577,202.2658863473441,198.5785750100267,200.90426635742188,51343900
2025-04-16,197.1474065096439,199.47309822086447,191.19401850640656,193.08241271972656,59732400
2025-04-17,195.9944589047864,197.61449911758032,193.2314550257992,195.7758026123047,52164700
2025-04-21,192.08851517151223,192.6152739871965,188.64966000796989,191.97918701171875,46742500
2025-04-22,194.921085932704,200.3576482646354,194.77200897005903,198.5189666748047,52976400
2025-04-23,204.7406786029273,206.7284521815966,201.56024391015845,203.3492431640625,52929200
2025-04-24,203.63746952607696,207.55338601533765,201.6993932641485,207.09619140625,47311000
2025-04-25,205.1084114199,208.46775361357265,204.9394524859384,208.0006256103516,38222300
2025-04-28,208.71621839949725,210.2070485309222,206.19175271644127,208.85536193847656,38743100
2025-04-29,207.4142395090872,210.94254069563792,207.0961884524305,209.91883850097656,36827600
2025-04-30,208.02053835450616,212.2743732195052,205.40661086468023,211.2009735107422,52286500
2025-05-01,207.8018598241444,213.2483553954001,207.62295230903425,212.0159454345703,57365700
2025-05-02,204.8301320717281,205.7246393133032,200.92416412992952,204.0946655273437,101010600
2025-05-05,201.85841873478097,202.85230555245,196.99831280299983,197.6741485595703,69018500
2025-05-06,196.9983091053983,199.42338015596505,195.81558138809007,197.2964630126953,51216500
2025-05-07,197.95242524507103,198.2207789180717,192.0686174137577,195.0502777099609,68536700
2025-05-08,196.51128929096475,198.82704723676696,193.4898650803139,196.2826995849609,50478900
2025-05-09,197.7834732241415,199.31405222350435,196.3323918231404,197.3163452148437,36453900
2025-05-12,209.9552651685817,210.2538252478288,205.7555615605908,209.776123046875,63775800
2025-05-13,209.4178474798385,212.37356332026263,207.99473291206183,211.90582275390625,51909300
2025-05-14,211.40824098508045,212.9109878637112,209.56714827780408,211.3087310791016,49325800
2025-05-15,209.9353578089324,211.9356997167328,208.53213606160296,210.4329528808593,45029500
2025-05-16,211.33858120774948,211.54757782116647,208.7610423595207,210.24386596679688,54737900
2025-05-19,206.9100072183761,208.47244800462508,203.27755371752323,207.7758178710937,46140500
2025-05-20,206.67113760639387,207.46729276724128,204.0438362053752,205.8650360107422,42496600
2025-05-21,204.18315305948536,206.04415370597744,199.74461367242367,201.1179656982422,59211800
2025-05-22,199.74461200022,201.77479312617928,198.7394602788173,200.3914794921875,46742400
2025-05-23,192.7384848883374,196.7491001935844,192.5295034494263,194.330795288086,78432900
2025-05-27,197.34622283817183,199.77448939448533,196.4803970243206,199.24703979492188,56288500
2025-05-28,199.6251894151235,201.7548957380012,198.9385057789635,199.4560089111328,45339700
2025-05-29,202.60081106845576,202.8297005493605,197.5551897560925,198.9882659912109,51396800
2025-05-30,198.4110644858464,200.98861863398105,195.8335255231089,199.8839569091797,70819900
2025-06-02,199.31669015009305,201.157798076784,199.15745607510848,200.7298583984375,35423300
2025-06-03,200.38154929416936,202.78990771325485,199.99342573046133,202.2923126220703,46381600
2025-06-04,201.9340306292736,205.24801554678163,201.1279290627925,201.844467163086,43604000
2025-06-05,202.5211994717568,203.76518718349973,199.18730633012683,199.66500854492188,55126100
2025-06-06,202.0236205188812,204.71063115372752,201.07819281954235,202.939193725586,46607700
2025-06-09,203.4069254763425,205.0091823144686,199.05794913802785,200.48106384277344,72862600
2025-06-10,199.6351395661653,203.36710243054736,199.605285078082,201.69517517089844,54672600
2025-06-11,202.5212126953003,203.5164029296752,197.4556980468273,197.82391357421875,60989900
2025-06-12,198.12246436103905,198.7195693623348,196.4107360236097,198.24188232421875,43904600
2025-06-13,198.7693188209708,199.4062398916536,194.758703844025,195.50509643554688,51447300
2025-06-16,196.35101387226533,197.7343275327709,195.6145677161257,197.4656219482422,43020700
2025-06-17,196.2514839890114,197.4357626334873,194.27106541566712,194.6989898681641,38856200
2025-06-18,194.99756984742208,196.61973472966923,194.1317592343932,195.63449096679688,45394700
2025-06-20,197.28649906078425,200.7298484455588,195.9131318065836,200.03321838378903,96813500
2025-06-23,200.6602023375907,201.3269779408771,198.00304635957568,200.53082275390625,55814300
2025-06-24,201.61557243039425,202.46149014710028,199.23706853700068,199.3365936279297,54064000
2025-06-25,200.48105886821315,202.690382284235,199.6550491959709,200.5905303955078,39525700
2025-06-26,200.4611428555203,201.66532960796235,198.50063224789568,200.03321838378903,50799100
2025-06-27,200.91892502298623,202.2425296541318,199.0380163756521,200.11282348632807,73188600
2025-06-30,201.03834688076608,206.39247448465787,198.3015741024104,204.1831512451172,91912800
2025-07-01,205.6759415551798,209.17901505124104,205.1484920031366,206.82041931152344,78788900
2025-07-02,207.90519262679368,212.313878014992,207.13889190503232,211.418212890625,67941800
2025-07-03,211.12956719850305,213.61754237258577,210.79120621932267,212.52284240722656,34955800
2025-07-07,211.6570197058033,215.18994753990864,207.79569250723537,208.94015502929688,50229000
2025-07-08,209.08947184941584,210.4130614823681,207.44739887083225,208.99989318847656,42848900
2025-07-09,208.52219391164948,210.31353924447487,206.22330706177223,210.1244506835937,48749400
2025-07-10,209.4974960946228,212.4532123806496,209.01980902189663,211.38836669921875,44443600
2025-07-11,209.55718962168865,211.1096837700706,208.8505979590809,210.14434814453125,39765800
2025-07-14,208.9202738963704,209.8955712375241,206.54176989733165,207.6165771484375,38840100
2025-07-15,208.2136890556617,210.8708449933557,207.9151289669034,208.10421752929688,42296300
2025-07-16,209.28848066940537,211.37837076419683,207.63646146204945,209.149154663086,47490500
2025-07-17,209.5572148434645,210.78129457926272,208.5819174807461,209.0098571777344,48068100
2025-07-18,209.85575432940053,210.77132749863404,208.6913836081342,210.1642608642578,48974600
2025-07-21,211.07984586548804,214.74213848423943,210.61210526026528,211.4580078125,51377400
2025-07-22,212.1148250502387,213.91611676733493,211.20919838168209,213.36875915527344,46404100
2025-07-23,213.96589762082587,214.11517007989065,211.38835859165647,213.11997985839844,46989300
2025-07-24,212.87118332406595,214.65258233290425,212.5029677996749,212.7318572998047,46022600
2025-07-25,213.6673206036272,214.2047317845148,212.3735703810196,212.8512725830078,40268800
2025-07-28,213.00055398053087,213.8166172208377,212.03521828670327,213.0204620361328,37858000
2025-07-29,213.14982178903043,213.7767964509494,209.80599741985404,210.2538299560547,51411700
2025-07-30,210.88077731884883,211.3684259373732,206.720889966108,208.04449462890625,45512500
2025-07-31,207.48719786288635,208.8306954413449,206.1635931537528,206.5716247558593,80698400
2025-08-01,209.8557561748323,212.5527283441607,200.530828701964,201.40660095214844,104434500
2025-08-04,203.5263420730089,206.88014336875773,200.70995198839023,202.37193298339844,75109300
2025-08-05,202.42167200915333,204.35234334482283,201.18764593221573,201.9439849853516,44155100
2025-08-06,204.6409599471833,214.3440641251077,204.60114383647723,212.22430419921875,108483100
2025-08-07,217.82723230897545,219.7877581860688,215.53829184895108,218.97169494628903,90224800
2025-08-08,219.7678474336444,229.88892965735025,218.1954451401473,228.2468719482422,113854000
2025-08-11,227.08116933177635,228.71513292468896,223.9327956372812,226.3438873291016,61806100
2025-08-12,227.1708307452597,229.95057099439725,226.23430307406312,228.80479431152344,55626200
2025-08-13,230.2195756343437,234.1351043372746,229.5819165003467,232.47125244140625,69878500
2025-08-14,233.1985666998313,234.25466305951576,230.0003892485326,231.9232788085937,51916300
2025-08-15,233.1387895567921,233.417757832359,228.4959365092947,230.73765563964844,56038700
2025-08-18,230.8472538899505,232.26202593201924,229.26310933608104,230.0402374267578,37476200
2025-08-19,230.42880766374827,232.0129522601839,228.50591803460907,229.71145629882807,39402600
2025-08-20,229.1335667246527,229.6217687789582,224.9390699166556,225.1781768798828,42263900
2025-08-21,225.43723377620464,225.6863136691638,222.95639256938463,224.072265625,30621200
2025-08-22,225.3376083702921,228.2468598588307,224.58041092619504,226.9217529296875,42477800
2025-08-25,225.6464541310901,228.45608264282487,225.3973742361901,226.323959350586,30983100
2025-08-26,226.0350268937484,228.6453946309622,223.86305742355088,228.466049194336,54575100
2025-08-27,227.7686378094015,230.050203138926,227.41991984776428,229.6417236328125,31259500
2025-08-28,229.9704999102399,232.55096405412047,228.4959359400532,231.7040863037109,38074700
2025-08-29,231.6542779394396,232.5210863786817,230.51847413874464,231.28564453125,39418400
2025-09-02,228.4062708029861,230.00038826150748,226.1346633063032,228.87454223632807,44075600
2025-09-03,236.33697373754435,237.9709372370204,233.49745685978084,237.5923309326172,66427800
2025-09-04,237.5723998534893,239.0170601981439,235.8687018920251,238.8975067138672,47549400
2025-09-05,239.1167179897741,240.4318672359809,237.61228077870243,238.807861328125,54870400
2025-09-08,238.41928864081729,239.2661511981365,235.4701758698508,237.0045166015625,48999500
2025-09-09,236.1277593274596,237.901207105354,232.5011563745861,233.48751831054688,66313900
2025-09-10,231.3354573908009,231.56460664903227,225.118417424808,225.955322265625,83440800
2025-09-11,226.04500979013488,229.60186307827533,225.81584532196928,229.18341064453125,50208600
2025-09-12,228.37638560886936,233.6469097348115,228.17712472443904,233.2085418701172,55824200
2025-09-15,236.1277410783948,237.31336381412063,234.1649902844441,235.828842163086,42699500
2025-09-16,236.3070825366736,240.3322223551857,235.45026224943368,237.2735137939453,63421100
2025-09-17,238.09049720761,239.21634322602875,236.8550554245432,238.1104278564453,46508000
2025-09-18,239.08682096339743,240.31228984200703,235.77903252032195,237.0045166015625,44249600
2025-09-19,240.3421770415445,245.3935247988757,239.32594197772087,244.59646606445312,163741300
2025-09-22,247.38616206443075,255.6954791611581,247.2068166293636,255.13751220703125,105517400
2025-09-23,254.9382669065294,256.3928850249964,252.646728760892,253.4935913085937,60275200
2025-09-24,254.2807025242173,254.7987929994329,250.11607847800005,251.38140869140625,42303700
2025-09-25,252.2781032462208,256.2235357177961,250.7836237831838,255.92462158203125,55202100
2025-09-26,253.1648258525147,256.6519445821492,252.84599627139943,254.5198211669922,46076300
2025-09-29,253.6231177228549,254.06150078407973,252.078819285406,253.4935913085937,40127700
2025-09-30,253.92203562343897,254.9781320575181,252.17847617402816,253.69288635253903,37704300
2025-10-01,254.10134722927504,257.83756097799323,253.9917514638179,254.5098419189453,48713900
2025-10-02,255.6356607808825,257.229778167004,253.2146115335708,256.18365478515625,42630200
2025-10-03,253.73271197999827,258.2858846694617,253.01536064819075,257.07037353515625,49155600
2025-10-06,257.0405037108186,258.1165459888059,254.11133663097664,255.74530029296875,44664100
2025-10-07,255.86485915808865,256.4526841311554,254.48993311029045,255.5360870361328,31955800
2025-10-08,255.5758888188916,257.5685279874928,255.16739414069707,257.1102294921875,36496900
2025-10-09,256.8611554198282,257.0504585775582,252.2083446799687,253.1050262451172,38322000
2025-10-10,254.0017340209507,255.4364367494708,243.10199461677743,244.3673248291016,61999100
2025-10-13,248.46219085423505,248.7710475029622,244.6562426215344,246.7485198974609,38142900
2025-10-14,245.6924164271232,247.9341354996237,243.79940008876653,246.8581085205078,35478000
2025-10-15,248.5717898296712,250.8932163906544,246.559219921403,248.42233276367188,33893600
2025-10-16,247.3363501327597,248.1234359576197,244.22783772705108,246.539291381836,39777000
2025-10-17,247.1072067041429,252.4474806979352,246.3599669580113,251.36148071289065,49147000
2025-10-20,254.94822099113512,263.4069798400544,254.68918336894043,261.2748413085937,90483000
2025-10-21,260.9161783410852,264.3136317818121,260.86634411857244,261.8028869628906,46695900
2025-10-22,261.68336485657886,261.882640960004,254.48993535873984,257.49884033203125,45015300
2025-10-23,258.98332466328685,259.6608147081683,257.0604350924048,258.6246337890625,32754900
2025-10-24,260.2287163700197,263.15789839957887,258.22610426270086,261.85272216796875,38253700
2025-10-27,263.90514984178776,268.1295353654346,263.67598537979285,267.8206787109375,44888200
2025-10-28,267.9999758056659,268.896687690681,267.16307106420925,268.00994873046875,41534800
2025-10-29,268.28892986747474,270.4110953948544,266.1269030442272,268.7073974609375,51086700
2025-10-30,270.98897852374654,273.131090148023,267.4919171420092,270.4011535644531,69886500
2025-10-31,275.9705701844509,276.29937269597025,268.16940070155243,269.3749389648437,86167100
2025-11-03,269.42476736726525,269.8531775103368,265.2701011373342,268.0597839355469,50194600
2025-11-04,267.3424445625432,270.49081837885313,266.6350661079627,269.0461730957031,49274800
2025-11-05,267.6214146886098,270.7000692568828,265.94760492323326,269.14581298828125,43683100
2025-11-06,266.90407480138714,272.3937751745226,266.90407480138714,268.7771301269531,51204000
2025-11-07,268.8069946610708,271.2878509444664,265.78814772800683,267.4819030761719,48227400
2025-11-10,268.2298525605972,272.98692304032335,266.733924572705,268.6985778808594,41312400
2025-11-11,269.07757258136417,275.16101963639426,269.0675899882029,274.5028076171875,46208300
2025-11-12,274.2535066981436,274.9815360542478,270.9624767916609,272.7276611328125,48398000
2025-11-13,273.36590026791555,275.9488963676571,271.3513946141157,272.2090759277344,49602800
2025-11-14,270.3142081927936,275.21088338895913,268.8681625557137,271.6705322265625,47431300
2025-11-17,268.0903024129557,269.75575219797963,265.00869378967747,266.7339782714844,45018300
2025-11-18,269.25705465795,269.97510130800674,264.59974924229334,266.7139892578125,45677300
2025-11-19,264.80921977983166,271.47107967039307,264.77930243197466,267.8309936523437,40424500
2025-11-20,270.0948061865016,274.68232536305425,265.1981613886433,265.5272521972656,45823600
2025-11-21,265.2280517805383,272.5879921198442,264.9488130991126,270.75299072265625,59030800
2025-11-24,270.164627965921,276.24807542504453,270.164627965921,275.1710205078125,65585800
2025-11-25,274.52277261748515,279.6189174225992,274.50283786370125,276.2181701660156,46914200
2025-11-26,276.2081750495132,278.7712060098946,275.8790842359358,276.79656982421875,33431400
2025-11-28,276.50736791500816,278.242634823177,275.2407959413455,278.0930480957031,20135600
2025-12-01,277.2553332443013,282.65065109438723,275.3904143522869,282.3315124511719,46587700
2025-12-02,282.231773534172,286.619823290159,281.86278279875575,285.4131164550781,53669500
2025-12-03,285.4230848596457,287.8364984098337,282.5309329409685,283.3786315917969,43538700
2025-12-04,283.3287830094401,283.95707766942763,277.8337308175164,279.9380187988281,43989100
2025-12-05,279.77845592816414,280.37683325787106,277.2951945750906,278.0232238769531,47265800
2025-12-08,277.3750199323196,278.91084811822003,275.4003836933047,277.1356811523437,38211800
2025-12-09,277.40493251311347,279.2698514894354,276.16830825817004,276.4275817871094,32193300
2025-12-10,276.9960211276047,278.9905919368044,275.68957968235776,278.0232238769531,33038300
2025-12-11,278.34237127554803,278.8310314000742,273.0667227973629,277.2752685546875,33248000
2025-12-12,277.14562382282355,278.4620479370953,276.0685689150702,277.52459716796875,39532900
2025-12-15,279.3894873363706,279.3894873363706,272.0993337942639,273.3658752441406,50409100
2025-12-16,272.07941349564567,274.752131096348,271.0522107383373,273.8645324707031,37648600
2025-12-17,274.2634896625032,275.41036187784255,270.9026424636208,271.1020812988281,50138700
2025-12-18,272.86723904028526,272.8872042261758,266.22534517191764,271.4511108398437,51630700
2025-12-19,271.41126100078174,273.854622814086,269.1673684747946,272.9271545410156,144632000
2025-12-22,272.1192896847017,273.13654030849926,269.7756932559407,270.23443603515625,36571800
2025-12-23,270.1048034873943,271.7603010837797,268.8282792538215,271.62066650390625,29642000
2025-12-24,271.60070067851706,274.6823088952694,271.46109654935304,273.06671142578125,17910600
2025-12-26,273.41578359787746,274.6224904749486,272.11929424741834,272.6578369140625,21521800
2025-12-29,271.9497734782625,273.6152231466168,271.6107000753325,273.0168762207031,23715200
2025-12-30,272.06942798009953,273.3359694836473,271.54086793463244,272.33868408203125,22139600
2025-12-31,272.3187639976345,272.9370761103812,271.0123224859311,271.1220092773437,27293600
2026-01-02,271.52095990203577,277.0857995993762,268.2697994337228,270.2743530273437,37838100
2026-01-05,269.9053759278346,270.7730094869922,265.41759095171795,266.5345458984375,45647200
2026-01-06,266.27521573774703,266.82371056256306,261.40845786144683,261.6477966308594,52352100
2026-01-07,262.485556491205,262.96423405428067,259.10474402829175,259.6233215332031,48309800
2026-01-08,256.3222864925608,258.58614386359903,255.0058776573516,258.3368225097656,50419300
2026-01-09,258.3767027680543,259.5036402038468,255.52448097015204,258.6659240722656,39997000
2026-01-12,258.45648066308013,260.5906555331263,256.1028713590674,259.54351806640625,45263800
2026-01-13,258.01770778709204,261.0993163539261,257.68861696081353,260.34136962890625,45730800
2026-01-14,258.78557762508564,261.1092696408236,256.0131254420647,259.2543029785156,40019400
2026-01-15,259.9424426175537,260.3313985459844,256.35220896361545,257.5090637207031,39388600
2026-01-16,257.1999111311508,258.1971965798445,254.2379721311412,254.8363494873047,72142800
2026-01-20,252.04394930256512,254.09835490933511,242.75922413209136,246.0303192138672,80267500
2026-01-21,248.0248902004532,250.87712721718017,244.51444112970407,246.9777374267578,54641700
2026-01-22,248.52352576906395,250.31864258405668,247.47637302553755,247.67584228515625,39708300
2026-01-23,246.6486371992728,248.73296007338791,244.0157890837153,247.36666870117188,41689000
2026-01-26,250.7973501838168,255.86356228737432,249.121917868832,254.71669006347656,55969200
2026-01-27,258.4664899667647,261.2389423700868,257.5090739976807,257.56890869140625,49648300
2026-01-28,256.95057275810245,258.1572795494081,253.81909726521187,255.74386596679688,41288000
2026-01-29,257.29964922744847,258.94516415300217,253.7193980705993,257.5788879394531,67253000
2026-01-30,254.4773517832236,261.1890792690021,251.4954625126288,258.7756652832031,92443400
2026-02-02,259.3241487899344,269.7557466562268,258.50636737104884,269.2770690917969,73913400
2026-02-03,268.4692659190308,271.1419837262723,266.88355520832346,268.7485046386719,64394700
2026-02-04,271.5508302866565,278.19275421850585,271.5508302866565,275.7394104003906,90545700
2026-02-05,277.3749854862336,278.7412615768201,272.48829324857786,275.1610107421875,52977400
2026-02-06,276.3677353153735,280.14745564173626,276.1782486476445,277.3650207519531,50453400
2026-02-09,277.41494619870406,277.70443813431814,271.2160169672847,274.1307983398437,44623400
2026-02-10,274.4003102195724,274.87943562430115,272.4537718732244,273.19244384765625,34376900
2026-02-11,274.2106536370846,279.6808719096702,273.9610989943363,275.0092163085937,51931300
2026-02-12,275.0990906441112,275.22886395053104,259.7165366668213,261.2637939453125,81077200
2026-02-13,261.5432690161623,261.7628783299504,254.9949421084194,255.3243560791016,56290700
2026-02-17,257.5903108294174,265.8156532326085,255.08478749757865,263.4099426269531,58469100
2026-02-18,263.1304558468116,266.3447212846438,261.9825104325609,263.8791198730469,34203300
2026-02-19,262.1322047157328,264.00886051677537,259.5867290635135,260.11578369140625,30845300
2026-02-20,258.50868117461044,264.2783836675007,257.7001265171608,264.1086730957031,42070500
2026-02-23,263.0206001676805,268.95002088588865,262.91081074777924,265.705810546875,37308200
2026-02-24,267.38283777638213,274.4003442568012,267.233111068832,271.6552429199219,47014600
2026-02-25,271.29586819299504,274.45024283739696,270.567157599074,273.74151611328125,33714300
2026-02-26,274.4602128097023,275.61811956353745,270.3175813011377,272.4637756347656,32345100
2026-02-27,272.3240124520744,272.3240124520744,262.4217010495403,263.7093811035156,72366500
2026-03-02,261.94253069595567,266.0551862059976,259.73647625260065,264.2484130859375,41827900
2026-03-03,263.0106738027697,265.08695529305965,259.6666350681776,263.2801818847656,38568900
2026-03-04,264.17854815272653,265.67587606267574,260.9543215497597,262.0523376464844,39803100
2026-03-05,260.3254337562426,261.09405110124777,256.79173142961054,259.8263244628906,49658600
2026-03-06,258.16927189629365,258.3090066542827,253.916851068475,257.0013427734375,41120000
2026-03-09,255.2345148744848,260.68477987096253,253.2280857512349,259.41705322265625,38218500
2026-03-10,257.19102845716964,262.01244158439727,256.4922936817907,260.3653564453125,30590800
2026-03-11,260.62486739620806,261.6630231774062,259.08760235948154,260.3453674316406,26218900
2026-03-12,258.1992253881205,258.48871731031414,253.7271951166324,255.30438232421875,40794000
2026-03-13,255.024890934378,255.87336762960533,249.0755164384504,249.6744384765625,36930000
2026-03-16,251.66090222791988,253.43773019062647,249.4348789230203,252.36964416503903,32074200
2026-03-17,252.5093881906664,254.67552076289968,251.7307636559193,253.7771148681641,32361600
2026-03-18,252.1799767808244,254.48585937367065,248.5564382882904,249.4947662353516,35757900
2026-03-19,248.95572868612365,251.3814079598573,246.85947863088072,248.5165252685547,34864100
2026-03-20,247.53824109812177,248.75606899357115,245.56177255944445,247.54823303222656,88331100
2026-03-23,253.51758537106093,254.1464679788293,249.83415620831627,251.04200744628903,40546100
2026-03-24,249.9040313986812,254.3760464402864,249.10545347620703,251.1917266845703,45152300
2026-03-25,253.6473574345128,254.5457480998694,251.15181088451408,252.16998291015625,28476700
2026-03-26,251.67088153367663,256.5421934269488,250.32329549316128,252.43951416015625,41796700
2026-03-27,253.4477020992108,255.03488128462607,247.6281009352486,248.35679626464844,47900000
2026-03-30,249.62453299565456,250.4230956915925,245.07264337813007,246.190658569336,39446200
2026-03-31,247.46837564153284,255.02488248828536,246.65982101631488,253.337890625,49598100
2026-04-01,253.62737973002484,255.7236296181179,252.8787157917901,255.17462158203125,40059400
2026-04-02,253.7471740568136,255.6737439434535,250.2034948550392,255.464111328125,31289400
2026-04-06,256.053045051996,261.6929736576745,256.003115847535,258.3988342285156,29329900
2026-04-07,255.7036812801697,255.7436185540334,245.2623079794448,253.0484161376953,62148000
2026-04-08,257.98960165960847,259.2872736156141,256.0730086009651,258.43878173828125,41032800
2026-04-09,258.5386040524215,260.6548225010532,255.6138310165902,260.02593994140625,28121600
2026-04-10,259.5168819122501,261.7229364827484,258.5585701252562,260.0159912109375,31291500
2026-04-13,259.2673359057164,259.71651601158027,256.2027973984465,258.73828125,36234700
2026-04-14,258.7881616833941,261.4633801130582,256.73183388682423,258.368896484375,48370700
2026-04-15,257.7001261657452,266.08515659729386,257.35074355126085,265.95538330078125,49913500
2026-04-16,266.3246925362851,266.6840670491935,260.804545264895,262.9307556152344,43323100
2026-04-17,266.4844323486072,271.8149160854778,266.24486962975914,269.7486267089844,61436200
2026-04-20,269.84841238867654,273.7913879220191,269.80850557942483,272.5635681152344,36590200
2026-04-21,271.0163536236942,272.3140256362382,264.9272139873882,265.69586181640625,50209800
2026-04-22,267.3429346055621,273.2523721409737,266.39461467279705,272.68341064453125,43249200
2026-04-23,274.56001085217736,275.2787294551341,271.1660737405759,272.9429016113281,33399600
2026-04-24,272.2741016414235,272.5735550213531,269.16962610782736,270.5771179199219,38157100
2026-04-27,265.6159889280984,267.88193422863776,264.59781690250213,267.1332702636719,41466800
2026-04-28,271.8548539018017,272.7432830913257,268.181416710472,270.2277526855469,40018900
2026-04-29,267.07336249706583,270.5571659728108,266.56429174844374,269.688720703125,30047900
2026-04-30,270.018146234023,275.50834883767226,267.6623648300734,270.8666381835937,91848200
2026-05-01,278.36321169794013,286.7083346607987,277.87409435408995,279.6409606933594,79915400
2026-05-04,279.16182884121525,280.13010214166496,274.3703610857382,276.3368530273437,46668400
2026-05-05,276.43668191704,284.0630869835518,276.00745521106614,283.6737670898437,49311700
2026-05-06,281.4177950537395,287.5168959460148,280.5693031693742,286.9978332519531,58336100
2026-05-07,288.7546745760609,291.60959552514373,285.2709015174152,286.9279479980469,45224300
2026-05-08,289.49338424193445,294.2349225642168,289.48339230776435,292.7974853515625,52692800
2026-05-11,291.72841688276577,293.6267735875138,289.979924827367,292.42779541015625,42247300
2026-05-12,292.3078994315659,295.0155556946294,292.3078994315659,294.54595947265625,45748100
2026-05-13,293.24708951115105,300.6607090744109,293.24708951115105,298.6124572753906,52684300
2026-05-14,299.5616620172475,300.1911240450107,295.12548538387824,297.9530334472656,35324900
2026-05-15,297.643304079477,302.93875555297063,296.26448829773227,299.9713134765625,54862800
2026-05-18,299.98126929450746,300.4009207908792,294.6558756451712,297.5833435058594,34483000
2026-05-19,296.7140952726279,300.2510533099592,296.09463441963413,298.7123718261719,42243600
2026-05-20,297.9230626302997,302.5390768782648,297.82314269813475,301.98956298828125,38229800
2026-05-21,300.80056674721834,305.27671719779084,300.1411318265125,304.7271728515625,42965100
2026-05-22,305.85620846339293,311.13165741506583,305.5764509618376,308.55389404296875,43670200
2026-05-26,309.2932516306072,311.5513139598484,307.4048960873393,308.0643005371094,48000500
2026-05-27,308.0643052358437,312.9900803339556,308.0343323058515,310.5821533203125,50430900
2026-05-28,310.412282475935,312.5304508120942,309.30325358892543,312.24072265625,48220400
2026-05-29,311.5113496628706,314.7285763294451,309.2632884033746,311.7911071777344,70026800
2026-06-01,309.363197507879,310.6720662449624,304.7571540774977,306.0460510253906,48849900
2026-06-02,307.1950545511415,315.1781903378333,306.42572903356995,314.92840576171875,44534700
2026-06-03,313.9092501546009,316.6668815001487,308.5838566628498,309.9926452636719,50836700
2026-06-04,312.96009909963743,313.26982953176514,309.3831669286496,310.9618225097656,44869100
2026-06-05,312.5903972939029,314.8984348439246,306.8853260765596,307.0751647949219,65310500
2026-06-08,308.4739595974908,317.1265012321255,300.9105055796523,301.2801818847656,77949100
2026-06-09,300.0212482417878,300.4908444635933,287.5320194610898,290.29962158203125,70108800
2026-06-10,290.4894628291428,294.4960172141002,287.1323727394638,291.3287353515625,52793300
2026-06-11,293.4668864344149,296.7440586571729,289.3404406054596,295.375244140625,42572500
2026-06-12,295.7749221682621,296.88398158337014,289.3704417369658,290.879150390625,38742100
2026-06-15,293.8665449684006,297.5233947188816,291.4486474146935,296.1645812988281,45732600
2026-06-16,294.99559499590845,300.2210994929347,293.71669913987887,298.9821472167969,39874400
2026-06-17,300.59074812548096,301.8096980081642,294.10632015937927,295.6949768066406,42745100
2026-06-18,297.8530937792582,300.31099586682666,295.3652492546472,297.7532043457031,85962200
2026-06-22,297.05381866220307,302.1594314563154,296.5043047694293,296.75408935546875,44879900
2026-06-23,297.2836155142734,301.3800886038737,293.9264950024863,294.04638671875,52010900
2026-06-24,295.1054570720635,299.4417438827621,292.68755959702736,292.8274230957031,53081900
2026-06-25,287.1523472601469,288.55113481081804,273.5141152813601,274.91290283203125,107013700
2026-06-26,274.7630284991681,285.70360492137456,273.9737007161028,283.53546142578125,261775500
2026-06-29,286.4829438934296,288.12151489662153,279.6088673150861,281.4972229003906,66427000
2026-06-30,280.9277417485351,289.69017405322865,280.45814550695326,289.11065673828125,65100200
2026-07-01,293.1871503157195,296.33442991747245,288.95081360688545,294.1263427734375,50164200
2026-07-02,293.866538367699,309.15337194761725,293.4269150966668,308.3640441894531,75352800
2026-07-06,307.0951430290638,313.9292760509671,306.7354678654279,312.3905944824219,53590000
2026-07-07,315.0183186077797,315.2081573213481,309.88273318392555,310.3923034667969,42490000
2026-07-08,311.6412289475945,314.5487250421545,306.7854009831778,313.1199645996094,41323500
2026-07-09,310.24243869469103,316.2572401947346,307.8944576262147,315.947509765625,48124500
2026-07-10,314.4488202226986,316.6369356310425,311.9010296470402,315.0483093261719,34132300
2026-07-13,316.7468014245228,323.171283634363,315.5078797345754,317.0365600585937,43257800
2026-07-14,313.48965629761443,315.91755515351207,311.64124426456783,314.58868408203125,36336800
2026-07-15,317.34631234952286,328.44675508114506,317.0465830462295,327.2178039550781,60957600
2026-07-16,327.72736328456057,334.3915986652446,326.50841333986017,332.97283935546875,62970600
2026-07-17,331.693929977533,334.7013154010385,328.7164869908464,333.452392578125,63407100
2026-07-20,333.2226134619852,333.4224228207836,323.4010672140761,326.3085632324219,53468000
2026-07-21,322.85156758462244,329.3159936819017,321.94234806189104,327.45758056640625,41338900
2026-07-22,327.58746619388995,328.7164973399543,323.0613709608057,325.60919189453125,38755900
2026-07-23,321.4527900194849,323.0214140443725,319.0748358849152,321.3828430175781,40840800
2026-07-24,321.5127284115298,334.0818750563203,321.3428614810286,332.7330322265625,47489400
2026-07-27,334.2517370375488,339.277401491225,333.73216560461384,336.61968994140625,49604300
2026-07-28,339.73698155301014,342.59453283396704,335.31080637618777,339.78692626953125,51859000
2026-07-29,339.43727163464206,344.2730974331505,337.0593175600121,337.8985900878906,56090800
2026-07-30,332.8129674612056,334.4615395264105,329.30598233808786,333.1426696777344,74817800
2026-07-31,304.5473560391476,310.4222943774597,299.7415030462749,308.6438293457031,132489100
2026-08-03,309.313234694189,311.5313230344714,302.29929450581176,303.1585693359375,75052000
2026-08-04,302.46913991298527,310.1525156602479,301.0603512911937,309.1134033203125,68001000
2026-08-05,309.09342362565195,311.4414048335362,305.406631186344,310.7320251464844,49438800
2026-08-06,314.06913775687,316.0174696892129,308.96355554648414,312.14080810546875,46139900
2026-08-07,311.1816431226555,314.53873325457766,310.47223295908327,313.0599975585937,34437200
2026-08-10,306.8299865722656,308.260009765625,304.6099853515625,308.260009765625,44812500
2026-08-11,307.75,309.9700012207031,302.7900085449219,304.9100036621094,37476700
2026-08-12,305.1000061035156,305.6600036621094,300.57000732421875,302.25,41657800
2026-08-13,304.2099914550781,306.0,302.04998779296875,305.260009765625,40349300
2026-08-14,306.0,307.489990234375,304.29998779296875,305.92999267578125,28229400
2026-08-17,306.2099914550781,307.6600036621094,302.94000244140625,305.5899963378906,38169300
2026-08-18,307.5799865722656,311.489990234375,305.739990234375,310.0299987792969,53424500
2026-08-19,310.1400146484375,319.2799987792969,309.6000061035156,316.8299865722656,50505600
2026-08-20,317.4599914550781,320.2799987792969,310.6499938964844,311.29998779296875,40959200
2026-08-21,312.04998779296875,312.3800048828125,307.010009765625,309.3500061035156,46876800
2026-08-24,311.4700012207031,313.3599853515625,309.9700012207031,310.3399963378906,34673600
2026-08-25,310.7900085449219,313.5899963378906,308.2099914550781,309.8999938964844,25869800
2026-08-26,310.29998779296875,315.42999267578125,308.79998779296875,313.45001220703125,34024500
2026-08-27,310.54998779296875,315.3999938964844,309.3999938964844,314.5799865722656,32419200
2026-08-28,316.8500061035156,322.3699951171875,315.45001220703125,319.70001220703125,38649400
2026-08-31,319.6000061035156,321.239990234375,312.79998779296875,316.8500061035156,41242700
2026-09-01,316.9800109863281,327.29998779296875,314.7300109863281,325.1300048828125,53167400
2026-09-02,326.8699951171875,328.3999938964844,323.5299987792969,324.9599914550781,33776400
2026-09-03,324.8699951171875,330.8099975585937,324.1099853515625,328.2099914550781,37225800
2026-09-04,328.3099975585937,328.92999267578125,317.8599853515625,319.9700012207031,39606900
2026-09-08,317.1000061035156,320.70001220703125,314.8999938964844,316.2200012207031,35477100
2026-09-09,315.489990234375,319.1499938964844,309.8999938964844,315.3399963378906,65640000
2026-09-10,316.6700134277344,326.739990234375,316.510009765625,326.57000732421875,70011900
2026-09-11,327.45001220703125,336.2200012207031,326.29998779296875,332.2699890136719,50716900
2026-09-14,334.7900085449219,335.5,331.3399963378906,333.0799865722656,39269100
2026-09-15,330.1400146484375,331.7799987792969,328.3500061035156,331.3399963378906,31748200
2026-09-16,332.5299987792969,335.4800109863281,330.70001220703125,332.4100036621094,35981000
2026-09-17,334.7699890136719,338.3399963378906,330.17999267578125,337.0,36700200
2026-09-18,337.9100036621094,338.489990234375,332.5299987792969,336.1300048828125,86588200
2026-09-21,335.2799987792969,339.6400146484375,333.04998779296875,338.9800109863281,34999200
2026-09-22,340.1400146484375,345.3399963378906,338.75,339.75,40711800
2026-09-23,341.0799865722656,341.79998779296875,335.5,337.0199890136719,31658800
2026-09-24,336.7200012207031,338.9100036621094,334.29998779296875,335.9200134277344,24733100
2026-09-25,336.0400085449219,341.6700134277344,334.5299987792969,341.07000732421875,30002500
2026-09-28,340.3699951171875,342.989990234375,338.0400085449219,338.3999938964844,32820800
2026-09-29,336.9700012207031,337.0899963378906,328.70001220703125,329.3999938964844,38478000
2026-09-30,330.79998779296875,339.5,330.1400146484375,333.0199890136719,49988600
2026-10-01,330.0,332.4800109863281,325.8099975585937,330.32000732421875,36306300
2026-10-02,333.260009765625,334.5400085449219,330.6099853515625,333.69000244140625,33278600
2026-10-05,332.82000732421875,336.2099914550781,331.6499938964844,332.8900146484375,34400900
2026-10-06,332.2799987792969,334.3800048828125,330.6199951171875,333.6300048828125,30449000
2026-10-07,336.9599914550781,338.6700134277344,332.7799987792969,336.6700134277344,34128200
2026-10-08,336.8299865722656,340.3599853515625,335.8999938964844,338.6499938964844,9861801
