Date,Open,High,Low,Close,Volume
2020-10-05,197.06636748902648,200.10006206341993,196.83812209554787,200.071533203125,21331600
2020-10-06,198.58800309532225,199.88135031174275,194.7839997215078,195.82058715820312,28554300
2020-10-07,196.9142614192931,199.8148173226299,196.59092456741251,199.5485382080078,25681100
2020-10-08,200.19518750026828,200.84187563629666,198.1125077886739,200.2617645263672,19925800
2020-10-09,200.8798883695281,205.28302657348576,200.8798883695281,205.2354736328125,26458000
2020-10-12,208.06953739315045,212.8911202392657,206.18655915963188,210.55165100097656,40461400
2020-10-13,211.80687818193792,214.17487516142936,209.62907844122574,211.9400177001953,28950800
2020-10-14,212.0731659140789,213.23338798265985,208.39279767832116,210.03802490234375,23421700
2020-10-15,206.46232088906044,209.56257889479267,205.4257187807253,208.89688110351562,22733100
2020-10-16,209.36286230184777,211.39800384153673,208.57354424934155,208.89688110351562,26057900
2020-10-19,209.61960631820077,211.40749256575168,203.24790350407042,203.72340393066406,27625800
2020-10-20,205.22601457098673,206.7190785651468,202.64879552797223,204.13235473632812,22753500
2020-10-21,202.67735027522914,206.2911573661338,202.67735027522914,204.27503967285156,22724900
2020-10-22,203.4475828248149,205.47321905932836,201.3268552222806,204.3605499267578,22351500
2020-10-23,204.49372004805122,205.682471159576,202.71535302876916,205.63491821289062,18879600
2020-10-26,203.37151652042783,205.73949910463583,197.90326219909565,199.78623962402344,37111600
2020-10-27,201.22226892417387,204.15135332070517,200.02401306196077,202.80093383789062,36700300
2020-10-28,197.49433967491123,198.60700889932528,192.19727262307057,192.74884033203125,51195600
2020-10-29,194.07071340209816,197.19949921682837,193.4050013251985,194.68885803222656,31432600
2020-10-30,193.52863229189919,194.27991642057273,189.83874512601912,192.54910278320312,36953700
2020-11-02,194.27993846687417,195.2214344412971,190.31426704734966,192.41598510742188,30842200
2020-11-03,193.89955827547783,197.92228771553013,193.16728357467176,196.31509399414062,27512000
2020-11-04,203.5332416095093,207.62254888258494,202.01163417869662,205.787109375,42311800
2020-11-05,211.16020229745342,213.13828561895033,210.31381220177101,212.3489532470703,36080100
2020-11-06,211.3694667927054,213.36657460037193,207.3467368207677,212.7579345703125,25231900
2020-11-09,213.44262960592522,216.94230571136617,207.20406645370713,207.68907165527344,44395000
2020-11-10,203.98968301620297,205.89168472264777,199.44390009868965,200.67068481445312,44045100
2020-11-11,201.98307243463896,207.35622149875866,201.80237994913776,205.93923950195312,29440800
2020-11-12,206.56689674868196,208.37379252192883,203.95164446517558,204.8836212158203,21593900
2020-11-13,205.75855501047297,206.7666136412532,203.66635593568657,205.9011993408203,18621100
2020-11-16,204.34155952810386,207.07094198920106,204.00871791849252,206.58592224121094,24953300
2020-11-17,205.51130105759668,207.01386971538886,203.59027516934893,203.95166015625,24154100
2020-11-18,203.7132809002131,205.16259082846608,201.11978504928186,201.2628173828125,28372800
2020-11-19,201.548888063899,203.1221420494546,200.16631477761183,202.54051208496094,24792700
2020-11-20,202.3307199828359,203.37002133531357,200.23304339047263,200.6049041748047,22843100
2020-11-23,201.13883447735535,202.41650835982227,198.47860216689892,200.33790588378906,25683500
2020-11-24,199.84208903643668,204.28535867251247,199.14604498028865,203.9134979248047,33979700
2020-11-25,205.10536827690913,205.27698960529233,202.57862394829687,203.92303466796875,21012900
2020-11-27,204.8575319730898,206.21148734675776,204.08519209912367,205.2198486328125,14512200
2020-11-30,204.14235782857054,204.77165061209422,201.03396893960857,204.11375427246094,33064800
2020-12-01,204.53327483092292,207.2125957883334,203.4272367302626,206.1542205810547,30904500
2020-12-02,204.88607038902487,205.4486263666285,202.902808140873,205.353271484375,23724500
2020-12-03,204.62865056946853,206.31633327179273,203.71329304727672,204.27586364746094,25120900
2020-12-04,204.25675542958834,205.36280800618596,203.26511706811746,204.39024353027344,24666000
2020-12-07,204.39978258353827,205.51536487958126,203.08397540183014,204.32350158691406,24620000
2020-12-08,204.01840165272458,206.85979980104426,202.98862997399976,205.96351623535156,23284100
2020-12-09,205.15305477478972,205.21979155573646,201.38676956150456,201.94932556152344,32440600
2020-12-10,201.92069925538198,203.16976955673482,200.5762740787197,200.7288360595703,26733300
2020-12-11,200.2807335257904,203.39865232991232,199.38444989929366,203.3414306640625,30979400
2020-12-14,203.18888557447357,206.15424240250815,202.9791164445845,204.2377166748047,28798400
2020-12-15,205.1625680235338,205.40094067047508,202.36884758495555,204.1709442138672,27000600
2020-12-16,204.7621245198749,209.87283517134597,204.73352096326568,209.08143615722656,35023300
2020-12-17,209.64400322361016,210.61656784694551,207.78469920040575,209.21493530273438,32515800
2020-12-18,208.4235382080078,209.47238384589662,205.97307456183356,208.4235382080078,63354900
2020-12-21,207.4318713221472,213.58188243788,207.17442480081473,212.23745727539062,37181900
2020-12-22,212.3328254627275,215.13609017334406,211.5318968451548,213.52468872070312,22612200
2020-12-23,212.73331641714506,213.16238433393622,210.53075516838518,210.7405242919922,18699600
2020-12-24,211.12190083843498,213.2100477180936,210.91213172866298,212.39004516601562,10550600
2020-12-28,214.01097912101392,215.51749613359814,212.64749443916563,214.4972686767578,17933500
2020-12-29,215.78447316733607,216.61400540208348,213.18144768825368,213.7249298095703,17403200
2020-12-30,214.75472241960352,215.13612745772272,211.16960235597048,211.3698272705078,20272300
2020-12-31,211.38886401908798,212.62840471424002,209.46280892505516,212.07537841796875,20942100
2021-01-04,212.1802596114298,212.6284013521997,204.81931110024084,207.56536865234375,37130100
2021-01-05,207.15537629858184,208.35678384593277,205.66793319149298,207.76560974121094,23823000
2021-01-06,202.30212170745105,206.42120854830253,202.0828229184312,202.37840270996094,35930700
2021-01-07,204.08511622896737,209.13861918523918,203.77047714250094,208.137451171875,27694500
2021-01-08,208.50934079732144,210.32098186986488,206.93608695061204,209.40562438964844,22956200
2021-01-11,208.3090962965024,208.728634495914,206.65001738495062,207.3746795654297,23031300
2021-01-12,206.4306875890445,207.00278769299996,203.39859486576668,204.93370056152344,23249300
2021-01-13,204.06606184414557,206.67861677106026,203.98023663300623,206.2781524658203,20087100
2021-01-14,205.86818216746164,207.34609567404829,202.8456183702962,203.1125946044922,29480800
2021-01-15,203.58934296382472,204.53328946684098,202.16863655086178,202.75979614257812,31746500
2021-01-19,203.80864277429654,206.88841374691182,202.740737816412,206.37353515625,30480900
2021-01-20,207.5749346341582,215.28867135702768,207.18399993248087,213.90611267089844,37777300
2021-01-21,214.24929789349432,215.7748884095569,212.07534086502628,214.50674438476562,30709400
2021-01-22,216.51868763829725,219.3696303025167,215.29822060625023,215.4412384033203,30172700
2021-01-25,218.4637863872222,219.09309374636427,213.79168773711206,218.85472106933594,33152100
2021-01-26,221.07631811924728,223.28840861584396,219.3791061148144,221.5244598388672,49169600
2021-01-27,226.9307862882382,229.25730592090014,219.43634881456967,222.06797790527344,69870600
2021-01-28,224.65193866409186,231.3549769497505,224.15611943901934,227.81752014160156,49111200
2021-01-29,225.01427347529136,226.94985841468173,220.59007724966867,221.1717071533203,42503100
2021-02-01,224.12752469767685,231.22149793113354,221.61983946645995,228.50404357910156,33314200
2021-02-02,230.07733162081746,231.04035208557335,227.58872006522793,228.37057495117188,25916300
2021-02-03,228.42774595379248,233.691003496613,228.13215165180748,231.69821166992188,27158100
2021-02-04,231.37405012765626,231.9270764637122,229.19054833968426,230.7542724609375,25296100
2021-02-05,230.96405888066087,231.9652270718367,229.2382429616154,230.93545532226562,18054800
2021-02-08,231.84120712664574,232.34655592307692,229.61004286891824,231.19284057617188,22211900
2021-02-09,230.62076272671874,233.37634993048727,230.1535616523339,232.43240356445312,23565000
2021-02-10,233.6051986080707,234.48240822021572,229.68635163313002,231.52659606933594,22186700
2021-02-11,233.39544815712694,233.74823505402443,230.88776300580494,233.1189422607422,15751100
2021-02-12,232.58494513457302,233.89123709414287,231.44075937329384,233.5956573486328,16561100
2021-02-16,233.6338058939717,234.68265139758873,231.62194010002432,232.36566162109375,26728500
2021-02-17,230.6263097281633,233.48380348312867,230.26314413417265,233.37867736816406,21653500
2021-02-18,231.0850397829088,233.12064247435825,230.18669197965465,232.98684692382812,16925600
2021-02-19,232.94860131989128,233.053727425843,229.53679326705628,230.2917938232422,25262600
2021-02-22,226.89910873117762,227.38650364294293,222.1015579602541,224.11805725097656,36446900
2021-02-23,220.12330808748274,224.4238980172316,218.59420361274584,222.9330291748047,30228700
2021-02-24,219.81748539347333,224.7775015366936,218.85224710793744,224.15631103515625,26339700
2021-02-25,221.795780936671,224.1945494104652,217.78189953492432,218.84271240234375,39542200
2021-02-26,221.27016465567323,224.9399984847322,219.3683426651767,222.08250427246094,37819200
2021-03-01,225.44650726256452,226.94694251809523,222.81836859782126,226.4404296875,25324000
2021-03-02,226.5073102648569,226.784467587276,223.10506778464256,223.50645446777344,22812500
2021-03-03,221.87223909617876,223.22931252952912,217.18936527759203,217.47607421875,34029500
2021-03-04,216.69241226941966,222.18761091263715,214.32229870294404,216.68284606933594,44727800
2021-03-05,219.34922125325087,222.93304647278703,216.4248222073289,221.33705139160156,41872800
2021-03-08,221.11721209862156,223.0285853688386,217.06511009863868,217.31358337402344,35267400
2021-03-09,222.56032845718752,224.9495452618804,221.40394110736247,223.42044067382812,33080500
2021-03-10,226.49774377773664,226.49774377773664,221.75753141565502,222.12069702148438,29746800
2021-03-11,224.54817072866422,228.571603879023,223.92696557628574,226.62200927734375,29907600
2021-03-12,223.64023105792842,225.37003616967326,222.89479662640136,225.30313110351562,22653700
2021-03-15,224.54816217518373,224.7679660415921,221.53774020361377,224.40480041503906,26034900
2021-03-16,225.80964526868732,229.42213971544066,225.4847153006478,227.17628479003906,28092200
2021-03-17,225.6853891995927,227.9790458343157,222.89478602257378,226.53594970703125,29562100
2021-03-18,222.2545234730616,223.81229764872128,220.12334595769255,220.49606323242188,34833000
2021-03-19,220.7827950550195,222.16853816441966,219.18679965783448,220.14248657226562,46430700
2021-03-22,220.06598722171685,226.40218032029384,219.94174328047853,225.5325164794922,30127000
2021-03-23,226.9660546794086,230.36829722374003,226.56466798871335,227.05206298828125,31638400
2021-03-24,227.31010706233886,227.453454246672,224.89222066909963,225.02601623535156,25620100
2021-03-25,224.87304325492036,226.44036857962652,221.30833658385814,222.04420471191406,34061900
2021-03-26,221.2892200634593,226.22056608316782,221.2892200634593,226.00074768066406,25479900
2021-03-29,226.1059337957856,226.3066344377287,221.60465718813197,224.81576538085938,25227500
2021-03-30,223.18152021260835,223.48734696493838,220.85920846541862,221.5759735107422,24792000
2021-03-31,222.58898590552727,228.504688728598,222.092024753779,225.32225036621094,43623500
2021-04-01,227.90260302398238,232.0789491359086,227.50121636956897,231.6106719970703,30338000
2021-04-05,232.00247276233438,238.88342791865526,231.94513389980173,238.03286743164062,36910600
2021-04-06,236.63758894050287,238.34826175018762,235.93994171916324,236.8765106201172,22931900
2021-04-07,236.82871391899718,239.8104516951834,236.23619284363235,238.8260955810547,22719800
2021-04-08,241.5689234077923,242.87820947789177,240.83304058952368,242.02764892578125,23625200
2021-04-09,241.66446410764476,244.64621619401328,241.25352587230873,244.51242065429688,24326800
2021-04-12,243.42298773302826,246.25182703657708,243.33696483947543,244.56980895996094,27148700
2021-04-13,245.8600005621299,247.70446912444078,245.44903306408236,247.0354766845703,23837500
2021-04-14,246.07020829480427,247.3603619356715,243.8530082747752,244.26394653320312,23070900
2021-04-15,246.50028193242102,248.41165547510374,246.30916207730016,248.00071716308594,25627500
2021-04-16,247.97204879271342,249.43424839254266,246.1849191890606,249.18576049804688,24878600
2021-04-19,248.66012567205544,249.89296968561638,246.39515285160775,247.2743682861328,23209300
2021-04-20,246.39515408454807,248.6696931162886,245.45857061111263,246.81565856933594,19722900
2021-04-21,247.46549550693396,249.12838089145183,245.8503827872793,249.03280639648438,24030400
2021-04-22,248.67923824586626,250.17967342609856,244.31175743059978,245.7739715576172,25606200
2021-04-23,246.45243040553527,249.92157694196268,245.8694464956196,249.5775146484375,21462600
2021-04-26,250.06491850682326,250.81035276674234,248.64095503774033,249.95977783203125,19763300
2021-04-27,249.98848953786117,251.52716013928068,248.59319525951878,250.36122131347656,31014200
2021-04-28,244.73225067344254,245.171887578436,241.740961055206,243.2796173095703,46903100
2021-04-29,244.1397373356911,244.75137625676413,237.96599467202304,241.32044982910156,40589000
2021-04-30,238.67318749939906,241.86517738754893,238.53939195266884,241.0050506591797,30945100
2021-05-03,242.1710310515259,243.07894518424,239.99206629825878,240.69927978515625,19626600
2021-05-04,239.84872302638533,240.07809311354603,234.86958826445405,236.80963134765625,32756100
2021-05-05,238.023351527179,238.44385605143128,234.92693563518156,235.54812622070312,21901300
2021-05-06,235.52896898947418,238.7878639244805,233.8469657565455,238.6636199951172,26491100
2021-05-07,240.9764146694537,243.03114998686556,240.03984571236424,241.27268981933594,27032900
2021-05-10,239.75310967237866,240.5750007899498,236.16928466831055,236.22662353515625,29299900
2021-05-11,233.71317897375303,235.67233957139493,231.82092344292948,235.3187255859375,33641600
2021-05-12,231.43867462866248,233.55074890972617,227.52036743013335,228.40914916992188,36684400
2021-05-13,231.08503805198484,234.71665028825578,230.7218724535714,232.26052856445312,29624300
2021-05-14,234.6975184933844,238.13798152602772,234.61151019865787,237.15362548828125,23901100
2021-05-17,235.62453186876706,235.6627529160447,232.7288026653694,234.3152313232422,24970200
2021-05-18,235.35699284135924,235.49078841035117,232.13631840202916,232.308349609375,20168000
2021-05-19,229.2335299035558,232.988471304459,228.5534335886951,232.8831024169922,25739800
2021-05-20,233.68769674460555,237.50968232520998,233.5919015513451,236.10157775878906,21800700
2021-05-21,237.1456784165481,237.87367214593564,234.4348383135843,234.8467254638672,21863100
2021-05-24,237.35639824386888,240.58450892855902,237.08818926220172,240.2205047607422,21411500
2021-05-25,241.16886928165923,242.10760089186203,240.25887330938028,241.1209716796875,17704300
2021-05-26,240.84316413471055,242.28959272486048,240.19180354769114,240.90065002441406,17771600
2021-05-27,240.59410618250013,240.89105082585857,238.75495243524915,238.8124237060547,24426200
2021-05-28,240.43125068294205,241.46577734023427,239.05188180655244,239.1668243408203,18270200
2021-06-01,240.6515985225494,240.7090697983866,236.561403484978,236.9828643798828,23213300
2021-06-02,237.6821077652956,238.77410571979837,235.48852356730782,236.88705444335938,19406700
2021-06-03,234.8946406042707,235.96747662588672,232.76811590692853,235.364013671875,25307700
2021-06-04,237.32771657512865,241.0539221494448,237.088243171596,240.23013305664062,25281100
2021-06-07,239.45417625056334,243.39111851539042,239.29133613453553,243.12290954589844,23079200
2021-06-08,244.41613686309023,245.23035227753448,241.87771002860302,241.93519592285156,22455000
2021-06-09,243.12292338787182,244.77050121786456,242.54819611322142,242.9121856689453,17937600
2021-06-10,243.58271038731033,246.61923076287093,242.9888211464486,246.4084930419922,24563600
2021-06-11,247.12689387779233,247.60584054865595,245.8049963889951,247.0311279296875,18999700
2021-06-14,247.04073247004933,249.0044317216972,245.98704375362735,248.94696044921875,19150500
2021-06-15,248.8319564356378,249.04269415162125,246.82996275008827,247.4813232421875,18038900
2021-06-16,248.47756739780246,249.60787470899828,243.70726187295284,246.54263305664062,27220000
2021-06-17,245.28783056678435,250.7286594074443,245.2303592871896,249.91444396972656,27565500
2021-06-18,248.6979075420769,251.25546695524517,247.8549565392409,248.50631713867188,37202200
2021-06-21,248.87985524946583,252.42404307695548,247.05986374534035,251.571533203125,26696100
2021-06-22,251.65782131019196,254.59856183633937,251.35128832586642,254.33035278320312,24694100
2021-06-23,254.7900720336447,255.5946990320162,253.29576057487068,254.1003875732422,19518700
2021-06-24,254.95291945680933,256.5717616960537,254.29197064989475,255.46060180664062,21446900
2021-06-25,255.01995762348398,255.996998318781,253.61185322675826,253.8608856201172,25611100
2021-06-28,254.98165166765068,257.5775346492932,254.7134426795022,257.4051208496094,19590000
2021-06-29,257.5488508865929,260.2117939597386,256.69634077251254,259.9723205566406,19937800
2021-06-30,259.29213672725416,259.93390886061087,258.24803655019747,259.4932861328125,21656500
2021-07-01,258.2576514590782,260.393764479173,258.24809240227785,260.16387939453125,16725300
2021-07-02,261.33252400218214,266.2944055502095,261.025991051914,265.9591369628906,26458000
2021-07-06,266.3231659674658,267.6067399294796,262.7502121878958,265.96875,31565600
2021-07-07,267.63550596204914,268.8711970757127,265.48024504018343,268.1431884765625,23260000
2021-07-08,265.24061585092875,266.99357674160086,263.29609386369236,265.7387390136719,24618600
2021-07-09,264.1103833296634,266.3422622068924,263.72723179599774,266.2369079589844,23916700
2021-07-12,267.40561788379017,267.98991902899314,264.93423568358264,265.6430969238281,18931700
2021-07-13,265.8346535119341,270.9402433879178,265.71015188424843,269.14898681640625,26120100
2021-07-14,270.46117448467504,271.7160123476479,268.7369490345578,270.61444091796875,23113700
2021-07-15,270.1259350983207,270.61447008005376,268.0472935864673,269.19677734375,22604200
2021-07-16,270.19295392795163,272.13747604092447,267.6928373640826,268.92852783203125,26186800
2021-07-19,267.18517762868595,268.5645463527231,262.8938342495344,265.3460388183594,32935600
2021-07-20,266.32311662863236,269.13932573027193,264.62765573380375,267.5588073730469,26259700
2021-07-21,267.1564748931921,269.66615103181897,265.61428048456565,269.55120849609375,24364300
2021-07-22,271.8884415525597,274.35982273487036,271.4861427208434,274.09161376953125,23384100
2021-07-23,275.2698801509867,277.7795567148543,274.43651739318557,277.4730529785156,22768100
2021-07-26,276.8312063761206,277.4921551936187,274.57059187126583,276.87908935546875,23176100
2021-07-27,277.2431509516731,277.3868291520572,271.03601883432543,274.474853515625,33604100
2021-07-28,276.82165916338664,277.9328192354718,271.87892473208046,274.1683044433594,33566900
2021-07-29,274.18746174068355,276.4672532443601,274.0341952528421,274.4365234375,18168300
2021-07-30,273.16257491426893,274.5898272544668,271.95561942880914,272.91351318359375,20944800
2021-08-02,274.3023442842748,274.69508409233026,271.7926682142206,272.82720947265625,16267400
2021-08-03,273.40193331425957,275.1357179422913,272.0417118924598,275.03033447265625,17879000
2021-08-04,274.1682476532474,275.4805569222393,272.66434801294275,274.446044921875,16191300
2021-08-05,274.8004915502387,277.43469867133746,274.0533357906488,277.3293151855469,13900200
2021-08-06,276.3618388625209,277.3101439901318,275.50929969046035,277.2718200683594,16589300
2021-08-09,277.549613584763,279.2738100175353,275.6912980438974,276.18939208984375,16117600
2021-08-10,276.6395815082073,277.07064519895766,273.1911889125419,274.37896728515625,18616600
2021-08-11,275.1165861447633,276.50554342388034,273.82342406292844,274.8675537109375,13955900
2021-08-12,274.5611128914685,277.76047477250955,274.2833154959225,277.6072082519531,14561300
2021-08-13,277.29097757297944,280.5669564608098,277.118534553158,280.5190734863281,18249000
2021-08-16,280.84477083854165,282.40614177195425,277.80823587058995,282.1954040527344,22507600
2021-08-17,280.0784603423911,281.074648413446,278.8235931164337,280.7393798828125,20075300
2021-08-18,280.27869394112855,282.9467339501036,278.5799583297278,279.0214538574219,21813000
2021-08-19,277.0636542331081,285.490058075922,277.01567958739867,284.8182373046875,29850500
2021-08-20,287.64942035089217,293.52294577742174,286.0562697795544,292.1025390625,40817600
2021-08-23,291.0372472733272,293.1006547103833,289.6936351716544,292.380859375,22830200
2021-08-24,292.7360179434968,293.34065084403505,289.83765196769906,290.43267822265625,18175800
2021-08-25,292.04501401347983,292.3233431392219,288.3212965855392,289.8472595214844,20006100
2021-08-26,288.8682448842241,290.2502542246481,286.9104227257453,287.0447692871094,17666100
2021-08-27,286.9488636063391,288.7531556639914,284.8758490691569,287.64947509765625,22605700
2021-08-30,288.99305899463644,291.96821926723266,288.935477703884,291.36358642578125,16348100
2021-08-31,292.16012706402677,292.2368923425425,289.35771113719727,289.722412109375,26285300
2021-09-01,290.6725629329241,292.8991369938273,289.34813475379116,289.6744384765625,18983800
2021-09-02,290.02958175450493,291.14283957172955,288.0909139976585,289.0218505859375,16285600
2021-09-03,288.8683160554501,290.4134922673868,288.1677338580256,289.0122985839844,14747900
2021-09-07,288.8875324668998,288.96429776620096,286.1907010174333,288.0909423828125,17180400
2021-09-08,287.70701428120356,288.50357495760755,285.4900468274503,288.11968994140625,15046800
2021-09-09,288.7051022748946,289.9719490279813,285.0389378630283,285.27886962890625,19927000
2021-09-10,286.401938934136,287.84153041282633,283.48435866985926,283.8010559082031,19633400
2021-09-13,285.5668027729655,286.5169525710251,282.23654837919304,285.02935791015625,23652900
2021-09-14,287.4958964728086,289.25221376514764,286.0947028700539,287.7166442871094,21853400
2021-09-15,291.0468952158528,293.02393100782655,289.66488563272827,292.5440673828125,28356300
2021-09-16,291.52675443497674,293.0143199346179,288.647572728406,292.9279479980469,19550800
2021-09-17,291.92024060405146,292.2369376988319,287.4670922568032,287.79339599609375,41372500
2021-09-20,284.3959685720782,286.68973080217256,277.860228217035,282.4477233886719,38278700
2021-09-21,283.78175309872546,285.5572543702067,282.22699963878074,282.9275817871094,22364100
2021-09-22,284.7798868463927,288.12932568723215,282.6492911094491,286.55535888671875,26626300
2021-09-23,286.81451245521663,288.78194172532284,285.5476653767462,287.49591064453125,18604600
2021-09-24,286.21945226743645,287.72620170617705,284.971789339243,287.2943420410156,14999000
2021-09-27,284.21363131308823,284.5303284068583,281.14249251178086,282.3229675292969,23571700
2021-09-28,278.1289850116234,279.069528394677,271.3629186493173,272.1018981933594,43186200
2021-09-29,273.61826695321446,275.2209951886973,271.6124403531808,272.56256103515625,26353700
2021-09-30,274.20369075422246,276.23830803362955,270.27840943903544,270.56634521484375,32343600
2021-10-01,270.7582465838053,278.301717984921,269.96168585473896,277.4571533203125,30086300
2021-10-04,275.8256432027342,276.1615536435043,268.9635982922401,271.7084045410156,31350700
2021-10-05,272.61052278816857,278.7047968877301,272.61052278816857,277.130859375,24993000
2021-10-06,274.270845855537,281.80471044780717,274.0117300480355,281.3056335449219,28002600
2021-10-07,283.29234414696924,284.69356732402304,282.0831074655801,282.97564697265625,20430500
2021-10-08,284.2904689045215,284.69356732402304,281.9295475576061,282.97564697265625,17685700
2021-10-11,281.12334424926865,285.96995558239155,280.96017771512624,282.3805847167969,19298600
2021-10-12,283.44582055374815,283.541799129027,280.5762456707699,281.08489990234375,17974100
2021-10-13,283.0331881435553,285.30773721131357,281.6703624588803,284.3768005371094,23416300
2021-10-14,287.1599913093113,291.05648172385895,285.83556297646015,290.55743408203125,27262900
2021-10-15,290.1639632249141,292.1890031616516,288.4172524202229,291.9586486816406,25384800
2021-10-18,291.34439492137415,295.79751392665924,290.4998302940227,294.9145812988281,22729300
2021-10-19,295.9319350570906,296.84365846900545,294.8474384623916,295.8167724609375,17682100
2021-10-20,296.75728265313415,297.22756896603414,293.7821220408967,295.02978515625,16537100
2021-10-21,294.79942529790196,298.49435169218145,294.0220192983192,298.2448425292969,16918100
2021-10-22,297.8993420062516,298.56155617287357,295.40404521926826,296.70928955078125,17449300
2021-10-25,296.9012712194873,296.93966851845744,294.1180674595812,295.7208251953125,17554500
2021-10-26,298.47520410987,299.8188165343258,296.1718643410095,297.62103271484375,28107300
2021-10-27,303.27383257307736,312.9670843453073,303.27383257307736,310.15509033203125,52588700
2021-10-28,311.2683233315921,311.7865842427679,308.417932252952,311.28753662109375,26297900
2021-10-29,311.07648187979646,318.62953268220826,310.85573400905696,318.26483154296875,34766000
2021-11-01,318.0151944565091,318.1399636800593,313.2261650477916,316.1053466796875,27073200
2021-11-02,317.0074904775489,320.02104795725353,316.7099773873297,319.71392822265625,26487100
2021-11-03,320.45300210646246,321.4127295936268,317.3338877731784,320.5489807128906,21500100
2021-11-04,319.4836957053107,322.9866951586953,316.23981212831796,322.8907165527344,23992200
2021-11-05,324.8772219585156,325.1459443683277,320.9519417312207,322.52587890625,22570100
2021-11-08,323.71593957200855,324.0518499151926,320.9711341206324,323.4184265136719,20897000
2021-11-09,323.5335762229284,325.07875202475316,321.0574932867859,322.4203186035156,21307400
2021-11-10,321.0959739152807,321.1535552109362,316.63324777065986,317.477783203125,25500900
2021-11-11,317.90964316198944,320.328145224204,317.1994543880921,319.0421142578125,16849800
2021-11-12,320.47213819174647,323.64883306583664,320.34736896230555,323.15936279296875,23831000
2021-11-15,323.94632259604236,324.2726263246895,320.5776708005054,322.5355224609375,16723000
2021-11-16,322.1613243931987,326.9503845971873,321.9981871176535,325.83709716796875,20886800
2021-11-17,325.8850760747881,329.0098960712893,324.9812796361216,326.0581359863281,19053400
2021-11-18,325.15438659772514,329.2599387046323,324.1352167372241,328.1253662109375,22463500
2021-11-19,329.44263177761013,331.8078723346504,329.0195768042026,329.8945007324219,21963400
2021-11-22,331.3463577773727,336.2018658663324,326.4716305863018,326.7408447265625,31031100
2021-11-23,324.067875438659,326.3754584116151,320.7123087229874,324.6736145019531,30427600
2021-11-24,323.32749241749696,325.1350850982955,321.04878247024,324.89471435546875,21661300
2021-11-26,321.4718586551738,324.91395501030433,315.4818087833129,316.9817199707031,24217200
2021-11-29,322.0390626112231,325.9715238793215,321.8467543076653,323.6639709472656,28563500
2021-11-30,322.40445309853635,324.76969281694863,316.3182499094072,317.85662841796875,42885600
2021-12-01,322.22180934894953,326.21195801552415,316.70290620086416,317.3663024902344,33337600
2021-12-02,317.5779018588186,320.6450357362237,315.17419376318077,316.7991027832031,30766000
2021-12-03,319.20276398285586,319.8854381080619,305.7804681645628,310.56866455078125,41779300
2021-12-06,311.472416708919,314.8376070697841,306.9342159628672,313.6261291503906,30032600
2021-12-07,318.86626463105284,322.8660084465521,317.38557246325246,322.0199279785156,31021900
2021-12-08,322.3948633464057,322.57754746432244,318.05856561396024,322.0679626464844,24761000
2021-12-09,321.5295293799617,323.5294010834797,319.3277251227278,320.2699890136719,22214200
2021-12-10,322.0775359880214,329.7886178898005,321.89485189896294,329.3463439941406,38095700
2021-12-13,327.5580286364802,330.5482560904691,326.01964993405755,326.32733154296875,28899400
2021-12-14,320.3854635674204,321.7507827518931,311.626335523939,315.69342041015625,44438700
2021-12-15,315.95294877643335,322.279524033455,312.0012673025278,321.76031494140625,35381100
2021-12-16,322.77955765121357,323.78913274409354,310.578331953771,312.38592529296875,35034800
2021-12-17,308.52067208536005,312.4050716507524,305.0304840740271,311.32818603515625,47750300
2021-12-20,307.722635580741,310.3667139438823,305.3381764176737,307.5880432128906,28326500
2021-12-21,310.83793531898675,315.10692339538815,307.48233874598975,314.6838684082031,24740600
2021-12-22,315.65485969090975,320.7603321144237,313.203089758129,320.36614990234375,24831500
2021-12-23,319.9335482909737,323.4333613707806,319.9143291893332,321.798828125,19617800
2021-12-27,322.5391310058425,329.2887615338592,322.5102876848739,329.2599182128906,19947000
2021-12-28,329.9329216504245,330.567504020854,327.21193737349995,328.1061096191406,15661500
2021-12-29,328.15421774318594,331.0386674602681,326.596619590704,328.7792053222656,15042000
2021-12-30,328.7407262620481,329.91373694625986,325.7697466785753,326.25048828125,15994500
2021-12-31,325.47164761227714,326.288884758608,322.9140990920403,323.3659973144531,18000800
2022-01-03,322.4333715730328,324.9812959837682,317.0779035290574,321.8564758300781,28865100
2022-01-04,321.9333951684874,322.2891685868689,313.5588850186426,316.33758544921875,32674300
2022-01-05,313.30884042531306,313.51077298431005,303.80941290749814,304.1940002441406,40054300
2022-01-06,301.0884509560254,306.4247001927171,299.49238536143025,301.79034423828125,39646100
2022-01-07,302.0499324142328,304.3094237353557,298.14631308588326,301.9441833496094,32720000
2022-01-10,297.56933505306506,302.59790121232373,292.9542288432168,302.16522216796875,44289500
2022-01-11,301.3095522143525,304.41512357671206,297.95398587837894,302.8479309082031,29386800
2022-01-12,307.3572996957186,310.95323691547827,304.8670327735876,306.0111999511719,34372200
2022-01-13,308.1264486110597,308.52066014986855,292.2908229193429,293.05999755859375,45366000
2022-01-14,292.5312389014695,298.8481900342401,292.05049734205875,298.2520751953125,39846400
2022-01-18,292.3582391420896,297.8675197676401,290.11796658264785,290.992919921875,42333200
2022-01-19,294.4926786966677,301.8191755170397,291.04095775062984,291.64666748046875,45933900
2022-01-20,297.1655554938759,299.64616870365205,289.5410024064944,289.9832763671875,35380700
2022-01-21,291.0313502433303,292.39663994676283,284.22403280045586,284.62786865234375,57984400
2022-01-24,280.94531414889065,285.66616935055157,265.4173418936867,284.9546813964844,85731500
2022-01-25,280.29152732225515,283.627874669316,274.18613344698997,277.37823486328125,72848600
2022-01-26,296.1272067657119,296.6175725961171,281.74342604783857,285.28167724609375,90428900
2022-01-27,291.00240431729713,295.4636695050872,286.4545798515134,288.291015625,53481300
2022-01-28,288.6661610944425,296.59839885177183,283.1087884211751,296.3868713378906,49743700
2022-01-31,297.05020471160907,300.34808458292423,294.56956197195456,299.00201416015625,46444500
2022-02-01,298.45390303504354,298.6654304414309,293.3772746238769,296.8674621582031,40950400
2022-02-02,297.703977220742,302.9825093458668,296.9828649919706,301.3864440917969,36636000
2022-02-03,297.5693697082304,299.2423701113963,288.40643772478234,289.6467590332031,43730000
2022-02-04,288.6468494123292,296.9059861831538,288.41610284488047,294.1561584472656,35096500
2022-02-07,294.37728012769503,295.9829403994106,288.3487625883948,289.35833740234375,28533300
2022-02-08,289.6467780186861,293.7907677485287,288.3968617508122,292.82928466796875,32421200
2022-02-09,297.9347607103794,299.9154135304483,295.5503014236904,299.22314453125,31284700
2022-02-10,292.3293112144285,297.21363213902004,289.1179613871902,290.7332458496094,45386200
2022-02-11,291.5120766241171,292.5697139503908,282.8875716532668,283.6759948730469,39175600
2022-02-14,282.45490783075724,285.3297625384846,280.12813492881736,283.6375427246094,36359500
2022-02-15,288.4545460706531,289.2140965718555,285.57969173022536,288.8968200683594,27058300
2022-02-16,287.47087375855756,289.8795515618136,282.95219184742473,288.5596008300781,29982100
2022-02-17,285.5342722610437,285.9582018841707,279.4066103677046,280.1099548339844,32461600
2022-02-18,282.34519885606585,283.1256081080043,275.8514129414356,277.4122314453125,34264000
2022-02-22,274.5893783088243,280.8904901701734,274.10764255740526,277.21002197265625,41736100
2022-02-23,279.58007749575995,281.04457259903455,269.86830032930663,270.0320739746094,37811200
2022-02-24,262.5556046280653,284.3782262903966,261.6017479336013,283.82904052734375,56989700
2022-02-25,284.3588691791243,286.75790276376836,280.9963351099328,286.4495849609375,32546700
2022-02-28,283.5591880367457,288.212770094987,282.29704319923974,287.87554931640625,34627500
2022-03-01,285.572980554298,289.0125812735,281.478226194149,284.17596435546875,31217800
2022-03-02,284.57081381078126,290.45763760043087,282.97147763773455,289.2243957519531,31873000
2022-03-03,291.82571437942323,292.05693798602465,283.3086057674911,285.1103210449219,27314500
2022-03-04,283.53986601323993,284.85981647260746,276.6799577495379,279.27166748046875,32356500
2022-03-07,277.9903600081898,279.1079901922431,268.35564745891236,268.7217712402344,43157200
2022-03-08,267.6522801991081,273.58726615536074,260.1372168079997,265.7735290527344,48159500
2022-03-09,273.0862941142346,279.0212805569592,270.52345705468474,277.9614562988281,35204500
2022-03-10,272.68167772663327,276.13092196464873,270.33080504905854,275.1578063964844,30628000
2022-03-11,277.441127086034,278.9345249185214,269.22271985726513,269.83935546875,27209300
2022-03-14,270.0994498709781,274.9746106570879,265.7445716446683,266.3419189453125,30660700
2022-03-15,270.1091737905865,277.3063052834026,268.54835505285934,276.6607666015625,34245100
2022-03-16,278.54916547604324,283.80973979385806,272.8550761301039,283.6363220214844,37826300
2022-03-17,282.5764817272433,284.81171260660994,278.7996616158856,284.43597412109375,30816600
2022-03-18,284.5804958303675,290.0048436231841,282.0369470428673,289.4556579589844,43390600
2022-03-21,287.9718985278678,289.17623743354596,284.12762874703543,288.2320251464844,28351200
2022-03-22,288.84863696836237,293.8586986740922,287.85626286698505,292.9530334472656,27599700
2022-03-23,289.5327166388402,292.15335927003025,286.84462397235353,288.5499572753906,25715400
2022-03-24,288.2127985858923,293.0879606698215,287.4227451186162,292.9916076660156,24484500
2022-03-25,294.08028132501425,294.3404079254056,288.3572608939785,292.5868835449219,22566500
2022-03-28,293.2131884282858,299.4468485037341,293.2131884282858,299.35052490234375,29578200
2022-03-29,302.4432514351578,304.2834849768808,297.7607660592807,303.8884582519531,30393400
2022-03-30,302.2987264531988,304.40873068688376,300.1983369373926,302.3950500488281,28163600
2022-03-31,302.43352863327596,303.62825261825105,296.64308815432844,297.0477294921875,33422100
2022-04-01,298.0690878498517,298.8013353889546,294.3790059993479,298.1172790527344,27110500
2022-04-04,298.76279420407815,303.59940925877385,298.3966704273003,303.46453857421875,24289600
2022-04-05,301.8266373690895,303.36819729800135,298.550840896908,299.5239562988281,23156700
2022-04-06,294.04175386251336,295.7856342398464,285.8715081688589,288.5596008300781,40110400
2022-04-07,285.8233566950077,292.5580106672026,285.5246829888432,290.3612976074219,31411200
2022-04-08,289.4651933699419,290.12034651128687,285.45715098315287,286.1219482421875,24361900
2022-04-11,281.13124798929533,281.921271966205,274.5892708132743,274.83978271484375,34569300
2022-04-12,278.6743994842394,280.1196062790801,270.2440265143357,271.7566833496094,30966700
2022-04-13,272.40219747053607,278.0384799408657,271.0244114373308,277.1135559082031,21907200
2022-04-14,277.56640502923614,277.7783698621316,269.1167734779353,269.6081237792969,28221600
2022-04-18,268.72171390745734,272.14202437159116,268.1725283526451,270.27288818359375,20778000
2022-04-19,269.1745633932946,275.7165404624221,268.2399952405621,274.8782958984375,22297700
2022-04-20,278.82852699073885,279.11758595882566,274.94573968215394,275.8995666503906,22906700
2022-04-21,278.03852943515125,282.5861150592423,269.82976470304897,270.5523681640625,29454600
2022-04-22,271.39059991716476,272.8550951713469,263.393799558569,264.0200500488281,29405800
2022-04-25,263.30702351755633,270.8413451266627,260.8790575428307,270.4656066894531,35678900
2022-04-26,267.3632197682349,268.1917907684052,260.13718680152584,260.3491516113281,46518400
2022-04-27,271.7951847238902,280.3411680957989,268.96257753012264,272.874267578125,63477700
2022-04-28,274.77226623006675,280.3507709313544,271.1785092154358,279.0500793457031,33646600
2022-04-29,278.0674307607547,279.29105809866707,266.3998077256145,267.3825378417969,37073900
2022-05-02,267.56562889178645,274.5315375590096,266.13006594349525,274.0787048339844,35151100
2022-05-03,273.5872988286567,273.7511018849256,269.9164755719785,271.4869384765625,25978600
2022-05-04,272.2673535703565,280.2545389514792,266.6214258152803,279.3874206542969,33599300
2022-05-05,275.10958168100854,275.88999102064156,264.318692205309,267.21875,43260400
2022-05-06,264.77149224146683,269.0493063035853,261.3607962940362,264.6944274902344,37780300
2022-05-09,260.19497757281874,262.4109491258786,253.7011924001601,254.91514587402344,47726000
2022-05-10,261.7654605643178,263.75020864058513,255.38728670730274,259.65545654296875,39336400
2022-05-11,255.97502163371615,261.4475309989085,249.82807066667775,251.03240966796875,48975900
2022-05-12,248.27688839647124,250.3868926130945,240.88706627938942,246.02236938476562,51033800
2022-05-13,247.94932803549173,253.43148171105642,246.0223855668309,251.58160400390625,34925100
2022-05-16,250.46392397407843,256.1098795725535,246.4366220731242,251.9476776123047,32550900
2022-05-17,256.3893090476885,258.5282163055622,252.87264501904795,257.0733947753906,28828800
2022-05-18,253.98310507106706,254.56254010236933,244.10384241044304,245.36892700195312,31356000
2022-05-19,245.1951046927819,248.83587017478328,243.24437042893047,244.46116638183594,32692300
2022-05-20,248.42054052843162,249.6759878292524,237.9908293362282,243.9010009765625,39199300
2022-05-23,246.73057447845937,252.53451735450935,244.74118884717117,251.71365356445312,33175400
2022-05-24,249.0483104249833,252.3703436440929,244.80880649372511,250.71897888183594,29043900
2022-05-25,249.289783654333,255.5089636207459,248.31440168457397,253.51959228515625,28547900
2022-05-26,253.27814016507855,257.95219866287647,252.4669428526963,256.78369140625,25002100
2022-05-27,259.27522501006564,263.96858669067194,258.38675406725025,263.87200927734375,26910800
2022-05-31,263.1863868585538,265.3495796777819,259.709805919586,262.54901123046875,37827700
2022-06-01,265.76485697863757,268.1694785962378,260.7817625947678,263.0801696777344,25292200
2022-06-02,255.38340607068776,265.2336837998182,252.63111175251524,265.16607666015625,44008200
2022-06-03,261.04254742888673,264.07490816358165,259.2076939224784,260.7624816894531,28059000
2022-06-06,262.7324336411163,264.779744827782,258.0583763446399,259.5359191894531,22400300
2022-06-07,257.49833236224606,263.76581500022235,256.82231988834405,263.15740966796875,22860700
2022-06-08,262.3944559964506,263.64023679590827,260.36644828068603,261.1390380859375,17372300
2022-06-09,258.5992253476871,263.3601943996646,255.55722824112877,255.7117462158203,26439700
2022-06-10,251.6460439882833,251.6460439882833,243.87204872141055,244.3162841796875,31422800
2022-06-13,236.70644141538565,240.48239119497188,233.24917940412797,233.9541473388672,46135800
2022-06-14,235.49930650770008,237.3148557778769,233.2298699199791,236.1077117919922,28651500
2022-06-15,239.79671901174797,246.5470730031909,237.9715180249655,243.12843322753906,33111700
2022-06-16,237.5465796468709,238.93721165183317,234.68807140168576,236.5712127685547,33169200
2022-06-17,236.3105360612127,241.91168786918539,235.66350856453076,239.15939331054688,43084800
2022-06-21,241.67990380993942,246.01597077834313,240.9556173405233,245.0406036376953,29928300
2022-06-22,243.25401534558895,248.3530054561835,241.78612402987773,244.45150756835938,25939900
2022-06-23,246.80783416507126,250.4775400388381,244.9343443692557,249.98501586914062,25861400
2022-06-24,252.8338959418169,258.79237173531016,252.74698510975713,258.52197265625,33923200
2022-06-27,259.01448667805846,259.1013975165965,254.25351742662792,255.80833435058594,24615100
2022-06-28,254.92947810959762,257.7590162284537,247.53209704046702,247.68661499023438,27295500
2022-06-29,248.75853349236172,252.9883700808471,246.99127320177047,251.33700561523438,20069800
2022-06-30,248.23707094153858,250.6320551562228,244.22935890804,248.0246124267578,31730900
2022-07-01,247.599724121051,250.86381660731956,245.88073757874744,250.68032836914062,22837700
2022-07-05,247.3775600381912,253.96374346725312,246.00624649481796,253.83819580078125,22941000
2022-07-06,254.70741739613206,258.8020409501888,253.40369581093594,257.08306884765625,23824400
2022-07-07,256.0304226841945,259.8353431316474,255.9338452648158,259.1979675292969,20859900
2022-07-08,255.71173945693104,258.9082544536916,254.26316663768768,258.48333740234375,19658800
2022-07-11,256.5421533059439,257.3919871201484,253.19112147614334,255.44125366210938,19455200
2022-07-12,256.76436593684815,256.82230649201273,243.39885616958918,244.9729766845703,35868500
2022-07-13,241.6122686543637,244.8570720526818,239.60357943296265,244.05552673339844,29497400
2022-07-14,241.9792718550764,246.39258278636146,237.50800563214514,245.36892700195312,25102800
2022-07-15,246.95272643826956,251.44329684800084,246.0352998179171,247.91844177246094,29774100
2022-07-18,250.8444832920911,251.89710915606972,244.61562419019552,245.53305053710938,20975000
2022-07-19,248.74886295733143,250.815507255263,244.9825802573405,250.63201904296875,25012600
2022-07-20,250.98938157590604,255.7889874324287,250.03333293209215,253.2781219482422,22788300
2022-07-21,250.8831747670427,255.80832847001912,248.21779122798213,255.76002502441406,22404700
2022-07-22,256.14630415666,256.23321499283503,250.18785755232344,251.43360900878906,21881300
2022-07-25,252.05171581946772,252.53457351260846,248.0053659932447,249.9561004638672,21056000
2022-07-26,250.95077295289985,250.97010612123876,241.0135833692988,243.26368713378906,39348000
2022-07-27,252.20619754450755,260.7913907687193,249.97539768074358,259.52630615234375,45994000
2022-07-28,260.50171243898495,268.3143459872542,258.68616288804407,266.9333801269531,33459300
2022-07-29,268.17914544538223,272.33170936707273,267.1458230211277,271.1148986816406,32152800
2022-08-01,268.29499686655436,271.63636311853617,266.38287021128184,268.4784851074219,21539600
2022-08-02,266.53736387741355,268.362579537139,263.04147997964446,265.3978271484375,22754200
2022-08-03,267.2713577584934,273.7802690088794,267.12647689627147,272.78558349609375,23518900
2022-08-04,272.13850053519735,274.0699307149256,270.5644096945988,273.9250793457031,18098700
2022-08-05,269.57938130013923,273.92509952465934,269.1254939956156,273.2104797363281,16774600
2022-08-08,274.3113883534034,276.11730051736697,269.74357435929414,270.70928955078125,18739200
2022-08-09,270.05256187655357,273.3745944260837,268.0921320968785,272.621337890625,23405200
2022-08-10,278.29016718582943,279.8739248174104,277.1023268586765,279.2462158203125,24687800
2022-08-11,280.87827114074025,281.2259144656879,276.687070719345,277.1795654296875,20065900
2022-08-12,278.58955073001846,281.9019470214844,277.10234096743113,281.9019470214844,22619700
2022-08-15,281.02315975011504,284.09412741241835,280.1636589641089,283.4084777832031,18085700
2022-08-16,281.97918336040345,283.9589172842201,280.46303283251734,282.67449951171875,18102900
2022-08-17,280.4002359720042,283.8938831580585,280.1389500408416,281.9293212890625,18253400
2022-08-18,280.8357509194147,282.5003080383182,279.76151632304703,280.81640625,17186200
2022-08-19,279.5873490654093,279.9260727784797,276.3550169722019,276.9259948730469,20570000
2022-08-22,272.9871317684134,273.3548871851572,268.28380815555704,268.7967224121094,25061100
2022-08-23,267.52899169921875,269.8709667468448,266.5225077065828,267.52899169921875,17527400
2022-08-24,266.5321774149117,268.29351690361904,266.24183017802443,266.8999328613281,18137000
2022-08-25,268.3903061400595,270.02583166772644,265.6708883290783,269.861328125,16583400
2022-08-26,270.0838799821935,271.3032734990673,259.3417106465169,259.4481506347656,27549300
2022-08-29,257.2802767817601,258.7803004011994,255.34474719082542,256.6802673339844,20338500
2022-08-30,258.07387544076863,258.44160128944475,252.2575990184028,254.49313354492188,22767100
2022-08-31,256.8352329616171,258.49976083320814,252.90607888942776,253.0415802001953,24791800
2022-09-01,250.5253477936383,252.4802522057439,247.17688880265302,252.0060272216797,23263400
2022-09-02,253.26411708214042,256.20610147316614,246.26716536821394,247.805908203125,22855400
2022-09-06,247.9414053865417,249.51883753175827,243.8187170261839,245.08648681640625,21328200
2022-09-07,246.48973931975843,250.4865986759276,245.057451273247,249.7704620361328,24126700
2022-09-08,249.20917715444372,252.03503444444726,246.57684037919475,250.1865997314453,20319900
2022-09-09,252.10273346738484,256.6802716592623,251.89951112638678,255.93507385253906,22084700
2022-09-12,257.21261449388913,258.828795252262,256.61260484004885,258.0545654296875,18747700
2022-09-13,250.49630836570796,252.0060195193781,243.4800115748494,243.86712646484375,33353300
2022-09-14,245.35746095813147,246.03489350941175,241.8057651557058,244.08969116210938,23913000
2022-09-15,241.71867215528192,243.29611908968658,236.15402331387534,237.47018432617188,31530900
2022-09-16,236.38629220933913,237.3927761581187,234.2572119949683,236.850830078125,39791800
2022-09-19,234.6539876734692,237.2379185278828,233.08621305250247,236.63790893554688,26826900
2022-09-20,234.26688762643548,235.66045686379198,231.91521092748422,234.63462829589844,26660300
2022-09-21,236.3959688481416,239.6766917207571,231.19906057717108,231.24745178222656,28625600
2022-09-22,230.20224081204793,235.99915810009645,229.91192314451845,233.2119903564453,31061200
2022-09-23,231.81844612716222,233.35720386281167,227.61834912688556,230.25067138671875,34176000
2022-09-26,229.40867630752822,233.6668360314633,229.26350270996545,229.7957763671875,27694200
2022-09-27,232.24426616908045,234.00560575138226,226.94091751914982,228.7893524169922,27018700
2022-09-28,229.1764446378298,234.51851197700628,227.16349151340208,233.29913330078125,29029700
2022-09-29,231.18940064159077,232.215229269323,226.85381719409244,229.84420776367188,27484200
2022-09-30,230.6087554984579,232.78622712752662,225.22798352444488,225.3925018310547,35694800
2022-10-03,227.82160712397638,233.82174835391186,227.09578323083278,232.97979736328125,28880400
2022-10-04,237.18952317598578,242.2896489224366,237.08306843402076,240.85736083984375,34888400
2022-10-05,238.0605054835281,242.50254306214893,236.23143031780648,241.16702270507812,20347100
2022-10-06,239.93798363059574,242.2703009633561,238.1476271342794,238.83473205566406,20239900
2022-10-07,233.13457344372063,233.54104772265964,225.65375442204814,226.68927001953125,37769600
2022-10-10,225.53766359831536,226.99898360972267,219.4213809672786,221.8601531982422,29743600
2022-10-11,220.28268877269275,221.67627288848584,216.88583856563983,218.14393615722656,30474000
2022-10-12,218.13425298449135,220.51496168634117,216.74068361052014,218.4729766845703,21903900
2022-10-13,212.76313280674802,228.4893134395643,212.06634085274027,226.68927001953125,42551800
2022-10-14,227.94734744050535,229.59255965182822,220.9794428267959,221.19235229492188,30198600
2022-10-17,228.21834487388986,231.2571263231049,227.5602570081076,229.8732147216797,28142300
2022-10-18,235.39916206358598,236.06690750411659,227.7828415320167,230.81195068359375,26329600
2022-10-19,229.39901697875123,231.88618020226818,226.7376631373762,228.85707092285156,19985700
2022-10-20,228.16994856599382,233.5313599425322,227.29895124255845,228.53768920898438,21811000
2022-10-21,227.17315124335872,235.16688446931025,226.94088233766772,234.31524658203125,26299700
2022-10-24,235.90238686212638,239.85086976349376,233.52169327420833,239.27989196777344,24911200
2022-10-25,239.28954649822887,242.94769667923924,237.90564976408078,242.5799560546875,34775500
2022-10-26,223.71821446357913,230.6183830586996,222.6439948132426,223.86338806152344,82543200
2022-10-27,223.592409520333,226.15699552057893,218.50197115457948,219.44070434570312,40424600
2022-10-28,218.94712754218335,228.9731720961837,218.7632498558245,228.26669311523438,40647700
2022-10-31,226.22475535763192,227.3473663725247,223.69888795758465,224.64730834960938,28357300
2022-11-01,227.03770950079402,228.140961178221,220.00205274402387,220.81497192382812,30592300
2022-11-02,222.0633621151271,223.84404616078317,212.94700287287873,213.0050811767578,38407000
2022-11-03,212.9954026993864,213.3050945982589,207.08235775345725,207.34365844726562,36633900
2022-11-04,210.53729517480699,214.4470595832424,206.55009302136054,214.25350952148438,36789100
2022-11-07,214.83414923285227,221.04719851693054,214.14702961237924,220.52459716796875,33498000
2022-11-08,221.32785232766216,224.18275612145348,218.5600438397234,221.49237060546875,28192500
2022-11-09,220.04074269428185,221.26013615245242,217.09874333274988,217.27293395996094,27852900
2022-11-10,227.84090847628838,235.4862608906142,227.42477661146236,235.1475372314453,46268000
2022-11-11,235.15725212322295,239.99607772936167,234.1314086905055,239.14443969726562,34620200
2022-11-14,234.18944503837977,236.0475519661583,231.49905966480162,233.7636260986328,31123300
2022-11-15,237.74117578758222,239.03797746539766,232.2926536001012,234.1701202392578,31390100
2022-11-16,235.6258570860806,236.60606394497793,233.32579470204732,234.59713745117188,24093300
2022-11-17,230.76368475624398,236.0722794395261,230.6181168177236,234.54859924316406,23123500
2022-11-18,236.32456307646515,236.5477869566877,231.97676193163215,234.10214233398438,27613500
2022-11-21,234.3059689787537,237.45036963154155,234.07306028423957,234.90768432617188,26394700
2022-11-22,236.4022474427257,238.0714956068187,233.60723931445074,237.7997589111328,19665700
2022-11-23,237.87740335454106,240.9538626225825,237.06219325627018,240.27452087402344,19508500
2022-11-25,240.01246797791015,241.3614517929226,239.44958062083853,240.18716430664062,9200800
2022-11-28,238.81872361988414,239.37189647637996,233.69452596138473,234.62619018554688,24778200
2022-11-29,234.27685297681788,235.6258367832805,231.18099474535325,233.23843383789062,17956300
2022-11-30,233.47133933183883,247.79580032500542,232.78228328422537,247.6114044189453,47594200
2022-12-01,246.37891746379069,248.56252551104194,243.51596765243588,247.1747283935547,26041500
2022-12-02,242.44842226131698,248.5042854543991,242.32225350861475,247.49497985839844,21528500
2022-12-05,244.57377324279298,246.33037684588194,240.7403313992676,242.8171844482422,23435300
2022-12-06,243.41890331596056,244.42820886485632,236.58662873937655,237.8870849609375,22463700
2022-12-07,237.60564320065706,238.89639979977625,235.0629579890975,237.15921020507812,20481500
2022-12-08,237.61534962771674,241.40027877672188,235.88787438426903,240.0998077392578,22611800
2022-12-09,237.4794517893177,240.98292942150877,236.95539248747858,238.17820739746094,20609700
2022-12-12,240.1483469667902,245.08814984287235,239.87661027319498,245.0590362548828,30665100
2022-12-13,253.96813536884156,256.13234388565945,245.6024963823434,249.33889770507812,42196900
2022-12-14,249.54275565955797,254.84163672246152,246.80595954357608,249.63009643554688,35410900
2022-12-15,246.2333334693487,246.69916567601095,240.04158720461845,241.6623077392578,35560400
2022-12-16,241.21590435148062,242.46783311149383,236.3246140510361,237.4698028564453,86102000
2022-12-19,237.6347483108368,237.9744265437408,231.6662265103739,233.35487365722656,29696400
2022-12-20,232.33589399962744,235.7423320849873,231.38481551475473,234.6650848388672,25150800
2022-12-21,234.55829818550004,238.37232600874938,233.02491849714485,237.21743774414062,23690600
2022-12-22,234.14099458820857,234.84946471293264,226.96905623748663,231.16159057617188,28651700
2022-12-23,229.14295316711923,231.8215067666557,227.0369865095698,231.68563842773438,21207000
2022-12-27,231.65649676645367,231.87970583722927,228.87118875185556,229.9678497314453,16688600
2022-12-28,229.89993593986588,232.64643111207874,227.26019552023155,227.6095733642578,17457100
2022-12-29,228.69652150065144,234.7815128184782,228.69652150065144,233.8983612060547,19770700
2022-12-30,231.1809457386682,232.87930703181334,229.67667991731835,232.74343872070312,21938500
2023-01-03,235.90729779007853,238.49851075863083,230.39489317769917,232.5105743408203,25740000
2023-01-04,225.4259564644858,225.99854338319813,219.2924526600918,222.3397979736328,50623400
2023-01-05,220.4958596008794,220.83553784778456,215.21637883212745,215.75015258789062,39585600
2023-01-06,216.41975808716526,219.0983111969919,212.87746752170884,218.2928009033203,43613600
2023-01-09,219.76798480761224,224.41665135349578,219.7291716302323,220.418212890625,27369800
2023-01-10,221.0393201111181,224.48457072526574,220.62201553173728,222.09716796875,27033900
2023-01-11,224.4651718383663,228.98766979827053,224.2904903213458,228.81298828125,28669300
2023-01-12,228.3180220940589,232.821105949786,226.6681880812586,231.4721221923828,27269500
2023-01-13,230.0066742453539,232.30673624907553,227.98804849183014,232.17086791992188,21333300
2023-01-17,230.94806647820474,233.80131636600996,230.09402846864725,233.25784301757812,29831300
2023-01-18,234.4418522484385,235.22794870990262,228.57037036509706,228.851806640625,30028700
2023-01-19,226.88168988104673,228.57035182284125,223.87315781209423,225.08627319335938,28623000
2023-01-20,227.92981370488926,233.6363129556783,227.5901354890902,233.13165283203125,35389800
2023-01-23,233.98570310784828,237.93559913009912,232.57847740404011,235.42202758789062,31934000
2023-01-24,235.34439747923588,236.75160844059997,233.3451855854794,234.89796447753906,40234400
2023-01-25,227.56105444486033,236.12080454500452,224.0866898660757,233.5101776123047,66526600
2023-01-26,236.4604658112775,240.98296392015405,234.85915928502237,240.68211364746094,33454500
2023-01-27,241.642866899376,242.45807682264515,239.5466001179385,240.8373565673828,26498900
2023-01-30,237.2950615090347,238.35290934630353,235.0532267167277,235.54818725585938,25867400
2023-01-31,236.26636386768823,240.63357952072695,235.78111768401726,240.49771118164062,26541100
2023-02-01,240.68212262765826,247.6502511666021,238.2267779645673,245.29196166992188,31259900
2023-02-02,251.18282257259764,256.8796075980904,249.65914256333582,256.7922668457031,39940400
2023-02-03,251.88158807324123,256.40408589321055,249.51358441442338,250.72669982910156,29077300
2023-02-06,249.84352591670253,250.6781350311893,247.26201299101024,249.1932830810547,22518000
2023-02-07,252.84235731907512,260.83920438047807,252.40562393796253,259.6649169921875,50841400
2023-02-08,265.1384914873045,268.5934414880708,258.354730598475,258.8594055175781,54686000
2023-02-09,265.7207756113508,265.89548673151216,255.04536048337422,255.84117126464844,42375100
2023-02-10,253.81294356493035,256.2974023990928,252.96861969152712,255.3366241455078,25818500
2023-02-13,259.74253036187247,266.49714735819,259.26696907403846,263.3139343261719,44630900
2023-02-14,264.624192764422,266.85631358119707,261.3342091005598,264.1389465332031,37047900
2023-02-15,261.0547562578646,263.39950469785816,258.9726863891012,262.0276794433594,28922400
2023-02-16,256.8711498021807,259.5175018592182,254.80855755164183,255.05178833007812,29603600
2023-02-17,252.36657534668234,253.04760380497552,249.068351286821,251.07257080078125,30000100
2023-02-21,247.58947974202172,248.5721416274502,244.77773242454728,245.8284912109375,28397400
2023-02-22,247.21004899921323,247.45327979594094,243.56158704829775,244.6999053955078,22491100
2023-02-23,248.64023054148305,249.88557094928385,243.69777930306105,247.8716278076172,29219100
2023-02-24,243.19190765277392,244.20374132379087,241.3822697726449,242.47193908691406,24990900
2023-02-27,245.62418557007777,245.97443849874284,242.63730436651332,243.38645935058594,21190000
2023-02-28,242.3259744546454,244.68044668021838,241.99516930320846,242.66648864746094,22491000
2023-03-01,243.9701913432016,244.13558648881542,239.1347623459425,239.60177612304688,27565300
2023-03-02,239.8742028427946,244.592871158647,238.95965271701235,244.31072998046875,24808200
2023-03-03,245.36148024067188,248.69859936512998,244.58313878749726,248.37753295898438,30760100
2023-03-06,249.48666061100502,253.07674918507004,249.04884819003743,249.9147491455078,24109800
2023-03-07,249.36016545686795,250.71254274610072,246.5289706683779,247.2683868408203,21473200
2023-03-08,247.16137194826737,247.6478334867659,244.01883456634258,246.83058166503906,17340200
2023-03-09,248.8932225660645,252.53194586818475,244.76802281359187,245.4879913330078,26653400
2023-03-10,244.2815470078051,245.9452372856859,240.89577859254197,241.8589630126953,28333900
2023-03-13,240.7011840514009,250.92661597294014,239.0764041542882,247.04464721679688,33339700
2023-03-14,249.79806490605014,254.00110081635123,248.9321637364231,253.7286834716797,33620300
2023-03-15,252.9405940179142,259.26459506275955,252.19142412250247,258.25274658203125,46028000
2023-03-16,258.0289000532813,269.0715820217102,256.1511657925528,268.7213439941406,54768800
2023-03-17,270.7256186044692,275.65831665347815,268.8381452248547,271.8639221191406,69527400
2023-03-20,269.4802097016117,269.96667117719255,262.5432643092286,264.85882568359375,43466600
2023-03-21,267.43710366119547,267.5538496813645,262.2222204606799,266.36688232421875,34558700
2023-03-22,265.9971667055635,273.43031336043435,264.81019934883693,264.917236328125,34873300
2023-03-23,270.41426299778846,273.44977847868375,267.7484630649204,270.141845703125,36610900
2023-03-24,269.7332324450906,273.03145651581804,267.8263111878216,272.97308349609375,28172000
2023-03-27,272.90495366822654,273.83895161321755,268.05978551317787,268.8965148925781,26840200
2023-03-28,268.32248351379377,268.6630125541161,264.68373074732534,267.77764892578125,21878600
2023-03-29,271.4066545555062,273.5276497515444,270.87155865821495,272.9147033691406,25087000
2023-03-30,276.53394388967973,276.7576972006701,273.8584053599599,276.3587951660156,25053400
2023-03-31,276.0474774481902,281.43744995850153,275.33723290766795,280.49371337890625,32766000
2023-04-03,278.7618705700124,280.46448571800556,276.2614811751681,279.4526672363281,24883300
2023-04-04,279.4527167048261,282.58553031935185,277.9349590223858,279.404052734375,25824300
2023-04-05,278.11008412867955,279.3748723279069,275.25942646851195,276.6409606933594,22064800
2023-04-06,275.54153732325625,284.1713602969535,274.3934952141327,283.7043762207031,29770300
2023-04-10,281.3791115118309,281.75856581319096,277.00095709388467,281.55426025390625,23103000
2023-04-11,278.0127931758795,278.2365761916983,274.0140932371224,275.1718444824219,27276600
2023-04-12,277.07878271017614,279.2386732168352,274.32539366289427,275.81396484375,27403400
2023-04-13,275.91126538247534,282.05040792429327,275.50265429718814,281.9920349121094,24222700
2023-04-14,279.22891147364464,280.6688482565068,276.00853859815146,278.3922119140625,20987900
2023-04-17,282.07960200286976,283.7043967289592,278.4116924129814,280.9801940917969,23836200
2023-04-18,283.6751943988744,283.86005216252715,279.23866745372095,280.56182861328125,20161800
2023-04-19,278.24623650358313,281.22337847869596,276.8355159823551,280.6396484375,17150300
2023-04-20,277.52630699953454,281.2039550334732,277.3608970127179,278.3630065917969,23244400
2023-04-21,277.2928600656761,278.5187231488767,275.3956478853203,278.0225524902344,21676400
2023-04-24,274.45190651995864,277.234482358,271.173160031667,274.14056396484375,26611000
2023-04-25,271.9417767926592,273.9751827450711,267.9138604386518,267.9625244140625,45772200
2023-04-26,288.66631890750085,291.45860367890464,284.80381270160626,287.372314453125,64599200
2023-04-27,287.9560567732343,296.936147852177,287.2555509397699,296.5761413574219,46462600
2023-04-28,295.7783684985938,300.56513364270495,295.0973104351293,298.94036865234375,36469600
2023-05-01,298.6583553647419,300.2442255657433,296.8876273064905,297.2865295410156,21294100
2023-05-02,299.42681707438953,300.8083512230657,295.6810572722288,297.14044189453125,26404400
2023-05-03,298.3176970170622,300.25380462015016,295.8562025897096,296.1578063964844,22360800
2023-05-04,297.9479549880525,299.42681707438953,295.1848569994441,297.14044189453125,22519900
2023-05-05,297.4420521379096,303.5228215296377,296.03130176252597,302.2385559082031,28197100
2023-05-08,301.7326002338405,301.80071196646674,297.8019831892665,300.29266357421875,21318600
2023-05-09,299.6603622188009,301.6451339704267,298.0161195443124,298.68743896484375,21340800
2023-05-10,300.26351860842567,304.5249264836218,299.33925948976275,303.8536071777344,30078000
2023-05-11,301.7034562423544,302.6958271056149,297.9674351385275,301.7131652832031,31680200
2023-05-12,302.1412397708911,302.2385380136494,298.2982115576061,300.6040344238281,19774700
2023-05-15,300.73054195833356,301.50886857686805,299.26141854774806,301.0807800292969,16336500
2023-05-16,301.4407550392499,305.2157014683238,301.4407550392499,303.2990417480469,26730300
2023-05-17,304.4983225212711,306.58491370331046,302.986977417283,306.1656494140625,24315000
2023-05-18,306.68243649097326,311.07992095632784,305.892648471435,310.5728759765625,27276000
2023-05-19,308.83731401909836,310.7971739556616,308.47655029580653,310.39739990234375,27546700
2023-05-22,310.65094892902596,314.5413890695808,310.0756729757329,313.16656494140625,24115700
2023-05-23,312.0452031592295,314.6680896434004,307.38446605372087,307.39422607421875,30797200
2023-05-24,306.8774578305602,308.60328539686515,304.8103271006574,306.0194091796875,23384900
2023-05-25,315.1751430242443,318.7438294879401,312.0159906409768,317.7882995605469,43301700
2023-05-26,315.935693050292,325.0816668912498,315.7992015223041,324.58441162109375,36630600
2023-05-30,326.866039835357,327.3632951279749,322.2735326633113,322.9463195800781,29503100
2023-05-31,323.99934398362257,327.55827021551164,319.1630749897936,320.1966552734375,45950600
2023-06-01,317.7980281716673,325.2084138620462,316.61822604492374,324.2821044921875,26773900
2023-06-02,325.91040640789083,329.0793183624926,324.25280979071226,327.0317077636719,25873800
2023-06-05,326.8562818593042,330.11294548453895,326.31025620693947,327.5583190917969,21307100
2023-06-06,326.96353250247705,327.0025428376745,323.88240041372416,325.3547058105469,20396200
2023-06-07,323.37529757305805,326.14443575419256,314.4535968237107,315.3116455078125,40717100
2023-06-08,315.85773263123184,318.4903798108397,315.28245664141156,317.1448059082031,23277700
2023-06-09,316.8814584828526,321.7567079982965,316.3159426317722,318.6365661621094,22529000
2023-06-12,320.3819105271756,323.81410551348466,317.0472562466259,323.5703430175781,24260300
2023-06-13,326.12502581181246,328.5724112174238,322.1468342809254,325.94952392578125,22951300
2023-06-14,325.9982202996805,330.58096729872784,324.50639495848685,328.9233703613281,26003800
2023-06-15,329.0599201554074,341.11152517053205,328.78690731624766,339.4149475097656,38899100
2023-06-16,342.5545998111812,342.70085137133475,333.41838536086453,333.78887939453125,46552000
2023-06-20,330.84423422142726,333.54511218147553,327.48029960440283,329.61566162109375,26375400
2023-06-21,327.97752820350655,329.3036115330344,323.78482556024073,325.2376403808594,25117800
2023-06-22,325.78378660732847,331.6340881403402,325.0232485982838,331.23431396484375,23556800
2023-06-23,326.01765736840554,329.52784282060935,325.1303881799699,326.66119384765625,23146900
2023-06-26,325.39371033432894,327.72406452687306,320.29418775939905,320.4014587402344,21520600
2023-06-27,323.5800965917035,327.7630696544983,321.08397083431,326.2225036621094,24354100
2023-06-28,326.3102386492254,329.5474118113246,325.48144019271336,327.4705505371094,20259500
2023-06-29,326.358946806659,327.72401072843235,324.32109606698276,326.6904602050781,16997000
2023-06-30,329.32315064368396,334.17891054970244,328.78688502474677,332.0435485839844,26832800
2023-07-03,330.727231395335,332.394558661991,328.1726050055835,329.5571594238281,12508700
2023-07-05,326.7295145394102,333.12584042536054,326.3785108077479,329.7131652832031,18172400
2023-07-06,328.88442060889855,334.43245862825876,327.1293421510927,332.75537109375,28161200
2023-07-07,330.85400764917136,333.2623825906087,328.591884271755,328.806396484375,21214800
2023-07-10,326.25174994494995,326.8660362322845,319.41663962980306,323.55084228515625,32791400
2023-07-11,322.800041689948,324.55511973893175,318.84134117994995,324.17486572265625,26698200
2023-07-12,328.201859758283,333.12585071299276,327.2950703339859,328.7868957519531,29995300
2023-07-13,331.08793512161674,335.1636364816071,330.5613998542952,334.110595703125,20567200
2023-07-14,338.91765538868515,342.661844143398,335.7194923009407,336.62628173828125,28352700
2023-07-17,337.05532509830556,338.33263840062307,333.6621696566182,337.1040954589844,20363900
2023-07-18,337.20153461943244,357.62884439822335,333.63287773911316,350.5207214355469,64738600
2023-07-19,352.72433009882633,353.4166072525743,343.64661716979606,346.2207336425781,39732900
2023-07-20,344.74836061750995,349.03857373264293,336.75294045500357,338.21551513671875,33778400
2023-07-21,340.4387679481885,341.56006971565506,331.35129303428135,335.1929931640625,69405400
2023-07-24,337.2210078308696,338.26431834667585,333.7693229149204,336.49945068359375,26678100
2023-07-25,338.4496147386664,343.11038262849917,336.4605340248674,342.22308349609375,41637700
2023-07-26,332.92109821610006,336.0705206538034,324.79891447113727,329.3426513671875,58383700
2023-07-27,331.98500245672983,332.8137710712754,320.8401594248719,322.468505859375,39635300
2023-07-28,325.34498615387326,331.5268003348271,324.8574610945914,329.9277038574219,28484900
2023-07-31,328.51383777853505,329.2743755389443,325.04263262807757,327.5387878417969,25446000
2023-08-01,326.8270321220212,330.093455775555,325.374217054016,327.9483337402344,18311900
2023-08-02,325.3059494426346,325.3059494426346,318.2173166114524,319.3288879394531,27761300
2023-08-03,317.86629010944046,321.64948875271074,317.8175495134228,318.50982666015625,18253700
2023-08-04,323.5996401737791,326.7783131025437,319.07539331182784,319.6019287109375,23741500
2023-08-07,320.1771409046875,322.84876819218033,319.3483425125627,321.87371826171875,17741500
2023-08-08,318.80233812895545,320.54768595225426,314.9411484793251,317.9150390625,22327600
2023-08-09,318.324602002666,318.9486185830014,313.0398174565163,314.1903991699219,22373300
2023-08-10,317.8857952635295,320.0699275319088,313.16655676040074,314.8728942871094,20113700
2023-08-11,312.2695059957332,314.36585743355505,311.2456856962181,313.00079345703125,24355500
2023-08-14,313.37129346143496,315.97465996300735,312.09395075011946,315.9551696777344,18836100
2023-08-15,314.9411611661193,316.9790121676308,312.89355014228914,313.82958984375,16966300
2023-08-16,313.45831419457073,316.9954936708588,312.48119971164607,313.0674743652344,20698900
2023-08-17,313.2043253249921,314.5038746353846,308.973402366493,309.6280822753906,21257200
2023-08-18,307.29267431715726,311.0936633520083,304.4199558180871,309.2371520996094,24755000
2023-08-21,310.65396660689254,315.3831966115051,309.78435031765304,314.5135803222656,24040000
2023-08-22,318.050696980202,318.6174101401044,314.1031469540319,315.08026123046875,16084600
2023-08-23,316.40917150691627,321.66605140677217,316.0573948399172,319.5163879394531,21166400
2023-08-24,325.23254709942444,325.35957674760573,312.6375276630827,312.6473083496094,23281400
2023-08-25,314.11295718549064,317.91391657239774,311.5040487015702,315.5884094238281,21684100
2023-08-28,318.20709765634393,318.68587419815776,314.3572643100924,316.2919616699219,14808500
2023-08-29,314.51357886440167,321.45109687018396,314.51357886440167,320.8941345214844,19284600
2023-08-30,321.1481929412585,322.26208781651366,318.97899784822044,321.26544189453125,15222100
2023-08-31,321.6660497077852,323.33690686450706,319.30141990622377,320.2590026855469,26411000
2023-09-01,323.7277442108601,324.3921747944003,319.30141751711045,321.1383972167969,14942000
2023-09-05,321.47064520868975,327.18677054781415,321.13842988312655,325.91650390625,18553900
2023-09-06,325.7504285755841,326.8056990885685,322.6236503266788,325.2618713378906,17535800
2023-09-07,323.70825547986243,325.4572688809115,321.4999672739755,322.3598327636719,18381000
2023-09-08,322.5356945258159,328.4667861972207,321.92010767166425,326.6200256347656,19530100
2023-09-11,329.5220626550476,330.67508035139593,327.7534879124914,330.2060546875,16583300
2023-09-12,328.13454656577954,329.08234867340195,323.89387388585794,324.1772155761719,17565500
2023-09-13,323.7277257811767,329.14094717585755,323.5909452896053,328.3690185546875,16544400
2023-09-14,331.38835303568044,333.0592103619418,328.8674109262189,330.94866943359375,20267000
2023-09-15,329.20939816193993,329.6783939916595,322.1057573596053,322.6627197265625,37679800
2023-09-18,320.29809265490445,322.8385960925468,318.89104551464607,321.5292663574219,16834200
2023-09-19,318.7053767522615,321.85168591600774,317.0833634746371,321.12860107421875,16505900
2023-09-20,321.96898600781554,322.04714204193704,313.1749561204339,313.4289855957031,21436500
2023-09-21,311.9535360525413,317.9041588491349,307.79101939102566,312.21734619140625,35560400
2023-09-22,313.96639594173394,314.0934255806642,308.9147015377864,309.7550354003906,21447900
2023-09-25,309.34461765593346,310.3999178157117,307.7910094721355,310.27288818359375,17836000
2023-09-26,307.9180528712019,308.6508886408052,302.92498298833925,304.9964904785156,26297600
2023-09-27,305.1528159801847,307.1070447852302,302.6025617027996,305.6316223144531,19410100
2023-09-28,303.87284184688065,308.2601064170978,302.3681069221391,306.46221923828125,19683600
2023-09-29,310.4780627905331,312.15870054663463,307.771466967037,308.5238342285156,24147300
2023-10-02,309.0417036720847,314.52333029570326,307.96687199890835,314.43536376953125,20570000
2023-10-03,313.48763043750324,314.03484198855955,304.0877937628594,306.2179260253906,21033500
2023-10-04,306.84323355961436,312.71570064039577,306.8139213204077,311.660400390625,20720100
2023-10-05,311.7873983700248,312.6570444101147,307.6932870679997,312.05120849609375,16965600
2023-10-06,309.30553078090355,321.65627028707706,309.0612521971817,319.77044677734375,25673600
2023-10-09,317.3179038998877,322.7408769349448,315.78382712320234,322.2718811035156,19891200
2023-10-10,323.3857337911902,323.5225441036011,320.1710492794707,320.87457275390625,20557100
2023-10-11,323.6300480505899,325.20321772099476,321.60744393030456,324.8123779296875,20063200
2023-10-12,323.0047438226922,325.99471177384464,321.1970760539996,323.58123779296875,19313100
2023-10-13,324.7732817040409,326.190079660526,318.8910340646987,320.2297058105469,21072400
2023-10-16,323.47370563502346,328.4472441018182,323.03402205271703,325.02734375,22158000
2023-10-17,322.0471280716989,325.8285559881701,319.91702585909127,324.4606018066406,18338500
2023-10-18,324.88074324116036,327.909803713785,320.78663169696983,322.5552062988281,23153600
2023-10-19,324.5485406563444,329.1703024841639,323.33692834747904,323.737548828125,25052100
2023-10-20,324.1283854502297,324.32382025517603,318.0018889823848,319.1939697265625,25027700
2023-10-23,318.0213985858915,325.1152580837002,316.96612824184217,321.7832946777344,24374700
2023-10-24,323.71800459686386,324.24565474799095,320.1026990318568,322.96563720703125,31153600
2023-10-25,337.12408205135984,338.2770999880824,329.89343968576895,332.8736572265625,55053800
2023-10-26,332.7465699625012,333.81162115649903,319.4578072066944,320.3860778808594,37828500
2023-10-27,322.867891093588,329.0139487725961,320.8843501338627,322.2620849609375,29856500
2023-10-30,325.7796837612077,331.6814625082959,324.2358264617481,329.5904235839844,22828100
2023-10-31,331.09518568729226,331.24174686809175,327.0303866312015,330.3721008300781,20265300
2023-11-01,332.0136865785613,339.46907368839175,331.8768762591472,338.14996337890625,28158800
2023-11-02,339.29321044253436,340.84681883225545,336.879736569886,340.3485107421875,24348100
2023-11-03,341.62851616542054,346.27959030223104,339.38113512943426,344.7259521484375,23637700
2023-11-06,345.36110615399525,349.3575005821622,345.2633887474612,348.37060546875,23828300
2023-11-07,351.17487827159056,354.164845685057,349.44539667177366,352.2790222167969,25833900
2023-11-08,353.4027369651116,355.54261993465985,352.2985928972702,354.8879699707031,26767800
2023-11-09,354.0085341532929,356.44156927918397,352.1129298373234,352.4353942871094,24847300
2023-11-10,353.2170216186205,361.62999083919317,352.8066503312719,361.2098388671875,28042100
2023-11-13,359.7930947254669,360.03737334526807,357.5261819771122,358.288330078125,19986500
2023-11-14,362.5192580985715,363.43774810881337,358.94301547087497,361.7961730957031,27683900
2023-11-15,363.5193258281366,365.3306622150657,359.436476024947,361.9429931640625,26860100
2023-11-16,363.2060393855787,368.48338982170065,362.4423444484434,368.3071594238281,27182300
2023-11-17,365.8006186204478,366.5447423144695,359.3287982048387,362.1192321777344,40157000
2023-11-20,363.4606399313925,370.95073116555085,363.24523724780994,369.5506286621094,52465100
2023-11-21,367.8176325584251,368.3561243217149,363.3627202596963,365.27197265625,28423100
2023-11-22,370.0989155578587,371.8515087359404,367.13225084262217,369.9520568847656,23345300
2023-11-24,369.44285575599235,370.06949251389324,367.2986596667437,369.540771484375,10176600
2023-11-27,368.9043706026068,372.68370265137486,368.33650717542696,370.69610595703125,22179200
2023-11-28,370.44160282909473,374.994400937648,370.25557188472965,374.70068359375,20453100
2023-11-29,375.7385254123956,376.26721663239306,369.55062106548934,370.93115234375,28963400
2023-11-30,370.57860354905085,372.14516552640623,367.6217398530599,370.9898376464844,30554400
2023-12-01,368.8848238631299,370.25555453657734,363.54872995472044,366.6818542480469,33040500
2023-12-04,361.3849610271203,361.79616532164505,355.31454343634607,361.42413330078125,32063300
2023-12-05,358.7903292029664,365.28172122334854,357.9776614584204,364.7334289550781,23065000
2023-12-06,365.73212951183393,366.35873644463544,360.3372921206186,361.0911865234375,21182100
2023-12-07,360.5331422311326,363.68583789268007,358.66306211428184,363.1962890625,23118900
2023-12-08,361.48282487936234,366.6328576380953,360.53309906732864,366.4076843261719,20154400
2023-12-11,360.77790780370736,363.83268764840955,358.44765064841334,363.5389404296875,27708800
2023-12-12,363.09832185609827,366.59370717928465,362.7164594804309,366.5545349121094,24838300
2023-12-13,368.16027437565873,369.7464376106383,363.0200118977458,366.5447692871094,30955500
2023-12-14,365.50693426286074,365.9475401487158,356.5188251808004,358.28118896484375,43277500
2023-12-15,359.1819921925265,364.61597239957655,358.6238993402138,362.98089599609375,78502300
2023-12-18,361.7275930990288,365.20337736605416,360.9736688806633,364.8606872558594,21802900
2023-12-19,363.7249858043668,365.4580078125,362.1094806161989,365.4580078125,20603700
2023-12-20,367.1616214647713,368.1700908565403,362.78505374172363,362.8731689453125,26316700
2023-12-21,364.77262075610525,366.58395739776404,362.30530541678434,365.7321472167969,17708000
2023-12-22,365.86921479028837,367.3378613138971,364.91948884316713,366.7503967285156,17107500
2023-12-26,367.1615944273694,369.0610461329153,365.69294804965995,366.8287048339844,12673100
2023-12-27,365.87900622442777,367.2203652351963,365.01739550459973,366.2510681152344,14905400
2023-12-28,367.5238451750327,368.59105792655595,366.3391454974242,367.43572998046875,14327000
2023-12-29,368.14066782074684,369.2764245304369,365.6733528250178,368.1798400878906,18730800
2024-01-02,366.04544293017665,368.04281055620135,359.10364399056556,363.1179504394531,25258600
2024-01-03,361.2968150611858,365.45797986261033,360.8072662610182,362.85357666015625,23083500
2024-01-04,362.92209250603474,365.3012923191343,359.49525117073273,360.2491455078125,20901500
2024-01-05,361.25767175006894,364.28307999206555,358.8392992881915,360.06317138671875,21004600
2024-01-08,361.58074269539895,367.35744261436474,361.2968258961624,366.85809326171875,23134000
2024-01-09,364.23416186369485,368.1309517677685,363.4312945412616,367.9351501464844,20830000
2024-01-10,368.50297659226095,376.1399561660862,368.45403366179033,374.7691955566406,25514200
2024-01-11,377.9316910243427,382.5138608324762,372.4291670394017,376.59033203125,27850800
2024-01-12,377.43225452038786,380.5555776776337,376.6098162739209,380.3499755859375,21661200
2024-01-16,385.43155133047776,385.79381264906647,379.5177936668549,382.1123962402344,27202300
2024-01-17,379.8702558603142,381.95570842020396,376.76650366232656,381.3291015625,22234100
2024-01-18,383.5320922463087,385.7546329209657,381.96553019541545,385.63714599609375,23392100
2024-01-19,387.48767542805655,390.33685302734375,385.2749052923237,390.33685302734375,29331100
2024-01-22,391.65865857195683,392.24612317895645,385.36306741354116,388.2220458984375,27016900
2024-01-23,387.47789064929606,391.03201985975426,385.6959257751216,390.5620422363281,20525900
2024-01-24,393.14689994749176,397.15140596636934,392.07968703700567,394.14556884765625,24867000
2024-01-25,395.8687653294727,398.5025403738,394.1161721859946,396.4072570800781,21021200
2024-01-26,395.917682766026,397.68007633393063,394.01823107466254,395.48687744140625,17803300
2024-01-29,397.57235261817027,401.4104281984527,395.8785030835569,401.1558532714844,24510200
2024-01-30,403.64273939955535,404.41620490062047,397.95418539261016,400.0494384765625,33477600
2024-01-31,398.45356335794276,406.6388350866889,388.907361460185,389.2696228027344,47871100
2024-02-01,393.4307745878308,399.4718199134869,393.40140285508346,395.34002685546875,30657700
2024-02-02,395.36942496681314,404.02464472350925,395.12465055102524,402.6245422363281,28256700
2024-02-05,401.33206284957225,402.5657352720622,395.5455929874579,397.1708984375,25352300
2024-02-06,397.39611409161796,399.44242436350055,394.4881932042721,397.0142517089844,18382600
2024-02-07,398.9235343367266,405.64012962816963,398.88436206584436,405.3953552246094,22340500
2024-02-08,405.3953580956046,406.8738050650789,403.90714046810643,405.4541015625,21225300
2024-02-09,406.5702855474464,412.0238664464446,406.41362634312986,411.7594909667969,22032800
2024-02-12,411.7693143498308,411.9455447595813,406.0807592685953,406.5801086425781,21202900
2024-02-13,396.4758057908408,401.4985815288795,394.9582163813525,397.82696533203125,27824900
2024-02-14,400.2792461565028,402.01544302317166,396.8460672009255,401.672119140625,20401200
2024-02-15,400.34791702088137,401.3190066322356,396.57141418180584,398.7980651855469,21825500
2024-02-16,400.1712693339194,400.49498577796,395.73757539612643,396.3457336425781,22296500
2024-02-20,395.5413968145009,396.7675320143623,390.41126629664336,395.1000061035156,24307900
2024-02-21,392.53001248162076,394.60953289016544,389.6363215762775,394.5016174316406,18518900
2024-02-22,402.3587454167674,404.9483275530714,400.76967888893086,403.7908630371094,27009900
2024-02-23,407.73417857093966,407.9205236134287,401.1620807880812,402.50592041015625,16295900
2024-02-26,403.60448178020243,404.2911294979053,399.5827521513917,399.75933837890625,16193500
2024-02-27,400.2006822234707,400.52439865686904,396.1397382953796,399.700439453125,14835800
2024-02-28,400.3870613953607,401.48567367865326,397.58167859587735,399.93585205078125,13183100
2024-02-29,400.83834831741547,406.29219561123216,398.17027676875426,405.7428894042969,31947300
2024-03-01,403.4180696743678,407.93025299029875,403.0355310756915,407.56732177734375,17823400
2024-03-04,405.54668869062186,409.38204334564557,404.4480762959748,406.9984436035156,17596000
2024-03-05,406.0567462440755,406.3412180011649,392.991071894389,394.9626770019531,26919200
2024-03-06,395.27656457076307,397.4247558475786,390.7840183450358,394.4133605957031,22344100
2024-03-07,398.3664344564578,401.9565620702222,394.56050584072034,401.32879638671875,18718500
2024-03-08,400.171309298901,402.58436507476455,396.61060766849016,398.46453857421875,18002200
2024-03-11,396.0515271512708,397.93485423983793,393.5992565104688,396.7969970703125,16120800
2024-03-12,399.83777202306123,407.6360037253644,399.02363143663507,407.3515319824219,22457000
2024-03-13,410.11771230614136,410.1961717884516,403.5946789555971,407.17498779296875,17115900
2024-03-14,412.21684262615895,419.6521433696343,410.009799228429,417.1017761230469,34157300
2024-03-15,411.28501994441507,414.53182378938754,404.9091164524236,408.4698181152344,45079900
2024-03-18,406.3412048651448,412.6975005120342,405.8801768330178,409.35260009765625,20106000
2024-03-19,409.8528945727863,413.6196087209555,407.6164248857175,413.36456298828125,19837900
2024-03-20,413.94325853489937,417.8276466076136,412.62884514501485,417.1116027832031,17860100
2024-03-21,421.6238168746318,422.5949364829968,419.0048083811868,421.172607421875,21296200
2024-03-22,421.49625883993525,421.6531778067011,417.9355573407252,420.5545654296875,17648500
2024-03-25,417.12140106535213,419.2499850699005,413.5606994442316,414.7868347167969,18060500
2024-03-26,417.48433323864253,417.8570831519167,413.30568457627095,413.5999450683594,16725600
2024-03-27,416.33666794000516,416.34648660093063,411.0103437373624,413.3841247558594,16705000
2024-03-28,412.9230609501764,413.81569090376234,411.1181936577938,412.6876525878906,21871200
2024-04-01,415.8560141116514,419.72079454258875,414.15903226844193,416.46417236328125,16316000
2024-04-02,412.08932675524255,414.31600751259526,409.8626759328322,413.3939514160156,17912000
2024-04-03,411.7166269488562,415.17923184367993,411.0888313055727,412.4228820800781,16502300
2024-04-04,416.87612828288866,420.48589287991564,409.5978068668824,409.9018859863281,19370900
2024-04-05,411.99124304246095,418.36714603884514,410.33350586860576,417.3960266113281,16554800
2024-04-08,417.0527692258899,419.12247124179834,415.21844567326013,416.48382568359375,14272400
2024-04-09,418.2985199584035,419.5736887198931,413.5705349702072,418.1415710449219,12496900
2024-04-10,414.1296507389469,415.93451830181,411.68719880938414,415.1792297363281,16216600
2024-04-11,417.6903079757618,421.17251987057847,414.29634428569665,419.760009765625,17966400
2024-04-12,415.95406972864896,417.06250067629605,411.7557842388935,413.8451232910156,19253800
2024-04-15,418.4554515197094,418.6712525249299,405.5368771254888,405.7428894042969,20273500
2024-04-16,406.6550977488978,410.4119627811132,405.8311384974836,406.6648864746094,16765600
2024-04-17,409.2839199801292,410.88280503231437,402.49602250375233,403.9772033691406,15855500
2024-04-18,402.7903496970384,404.02630364117994,396.23788993068626,396.5517578125,21029900
2024-04-19,396.31635459832717,397.738683518828,390.1758594431205,391.5000915527344,30565800
2024-04-22,392.44175811164087,395.1588931129713,388.1944385754191,393.3049621582031,20286900
2024-04-23,396.5222860267283,400.4067037074316,395.36482163775406,399.7887268066406,15734500
2024-04-24,401.7407592748994,404.5952057239604,399.01383568119996,401.25030517578125,15065300
2024-04-25,386.5072408836068,392.2553782643455,380.62179192671005,391.4216003417969,40586500
2024-04-26,404.30097191316094,405.1151126000372,398.0133463554319,398.5626525878906,29694700
2024-04-29,397.5130370183344,398.562615947593,391.56873588609426,394.5703125,19582100
2024-04-30,393.8247883748175,394.4820099813431,381.7400231834723,381.8969421386719,28781400
2024-05-01,385.11436938308555,394.05045900742965,382.85829240714,387.39990234375,23562500
2024-05-02,390.0679505478797,392.29460134045365,387.11540734616494,390.2445068359375,17709400
2024-05-03,394.5997356096934,399.37675358596374,394.18774100881984,398.8961181640625,17446700
2024-05-06,400.95603550783153,406.0273140130064,398.6116505989638,405.644775390625,16996600
2024-05-07,406.74343315845897,406.7532518204941,401.2797668251692,401.5249938964844,20018200
2024-05-08,400.37733960441915,404.3598247646084,398.9451919846881,402.70208740234375,11792300
2024-05-09,402.73146980472023,404.84041635842834,401.2895336143813,404.44805908203125,14689700
2024-05-10,405.0562460600837,407.44966453116945,403.93799631140473,406.8218688964844,13402300
2024-05-13,410.029362242427,410.36286736989564,402.97663133480046,405.8212585449219,15440200
2024-05-14,404.1537549120692,409.51932355356394,403.6927268958918,408.6070861816406,15109300
2024-05-15,410.66092785109674,416.46855556809163,410.0418362179186,415.7511901855469,22239500
2024-05-16,414.49335406459187,418.05067177577746,413.0684896947791,413.6973876953125,17530100
2024-05-17,415.2205329091171,415.5939551336606,410.7886480687753,412.9308776855469,15352200
2024-05-20,412.9308753558347,419.3772369114519,412.71468512121004,417.9720153808594,16272100
2024-05-21,419.43623228216074,425.46988664412265,417.49054998726376,421.60797119140625,21453300
2024-05-22,422.63977275649836,424.91959180983645,419.7310556819618,423.06231689453125,18073700
2024-05-23,425.4698880093599,426.0889796466093,418.0506847119264,419.6033020019531,17211700
2024-05-24,419.7900037534496,423.59296088139126,417.05816150216543,422.70855712890625,11855300
2024-05-28,422.1877338257991,423.35712243524114,419.2102222377172,422.86578369140625,15718000
2024-05-29,418.3159892619867,423.4750461602697,418.3159892619867,421.7357177734375,15517100
2024-05-30,416.95009868740084,416.95009868740084,407.06436431189735,407.4869384765625,28394500
2024-05-31,409.5308671519035,409.5308671519035,397.50290358954135,407.9389343261719,47995300
2024-06-03,408.33200300435846,409.21640680558284,401.8365187640821,406.3568115234375,17484700
2024-06-04,405.2856798357907,409.22622626275023,402.58331667273,408.8626403808594,14348900
2024-06-05,410.57248754759564,416.7338647316788,409.0886349128657,416.66510009765625,16988000
2024-06-06,416.6651146111646,417.9425834215114,413.2945078470223,417.166259765625,14861300
2024-06-07,418.81714102196315,418.8957420228007,415.67256118761725,416.5078430175781,13621700
2024-06-10,417.34315052242914,420.66457531575907,416.5471841383872,420.4582214355469,13982900
2024-06-11,418.1096457911631,425.3224952545953,417.88361916349896,425.1849060058594,14551100
2024-06-12,427.7792095971262,435.7192312163597,425.74505981738713,433.4197692871094,22366200
2024-06-13,433.21335923548196,435.709368351957,431.7589858154619,433.9306945800781,15960600
2024-06-14,430.68786981308114,435.4636977946633,429.15489539650804,434.903564453125,13582000
2024-06-17,434.9232138540311,443.1285766509554,433.08561180023855,440.60308837890625,20790000
2024-06-18,441.919864030814,442.3424381224516,437.1833815521162,438.6082458496094,17112500
2024-06-20,438.56892206249415,438.79494866589,433.62605582240985,437.9793395996094,19877400
2024-06-21,439.63025801243765,442.774807970896,438.77533339876635,441.9886779785156,34187100
2024-06-24,442.0082692588683,444.9071794974399,438.677008567092,439.9151916503906,15913700
2024-06-25,440.4851865060809,443.60028735592437,439.01117026568124,443.138427734375,16413400
2024-06-26,441.2221891732116,445.7425115856911,440.42622281234816,444.32745361328125,16507000
2024-06-27,444.3471165440364,448.2680202655606,443.94421515967235,445.0055236816406,14806300
2024-06-28,445.22168389223947,447.49166642517747,438.6770484115445,439.20770263671875,28362300
2024-07-01,440.88808384173325,449.447196335744,437.94005138791704,448.81829833984375,17662800
2024-07-02,445.349461110364,451.6287548273333,445.26099374388446,451.3241271972656,13979800
2024-07-03,450.25300481306164,453.03396893483153,449.94837718806366,452.7882995605469,9932800
2024-07-05,451.6483651745115,460.2369864186551,451.0194672052492,459.4606628417969,16000300
2024-07-08,458.4682018620652,459.59830504287737,456.41440936822374,458.16357421875,12962300
2024-07-09,458.91038601076474,459.23465638604694,450.06628863582495,451.5796203613281,17207200
2024-07-10,453.23047369871955,458.3796937017914,450.9113394298758,458.17333984375,18196100
2024-07-11,454.95999295662324,456.728800279139,443.72796749516465,446.82342529296875,23111200
2024-07-12,446.45987718044813,448.4547114032981,442.8436310012122,445.6933898925781,16324300
2024-07-15,445.44774266395785,449.3391675395858,443.61014035604813,446.0963134765625,14429400
2024-07-16,446.3517811207802,446.43038212668165,438.92274152217504,441.7331848144531,17175700
2024-07-17,434.92318387202874,437.14404437719276,431.5722503624344,435.8370666503906,21778000
2024-07-18,436.6429302135875,436.9475578488645,426.8751131633182,432.74169921875,20794800
2024-07-19,425.59766083378145,433.49839687991425,424.5167095108502,429.5381774902344,20940400
2024-07-22,434.1370778123692,436.89839903999433,431.3069619660928,435.26715087890625,15808800
2024-07-23,436.21051790501895,440.6227600869156,435.4243879336588,437.1440734863281,13107100
2024-07-24,432.82031037979385,433.8324669900576,420.18306232506063,421.4703674316406,26805800
2024-07-25,421.37209200547386,422.3547694868196,410.2776848331151,411.1522521972656,29943800
2024-07-26,410.95575198353527,421.490056226304,410.0418390958428,417.90325927734375,23583800
2024-07-29,424.10394408211863,424.66407745687695,417.34314804369717,419.3379821777344,15125800
2024-07-30,420.3108034246303,421.6177512482942,410.13024936818454,415.5939636230469,32687600
2024-07-31,413.2159000993034,414.4737261342931,405.06949500365346,411.1031494140625,42891400
2024-08-01,413.50082759098166,420.0552689925362,405.9341996877239,409.8845520019531,30296400
2024-08-02,405.34465060644726,407.8111808388244,397.335834619087,401.4139404296875,29437900
2024-08-05,382.4286307082766,394.09300828762184,378.90079195613237,388.3050231933594,40709200
2024-08-06,393.07103331037194,398.64282840268,391.59701693545804,392.6877746582031,24946500
2024-08-07,401.5613573427881,402.97638538590667,390.58483621712907,391.5281982421875,20650900
2024-08-08,395.46871662305415,398.8294567188382,393.0120229903142,395.7143859863281,20203000
2024-08-09,397.03114540515713,400.98149772413467,395.29181721770595,398.9866638183594,19276700
2024-08-12,400.008700380632,401.6792641246606,397.23754263585204,399.7630310058594,16762900
2024-08-13,402.49487016333154,407.7620371122612,402.475227409518,406.83831787109375,19414300
2024-08-14,407.61460282522484,410.484034234621,405.30533476037385,409.638916015625,18267000
2024-08-15,413.27153919674845,414.56116454959863,411.16483466760724,414.482421875,20752100
2024-08-16,414.05913029915934,414.787612725286,410.8104315549657,411.9622497558594,22775600
2024-08-19,412.4446299731582,415.19125033166955,409.9835081573214,414.97467041015625,15234000
2024-08-20,415.14201975205145,419.23729981689326,415.082955234779,418.19378662109375,16387600
2024-08-21,417.48500333716095,419.76893159636126,415.1617187597954,417.5440979003906,16067300
2024-08-22,417.7606059891525,420.1528389914807,408.1622318516386,409.0876159667969,19361900
2024-08-23,410.4954277824997,412.73996960606866,405.6814592418378,410.3083801269531,18493800
2024-08-26,409.89490950861074,410.7907614506505,404.94313363943934,407.0596923828125,13152800
2024-08-27,406.43946532338146,407.91613833509496,403.8700687036349,407.40423583984375,13492900
2024-08-28,408.4280692350888,408.5461982686738,400.97578558888256,404.2146301269531,14882700
2024-08-29,408.48716903331825,415.4865852646763,404.2146650393698,406.6954650878906,17045200
2024-08-30,409.1368642535232,410.99745657650817,405.7208262421071,410.6529235839844,24308300
2024-09-03,411.41094371784055,413.3503087826454,400.7001374742272,403.0726623535156,20313600
2024-09-04,399.5975240045065,404.8446216814279,398.08146478954603,402.541015625,15135800
2024-09-05,401.2809263113811,406.6757153578755,399.81410753750566,402.0389709472656,14195500
2024-09-06,402.6985610672717,404.26383081056673,394.5670056307313,395.4530334472656,19609500
2024-09-09,400.9068736495872,402.2949499033103,395.89603343829765,399.4105224609375,15295100
2024-09-10,401.8519747424291,409.85551750473985,401.3597503882825,407.7586669921875,19594300
2024-09-11,409.03840014283475,417.3963592828998,403.21045111442425,416.4611511230469,19266900
2024-09-12,416.72697057085117,420.7238298297295,413.2223356546228,420.3595886230469,17395700
2024-09-13,419.20778281644255,425.11447510259467,418.84354159900835,423.8937683105469,15874600
2024-09-16,423.90362815097126,426.7880557127787,421.5606353721957,424.6321105957031,13834700
2024-09-17,433.3838900790578,434.9786922694464,425.54765628869114,428.38287353515625,18874200
2024-09-18,428.235163297131,429.249144206207,423.7165475930165,424.1103210449219,18898000
2024-09-19,434.3682752397946,434.63406555161,430.10559589287107,431.8677673339844,21706600
2024-09-20,430.4206328981448,432.409208323067,427.4672869965637,428.5009460449219,55167100
2024-09-23,427.52638627626743,429.67247726227924,423.6968964015023,426.76837158203125,15128900
2024-09-24,426.26630559260894,426.61086866115505,419.4736152765213,422.4958801269531,17015800
2024-09-25,423.1455340479856,426.38437839634133,421.9051492250097,425.39007568359375,13396400
2024-09-26,428.3237537072511,428.53047950890726,422.45644824495844,424.6025390625,14492000
2024-09-27,424.80927883764434,425.1341637224931,420.8222737453315,421.36370849609375,14896100
2024-09-30,421.5507213885959,423.72637439868134,418.7548910042777,423.60821533203125,16807300
2024-10-01,421.78706729834266,421.81659955830685,412.2969671899716,414.1477355957031,19092900
2024-10-02,416.00832438993655,416.24461251055664,410.22961524498584,410.6430969238281,16582300
2024-10-03,411.1353013004486,413.02542591560956,407.84724636027164,410.062255859375,13686400
2024-10-04,411.7357512697302,413.222278191572,408.51661533193175,409.58966064453125,19169700
2024-10-07,409.5307039810632,410.6234277369143,402.6395623275357,403.1711730957031,20919800
2024-10-08,404.5099947662806,409.19598053892946,401.82246884384335,408.2607421875,19229300
2024-10-09,409.3928629741536,413.842590771439,407.85712525174335,410.9679870605469,14974300
2024-10-10,408.77263914925425,410.859665558973,406.7249690560659,409.3731384277344,13848400
2024-10-11,409.6684790592566,410.6430736171545,406.8234080163179,409.8456726074219,14144900
2024-10-14,411.27310627026066,417.4456186019399,411.02699410502277,412.621826171875,16653100
2024-10-15,415.61453317923247,415.9098858066577,408.80216519233556,412.22802734375,18900200
2024-10-16,408.71356498849764,409.8850312589263,404.09649835161355,409.6487731933594,15508900
2024-10-17,415.7917465890575,415.9295838303706,409.127039576057,410.2394714355469,14820000
2024-10-18,410.6529166681237,413.1238623045801,409.7865970653071,411.65704345703125,17145300
2024-10-21,409.64875806524304,412.4445885621628,407.3156196249642,412.26739501953125,14206100
2024-10-22,411.9819175179694,423.8838984262341,411.53893363879695,420.8616638183594,25482200
2024-10-23,424.1595150969288,424.3760949935698,415.95907136722593,417.99688720703125,19654400
2024-10-24,418.7155536346828,419.35546932603506,415.83112614516494,418.1249084472656,13581600
2024-10-25,420.1233311665373,425.7937351729216,419.9362835126177,421.49169921875,16899100
2024-10-28,424.9470943239702,425.2227387354677,419.6704341057476,419.9559326171875,14882400
2024-10-29,421.3440208086144,426.43363353122214,419.17822176857095,425.23260498046875,17644100
2024-10-30,430.6372663836306,431.68077966192817,425.3803136298507,425.8036193847656,29749100
2024-10-31,408.90056227484143,409.6881391925744,399.981460227055,400.03070068359375,53971000
2024-11-01,402.64935394725995,409.0384161036912,401.162826864631,403.9881896972656,24230400
2024-11-04,403.42703719981586,404.0374205874987,399.26283871579096,402.1078796386719,19672300
2024-11-05,402.0192453615416,408.4476931242412,401.73374687298485,405.0611877441406,17626000
2024-11-06,406.00632872643234,413.91145024796907,404.1358522419557,413.6456298828125,26681800
2024-11-07,414.72850912180576,420.21189508853655,413.3502870767265,418.81396484375,19901800
2024-11-08,418.70576053564287,419.8674028807744,415.2208034572557,415.968994140625,16891400
2024-11-11,415.9492425000552,418.2036383732599,409.530647967578,411.5093994140625,24503300
2024-11-12,411.7456911405818,417.8394313280264,410.7120319666306,416.45135498046875,19401200
2024-11-13,415.0829505962656,422.65333320998997,411.70626883397995,418.58758544921875,21502200
2024-11-14,418.39068982634956,421.51140536702854,413.4684464166278,420.2513122558594,30246900
2024-11-15,413.29122260558944,416.22486023548765,407.207337406915,408.5461730957031,28247600
2024-11-18,408.41825976061074,411.8933627455597,405.6913474607701,409.29443359375,24727000
2024-11-19,406.68560375296545,411.4405079817959,405.1498661250552,411.2928466796875,18133500
2024-11-20,410.38713903081657,410.8006207181085,404.19494808048387,409.0285949707031,19191700
2024-11-21,413.80284233986384,414.0790385036892,404.71793020151534,407.26287841796875,20780200
2024-11-22,405.7832773797643,411.73138418459337,405.4774898240383,411.3368225097656,24814600
2024-11-25,412.698073057269,415.36138685697927,409.21601445717323,413.1025085449219,27691100
2024-11-26,413.8916059444426,423.21327891734404,413.16166540924917,422.1775207519531,23458900
2024-11-27,419.33668746447955,421.4279216336492,416.28865548862075,417.2454833984375,18332400
2024-11-29,414.384847961252,419.10980447039015,412.1259395107062,417.7090759277344,16271900
2024-12-02,415.84474493949193,427.1195090506518,415.58826631722377,425.126953125,20207200
2024-12-03,424.0024483022702,426.59673575541547,421.9309618493427,425.343994140625,18302000
2024-12-04,427.1491277367897,433.69896602336337,426.7545660563865,431.4795227050781,26009400
2024-12-05,431.97270407918,438.6211597736825,430.2464705000807,436.6088562011719,21697800
2024-12-06,436.2931878578621,440.04159877439776,435.7703869006791,437.54595947265625,18821000
2024-12-09,436.5891705079944,442.2413336019405,434.51768404131514,439.96270751953125,19144400
2024-12-10,438.3548667232301,443.5138201555157,435.60274857576576,437.3092346191406,18469500
2024-12-11,438.0194510528632,444.23391032066826,438.0194510528632,442.8923645019531,19200200
2024-12-12,443.0106586987936,449.96493127669913,443.0106586987936,443.4545593261719,20834800
2024-12-13,442.34983294961415,445.2992167545738,439.5286583553318,441.1957092285156,20177800
2024-12-16,441.19569319284585,446.039014950384,439.23272866925197,445.45703125,23598800
2024-12-17,444.8849575716068,449.1068307764244,443.4645114369834,448.2880859375,22733500
2024-12-18,445.1907332778121,446.50265760588917,431.08492025325205,431.4499206542969,24444500
2024-12-19,435.6224481744677,437.1612597390131,430.39443838506674,431.09478759765625,22963700
2024-12-20,427.22800034083093,437.7136411325363,422.80886164173944,430.6706237792969,64263700
2024-12-23,430.80871372187636,431.70635881030796,426.9518110200716,429.3389587402344,19152500
2024-12-24,428.74709084992185,433.6298778354008,428.2933464556966,433.363525390625,7164500
2024-12-26,433.1169536147247,434.9517090842379,430.70024449975995,432.1601257324219,8194200
2024-12-27,428.69774687773787,429.3093219032342,420.55978930279264,424.6830139160156,18117700
2024-12-30,420.27376177490316,421.7435167493127,416.17025429217676,419.0604553222656,13158700
2024-12-31,420.313230174155,420.9346790911402,414.94710727917607,415.77569580078125,13246500
2025-01-02,419.7509500092328,420.2836247921959,409.21600045312425,412.89532470703125,16896500
2025-01-03,415.36136467137544,418.2713132207811,413.8423008464514,417.6005554199219,16662900
2025-01-06,422.1873855590837,428.42156165470556,419.70162020085996,422.0394287109375,20573600
2025-01-07,423.1738448521772,424.801430542522,415.0851952170159,416.6338806152344,18139100
2025-01-08,417.70906128958796,421.171402275518,415.81515330470927,418.79412841796875,15054600
2025-01-10,418.86316848876044,418.94206877538755,409.3836648034606,413.26031494140625,20201100
2025-01-13,409.6007014640922,412.8164377086338,406.690782868284,411.52423095703125,17604800
2025-01-14,412.13576253291507,414.0395441747234,405.14205471322043,410.02484130859375,16935900
2025-01-15,413.43787278736687,422.3353628905166,412.58953664498,420.5203552246094,19637800
2025-01-16,422.87788427352234,423.6571336957602,418.6264203199314,418.8138122558594,15300000
2025-01-17,428.1946780656617,428.579395977241,422.35509365285844,423.2033996582031,26197500
2025-01-21,424.3575582513444,425.0480336398343,419.82002384260585,422.6806335449219,26085700
2025-01-22,431.6175824572203,441.1957044539868,430.0787709144918,440.1402587890625,27803800
2025-01-23,435.9973449549396,440.6828367842065,435.504135288701,440.64337158203125,18389300
2025-01-24,439.1143639891968,440.5841189283991,435.40541825453283,438.029296875,15549500
2025-01-27,418.2516444520013,429.2896784954125,417.74856099112463,428.6583557128906,35647800
2025-01-28,428.6977608632086,442.2906153004339,425.5214900534852,441.12664794921875,23491700
2025-01-29,440.62361853818396,440.81104060450724,434.41903300783486,436.32281494140625,23581400
2025-01-30,413.0827896381068,417.1172408671569,407.54899194570174,409.3541259765625,54586300
2025-01-31,413.2899333042713,414.976701732093,409.27519987674,409.42315673828125,34161900
2025-02-03,406.0101743775102,409.7684293585694,403.11009933813943,405.33941650390625,25679100
2025-02-04,407.0853452090854,408.29865167160733,404.1753965052981,406.7696838378906,20532100
2025-02-05,406.74994863541014,408.20982973334895,404.82641922275565,407.67718505859375,16316700
2025-02-06,408.37753095462284,412.5205034548323,408.37753095462284,410.1728210449219,16309800
2025-02-07,410.82391537114063,412.96442836557605,402.5577169319091,404.185302734375,22886800
2025-02-10,408.0915202610308,409.81775403639836,405.3394320876969,406.62176513671875,20817900
2025-02-11,404.07678288840276,406.88805357704496,403.741373863551,405.8523254394531,18140600
2025-02-12,401.6797299133385,405.17166210079324,398.87830316572246,403.4848937988281,19121700
2025-02-13,401.4726062482461,405.4182829681306,400.8412835235649,404.96453857421875,23891700
2025-02-14,402.25188608897315,403.3566707547541,400.3678218416371,402.8831787109375,22758500
2025-02-18,402.4590098668831,405.0237056562673,400.9793811541372,404.0767517089844,21423100
2025-02-19,402.3406422459273,409.84727742582396,402.11375500738893,409.1370544433594,24114200
2025-02-20,410.47141636340496,414.4447616167347,407.75332449561745,411.3016662597656,23508700
2025-02-21,412.4976421272199,413.1993956224997,403.15730762956775,403.47357177734375,27524800
2025-02-24,403.77011965609864,404.62012670611466,394.6867476536957,399.31243896484375,26443700
2025-02-25,396.44608593506547,397.25657880262406,392.09714469383994,393.283203125,29387400
2025-02-26,393.3919357776839,398.9170718958632,389.6755530638089,395.09197998046875,19619000
2025-02-27,396.61410618114576,401.03224256641477,387.6197164134029,387.97552490234375,21127400
2025-02-28,388.1040123360274,393.0163471729864,382.0846775634414,392.3837585449219,32845700
2025-03-03,394.1925192721913,394.1925192721913,381.67940898205217,383.98236083984375,23007700
2025-03-04,378.9513820023961,388.02485870202906,376.5792353713358,384.1009216308594,29342900
2025-03-05,384.822503579622,397.0094560898268,384.2986543499986,396.3669738769531,23433100
2025-03-06,389.70521049036057,397.4838909032578,388.12376908504734,392.2849426269531,23304600
2025-03-07,387.76795648683793,390.2191619837315,381.0666253730808,388.7464599609375,22034100
2025-03-10,381.3631423753148,381.91664235119805,372.8431639999478,375.7490539550781,32840100
2025-03-11,374.6024872406928,381.5212666884101,372.5367409966354,376.0356750488281,30380200
2025-03-12,378.5066423790862,380.75029270527517,374.55305438782165,378.8229064941406,24253600
2025-03-13,378.7142611357114,380.8492026304598,373.0705217726956,374.37518310546875,20473000
2025-03-14,375.37338972084297,385.7021498382421,375.10653340514665,384.051513671875,19952800
2025-03-17,382.2132080479099,388.15345468919406,381.0963143894263,384.19000244140625,22474300
2025-03-18,382.57889637930924,382.8754034622388,376.6781641211092,379.070068359375,19486900
2025-03-19,381.0567221702146,385.158563988563,379.54447585576617,383.3201599121094,19185500
2025-03-20,381.26431956643484,387.244140619299,378.8328709429988,382.3515625,18470500
2025-03-21,378.7735544022507,387.19468720298374,378.35841433019584,386.72027587890625,39675900
2025-03-24,390.81219242783766,390.81219242783766,385.2870564688155,388.51910400390625,21004500
2025-03-25,389.3493790004213,391.7610400507305,388.08423198363494,390.5749816894531,15775000
2025-03-26,390.4168571879551,390.72325787798576,384.0614710304359,385.4452209472656,16108400
2025-03-27,385.60336562359333,387.6888690270636,382.9050306805178,386.0481262207031,13766800
2025-03-28,383.5771709738401,384.61500612887534,372.5565482590105,374.40484619140625,21632000
2025-03-31,368.2174556076631,372.6948931611048,362.97893300010196,371.0343933105469,35184700
2025-04-01,370.30297052308924,378.4078388750376,368.89946352111616,377.7554931640625,19689500
2025-04-02,373.584455994143,380.61194495123306,372.2501138660857,377.7060852050781,16092600
2025-04-03,370.4413527847735,373.10014336261634,365.0644702169303,368.78082275390625,30198000
2025-04-04,359.90502676066706,370.2436515761853,355.30898645827625,355.664794921875,49209900
2025-04-07,346.8087713756296,366.6953157485582,340.7894367933375,353.707763671875,50425000
2025-04-08,363.98712785508354,369.3145725706382,346.18608632628985,350.4460754394531,35868900
2025-04-09,349.43788571366844,388.6673652686905,349.0029886182402,385.9591369628906,50199700
2025-04-10,377.6269854135807,379.44563241847453,363.5324334212975,376.92523193359375,38024400
2025-04-11,376.22346214057205,385.52425170247653,374.49376732812806,383.9428405761719,23839200
2025-04-14,388.6574731382522,390.07087362207807,379.7520064336394,383.31024169921875,19251200
2025-04-15,384.0021677861047,387.3429548173336,379.702634359307,381.2544250488281,17199900
2025-04-16,376.25315416820064,377.18221973337427,363.730149078798,367.2982482910156,21967800
2025-04-17,369.41342738591277,369.97682098932336,362.6330375516977,363.5126953125,21120200
2025-04-21,358.6102367890087,360.25097956592975,351.54320368031085,354.9531555175781,20807300
2025-04-22,359.1637239988867,363.5027713530303,355.6845470865514,362.5638122558594,19485000
2025-04-23,371.6966268435602,375.9764033603888,368.69189108581185,370.0460205078125,20545500
2025-04-24,371.34083029267134,383.94289425966036,370.8367380816756,382.80621337890625,22232300
2025-04-25,382.5096738423667,387.60980644654984,380.1375268589871,387.30340576171875,18973200
2025-04-28,387.41210451108003,388.18305301396595,382.1538550582223,386.62139892578125,16579400
2025-04-29,386.75975859738145,390.51568553400665,385.85045019118235,389.4679870605469,14974000
2025-04-30,385.771326898526,392.05754733836756,379.97933510918136,390.6737976074219,36461100
2025-05-01,426.1078502028247,431.91962985286955,419.9699127886788,420.464111328125,58938100
2025-05-02,426.7305277081965,434.3411969693003,425.00083289098967,430.2294616699219,30757400
2025-05-05,427.84743296236513,434.40051033348516,427.0962415401901,431.1091613769531,20136100
2025-05-06,427.1852727603517,432.65110795280134,426.1672248726853,428.2823791503906,15104200
2025-05-07,428.8061738000786,433.0365119798482,426.10783898687293,428.3218688964844,23295300
2025-05-08,432.8487017029497,438.52212113478646,430.6050513161737,433.0859375,23491300
2025-05-09,434.89471877509555,435.6261229679929,430.8225275981773,433.63946533203125,15324200
2025-05-12,440.7658165502587,444.1560114514232,434.67728663767485,444.04730224609375,22821900
2025-05-13,442.5844751269483,445.4409573721911,440.19254074927665,443.9287109375,23618800
2025-05-14,442.940306646518,448.6334536340928,442.940306646518,447.6846008300781,19902800
2025-05-15,446.3576953837484,451.7246558325709,446.0210270484144,448.6946105957031,21992300
2025-05-16,447.6251846388841,449.9125712368337,444.33770477780746,449.8234558105469,23849800
2025-05-19,446.4666664897976,455.0914021356244,446.38743262939596,454.3784484863281,21336500
2025-05-20,451.13050930908776,453.8535912700005,449.87295142774695,453.6852722167969,15441800
2025-05-21,450.12052955644793,453.2991005803846,447.38753565613104,448.1401062011719,19216900
2025-05-22,450.4967994491365,455.74490907390424,449.4570590917957,450.40765380859375,18025600
2025-05-23,445.5754438212613,449.2491205375805,444.51591011589574,445.7734680175781,16883500
2025-05-27,452.0118204825961,456.4380677238799,451.65532857824905,456.18060302734375,20974300
2025-05-28,456.7054113344306,457.9926743719098,452.45739496057166,452.8831787109375,17086300
2025-05-29,457.0321797296883,457.2005290082406,450.8532686393741,454.1902770996094,13974800
2025-05-30,455.2200705832806,457.16087682654637,451.08099341488645,455.8537902832031,34770500
2025-06-02,452.6653804963421,457.5867035205711,452.41782757710985,457.4480895996094,16626500
2025-06-03,456.9529759669727,459.5968543955761,456.3489311405408,458.43829345703125,15743800
2025-06-04,459.4582306475514,461.1316908447896,458.4878122988585,459.3294982910156,14162700
2025-06-05,460.40879598021155,465.05289099241804,459.487906406924,463.1021728515625,20131700
2025-06-06,465.4885564998141,468.70674412433226,464.1913817517478,465.7757263183594,15285600
2025-06-09,465.10242514198006,468.7958952647425,464.0329796350046,468.12255859375,16469900
2025-06-10,466.5778015728124,468.1720277278758,462.38919566775553,466.3104553222656,15375900
2025-06-11,465.4192790589967,470.81594475736864,465.0628173622344,467.99383544921875,16399200
2025-06-12,470.37032681118086,475.7174938929388,468.88500933710617,474.1826477050781,18950600
2025-06-13,471.74673205457395,474.48960742449077,468.13246560456287,470.3109130859375,16814500
2025-06-16,470.55842728964666,475.98479752096426,470.3504913231842,474.4499816894531,15626100
2025-06-17,470.7466055851971,474.0539088222925,469.4395189734987,473.36077880859375,15414100
2025-06-18,473.3211811212961,476.291816149254,469.8158233270243,475.53924560546875,17526500
2025-06-20,477.50979012623617,478.72773115460745,472.2022397987241,472.72705078125,37576200
2025-06-23,473.52910172023695,482.97572926336846,467.8849134818946,481.24285888671875,24864000
2025-06-24,484.16397269221426,487.0355802812341,482.03499358247046,485.3125915527344,22305600
2025-06-25,487.2237477118272,489.71907018583636,484.59969288856837,487.45147705078125,17495100
2025-06-26,488.15456314430565,493.1650318097281,487.98621386300664,492.580810546875,21578900
2025-06-27,492.6797669341534,494.41263722515527,488.20402140418383,491.0855407714844,34539200
2025-06-30,492.17479474651304,495.8583832017286,490.4815111095117,492.5411682128906,28369000
2025-07-01,491.61036068604886,493.1748817381986,486.1741086010328,487.2336120605469,19945400
2025-07-02,485.1938116448169,488.66946431331223,483.9164603345879,486.2830505371094,16319600
2025-07-03,488.9764203666982,495.2345653483035,488.6100468852986,493.9571838378906,13984800
2025-07-07,492.51150669264047,493.8680919045582,490.38255755326566,492.8481750488281,13981600
2025-07-08,492.37283752871576,493.3234624825612,489.27347018920887,491.7589111328125,11846600
2025-07-09,495.40288075164045,501.8194631786975,494.8483646402868,498.58148193359375,18659500
2025-07-10,498.12595942487985,499.502368126141,492.8778497571002,496.57135009765625,16492100
2025-07-11,493.59080845907414,500.08659454551145,492.9273533491097,498.3933410644531,16459500
2025-07-14,496.6109349689791,499.0369655948213,496.1257409313552,498.09625244140625,12058800
2025-07-15,498.09622485625505,503.3245408608939,497.8684955298327,500.86883544921875,14927200
2025-07-16,500.2351113436526,501.7600457375481,496.9773367906475,500.6708068847656,15154400
2025-07-17,500.7302212088446,508.34495123446135,500.67081092720053,506.6913146972656,17503100
2025-07-18,509.4440643876484,509.6025320949179,502.4630844244223,505.05743408203125,21209700
2025-07-21,501.7501675374202,507.0775415956098,500.6015183265846,505.0673828125,14066800
2025-07-22,505.96840625923335,506.19616579872985,500.3241882324219,500.3241882324219,13868600
2025-07-23,501.78972599996087,501.8293429250601,495.79895793496456,500.9183349609375,16396600
2025-07-24,503.79000158856684,508.6420329312165,502.33438916388565,505.8793640136719,16107000
2025-07-25,507.4537578741833,513.216797186473,505.3644257046499,508.6816711425781,19125700
2025-07-28,509.0480107678364,509.9589885432546,505.12675096242896,507.48345947265625,14308000
2025-07-29,510.48381297361453,512.5533213636355,506.55264151082275,507.5527648925781,16469200
2025-07-30,510.12731827097724,510.89971236727115,504.4534248625209,508.2162170410156,26380400
2025-07-31,549.7952354974353,550.0131135040644,526.6936395202101,528.2779541015625,51617300
2025-08-01,529.7632164041114,530.5553736121248,515.7616096000787,518.9797973632812,28977600
2025-08-04,523.0991779644736,532.9814718412621,522.960533815094,530.3970336914062,25349000
2025-08-05,531.9218555369729,532.0406760929504,522.0791498987046,522.5841674804688,19171600
2025-08-06,525.70337986457,526.4955370830186,518.9006307843745,519.8016967773438,21355700
2025-08-07,521.6434435727333,522.9208551796034,512.483986539974,515.7418212890625,16079100
2025-08-08,517.4845087014622,519.5243419856868,514.3257315807846,516.9299926757812,15531000
2025-08-11,517.1875615378566,522.4258201385037,514.6327984158801,516.6627807617188,20194400
2025-08-12,518.6233787752558,525.7825900386109,517.5836685759962,524.0596313476562,18667000
2025-08-13,526.901545781552,527.4857972911225,514.2862580919234,515.4844360351562,19619200
2025-08-14,517.445017549053,520.8018496782777,515.0487221853349,517.3657836914062,20269100
2025-08-15,517.6529556536844,520.9503168823401,513.9990723038397,515.078369140625,25213300
2025-08-18,516.4845535034275,517.7024945692299,508.98864359035275,512.0384521484375,23760600
2025-08-19,509.95896886179673,510.117376123604,503.57209201860513,504.7801513671875,21481000
2025-08-20,504.87920872605446,505.9981527246316,499.5023667236012,500.76983642578125,27723000
2025-08-21,499.57962247206007,503.48747238505433,498.6175369804135,500.1251220703125,18443300
2025-08-22,500.13506667774504,506.5621975190336,498.3100856343386,503.09075927734375,24324200
2025-08-25,502.4956130920682,504.0428801746979,500.0060864475961,500.14495849609375,21638600
2025-08-26,500.2440985723917,500.85906441774694,494.44186237473224,497.94305419921875,30835700
2025-08-27,497.9034268047853,503.1502662118434,495.8205578102606,502.604736328125,17277900
2025-08-28,502.9518399416591,506.919197559233,501.3748189208979,505.4810485839844,18015600
2025-08-29,504.5090702372647,505.44140176386463,500.3730863144936,502.5551452636719,20961600
2025-09-02,496.38587753866574,501.87074834041937,492.75574161607386,500.9979248046875,18128000
2025-09-03,499.6787766683557,503.6461342434815,498.22077154875547,501.2260437011719,16345100
2025-09-04,500.1846427841772,504.00323087503085,499.0440334241921,503.82470703125,15509500
2025-09-05,504.9157608525771,507.7920894589463,488.3520284612672,490.9605712890625,31994800
2025-09-08,494.0451682561979,497.10997900607424,490.99031585598385,494.13446044921875,16771000
2025-09-09,497.33805669614713,498.15137232357364,493.63851485593227,494.34271240234375,14410500
2025-09-10,498.8754294126598,499.1233892811019,492.66650462093776,496.2867126464844,21611800
2025-09-11,498.1513494682616,499.06385505423435,493.8170160390995,496.9214782714844,18881600
2025-09-12,502.51544395369297,508.3672905695674,499.73830564164535,505.7389221191406,23624900
2025-09-15,504.63802593930427,511.2634762434591,502.86262476523797,511.1543884277344,17143800
2025-09-16,512.6620043570016,513.0091239663263,504.4495745277025,504.885986328125,19711900
2025-09-17,506.4530503919847,507.1175961354426,501.80132099339164,505.8579406738281,15816600
2025-09-18,507.31595138937655,508.883074673213,503.5172196080818,504.30078125,18913700
2025-09-19,506.39351766303514,515.0621842649809,506.1455578149837,513.703369140625,52474100
2025-09-22,511.38257317258103,513.5149918534414,508.3574141571104,510.2518615722656,20009300
2025-09-23,509.60711582016205,510.3907077578639,503.17008724169204,505.0744323730469,19799600
2025-09-24,506.21501140620444,508.29784998729696,502.7832554652563,505.98687744140625,13533700
2025-09-25,504.15198973027213,505.84805701475193,500.9186136455738,502.8923645019531,15786500
2025-09-26,505.8976246789574,509.74596656687834,502.4856945681329,507.28619384765625,16213100
2025-09-29,507.3258652143003,512.6321819161793,504.7272507672145,510.4005432128906,17617800
2025-09-30,509.05174137547954,513.9315752068396,505.5009689622067,513.7233276367188,19728200
2025-10-01,510.5989067561486,516.2623314762835,507.51430077675985,515.4688720703125,22632300
2025-10-02,513.4157691025699,517.3434144406598,506.51254498360566,511.53125,21222900
2025-10-03,512.8801529316524,516.2425031799986,510.7973143114264,513.1281127929688,15112300
2025-10-06,514.377848960065,526.6965386672223,513.9712214168786,524.256591796875,21388600
2025-10-07,523.9788663400786,525.4765536672338,517.1847899970462,519.7040405273438,14615200
2025-10-08,519.0098207695767,522.6498549115006,518.8213688365025,520.5669555664062,13363400
2025-10-09,518.0773939158137,520.0511445409561,513.1777050939771,518.1369018554688,18343600
2025-10-10,515.3995037763443,519.3073539147757,505.4711804745103,506.7903137207031,24133800
2025-10-13,512.1958293204747,512.1958293204747,507.50444767633473,509.8551025390625,14284200
2025-10-14,506.0662576446326,511.07506506957225,501.87076583985106,509.3789978027344,14684300
2025-10-15,510.7577169104775,512.9694997370561,505.8381709448021,509.24017333984375,14694700
2025-10-16,508.3970827878481,512.6321960787722,503.9833851231019,507.4349670410156,15559600
2025-10-17,504.88595648751925,511.27337462741934,503.1700633614309,509.388916015625,19867800
2025-10-20,510.41049011219013,514.4671401409408,509.2401268135401,512.5726928710938,14665600
2025-10-21,513.2769402267872,514.4572316509175,508.8533142722573,513.4356079101562,15586200
2025-10-22,516.8971212574951,520.9437823737373,513.4851913413816,516.2920532226562,18962700
2025-10-23,518.1964698863214,519.6743010066873,514.3778516149157,516.3119506835938,14023500
2025-10-24,518.5237814648117,521.0628883153897,516.4607987679614,519.3370971679688,15532400
2025-10-27,527.4404441110845,530.2175826339089,524.6930292943027,527.1825561523438,18734700
2025-10-28,545.5116410650497,549.2012543795508,536.356983260493,537.6463623046875,29986700
2025-10-29,540.4929653309738,541.8121286840217,532.3499420595073,537.130615234375,36023000
2025-10-30,526.1509968235328,530.6043464776645,517.8592331602406,521.4695434570312,41023100
2025-10-31,524.5640822050067,525.0004940086545,510.89650476941233,513.5844116210938,34006400
2025-11-03,515.5680732671589,520.6760707602963,510.3907002836433,512.810791015625,22374700
2025-11-04,507.5837474278435,511.34279700787874,503.6957236126803,510.1327819824219,20958700
2025-11-05,509.11117977922714,510.6287232020861,502.4460174356622,503.02130126953125,23024300
2025-11-06,501.53353925537283,501.5732213085109,491.7639146320967,493.04339599609375,27406500
2025-11-07,492.89463000746537,495.30479262227396,489.2248119110569,492.76568603515625,24019800
2025-11-10,495.9594637689902,502.7138887744143,494.7295621277381,501.8708190917969,26101500
2025-11-11,500.68055811559174,505.4414057875519,498.2505695472254,504.5289001464844,17980000
2025-11-12,505.20330782589343,507.4944847122113,495.04688194383186,506.96881103515625,26574900
2025-11-13,506.1455939798088,509.3095642884979,497.1992129195551,499.1828918457031,25273100
2025-11-14,494.16416907736203,507.42505738590404,493.38060745410195,506.0166320800781,28505700
2025-11-17,504.300789978241,507.94082387806293,500.7896697837805,503.3486022949219,19092800
2025-11-18,491.32749949419616,498.8754133867433,482.8076023204449,489.7604064941406,33815100
2025-11-19,486.1005596390223,491.14901921379453,478.88986688506054,483.1448669433594,23245300
2025-11-20,489.6038857855625,490.4584800066478,472.50238827815747,475.4139099121094,26802500
2025-11-21,475.4834301610789,475.9007957312625,465.3179114267742,469.1436462402344,31769200
2025-11-24,472.005536687022,473.89355276873187,465.06952862032074,471.0118408203125,34421000
2025-11-25,471.08136597664605,476.12932719889915,461.9592459889855,473.9829406738281,28019800
2025-11-26,483.24419169180504,485.2315832491155,478.16642081896737,482.4393005371094,25709100
2025-11-28,484.5260924315005,489.5243812398697,483.5820692635899,488.9082946777344,14386700
2025-12-01,485.3607732415945,486.7718042788117,481.59465771305275,483.6714782714844,23964000
2025-12-02,483.6516286444489,490.38888506208144,483.2541563831954,486.91094970703125,19562700
2025-12-03,473.3171775583083,481.18723109312356,472.2042431453193,474.7182922363281,34615100
2025-12-04,476.7355071807625,478.2856702042714,473.4861025034468,477.8086853027344,22318200
2025-12-05,479.4780948278929,480.35255199911325,475.86105782216015,480.11407470703125,22608700
2025-12-08,481.8331998835391,489.1964595164875,481.32640529111774,487.9245300292969,21965900
2025-12-09,486.016607703579,489.01755801519323,485.42038417588924,488.9181823730469,14696100
2025-12-10,480.97857754952304,481.19719183884354,472.084987996716,475.5430603027344,35756200
2025-12-11,473.6252433732215,482.96597801292137,472.86007818396723,480.422119140625,24669200
2025-12-12,476.79512068758515,479.40854546431024,473.3370484252935,475.51324462890625,21248100
2025-12-15,477.0733729131614,477.6894594742654,469.5411415575728,471.82666015625,23727700
2025-12-16,468.9350114671635,474.87732355778707,467.911505956298,473.38677978515625,20705600
2025-12-17,473.903466892556,476.9739832708393,472.0055042784347,473.1184387207031,24527200
2025-12-18,475.17538699144035,486.5134594689822,474.8772903878124,480.92889404296875,28573500
2025-12-19,484.2875529363844,484.77448448182145,479.4482594182398,482.8566589355469,70836100
2025-12-22,483.0554234208069,485.64898536737695,479.6470539215635,481.8630065917969,16963000
2025-12-23,481.9226163967179,484.7546252629152,481.6841087754749,483.78082275390625,14683600
2025-12-24,482.61817584356095,486.0762481946253,481.77352833631136,484.94342041015625,5855900
2025-12-26,483.64171061957336,485.04282544173617,482.8964387136479,484.6354064941406,8842200
2025-12-29,481.80333660098637,485.27135560420123,481.1276307272214,484.02923583984375,10893400
2025-12-30,482.8666136001516,486.5929730105466,482.43933166580535,484.4068603515625,13944500
2025-12-31,484.7645645601486,485.06269150087525,480.25317705215497,480.5711669921875,15601600
2026-01-02,481.3363251826272,481.6046121327098,467.1960229709088,469.95849609375,25571600
2026-01-05,471.071443053882,473.0687813775576,466.5401924921144,469.86907958984375,25250300
2026-01-06,470.8130789419108,475.7219388392127,466.7886229022075,475.493408203125,23037700
2026-01-07,476.73551614076564,486.6128550141313,474.936929133209,480.422119140625,25564200
2026-01-08,478.20615894860083,479.61722033317443,472.8600706717694,475.09588623046875,18162600
2026-01-09,471.0714211959582,476.7951186190047,469.2231615927928,476.2585144042969,18491000
2026-01-12,473.6649886945649,477.95773148860775,472.68120923483104,474.1717529296875,23519900
2026-01-13,471.68751939768345,472.7805908527595,463.01257439213845,467.70281982421875,28545800
2026-01-14,463.51936213123724,465.24841354789686,454.2879494306214,456.4840087890625,28184300
2026-01-15,461.1941211270383,461.3233064418312,453.02593988397814,453.7811584472656,23225800
2026-01-16,454.94376661538865,460.2699922453042,453.6023014516422,456.9609680175781,34246700
2026-01-20,448.37541805572727,453.92022725149957,446.44764578645413,451.65460205078125,26130000
2026-01-21,449.74670883889326,449.8361378186282,435.9144504613163,441.3102111816406,37980500
2026-01-22,444.79810039972057,449.9851935867555,441.89652570286836,448.2959289550781,25349400
2026-01-23,449.02131930234236,468.1301005814363,447.6897705604439,463.0125732421875,38000200
2026-01-26,462.376577380716,471.26022001105116,459.0874468004336,467.31524658203125,29291200
2026-01-27,470.7137518035326,479.8259260665289,470.17714753577707,477.55035400390625,29213900
2026-01-28,480.1637149068934,480.69037244143027,474.9865685400099,478.59368896484375,36875400
2026-01-29,437.2162272399066,439.7104135269112,418.36581575660404,430.76715087890625,128855300
2026-01-30,436.4013853645445,436.8286672682951,423.7615739365565,427.5773620605469,58566800
2026-02-02,427.5277051213245,428.0245530606437,419.58808475506504,420.7010192871094,42219900
2026-02-03,419.34957819955315,419.3893041977899,405.9843574339844,408.6176452636719,61424100
2026-02-04,408.4089957411405,417.15350712085007,406.6600813351222,411.5788879394531,45012400
2026-02-05,404.87141244319446,405.72597626088844,389.84673704915224,391.188232421875,66289200
2026-02-06,396.6535630940219,399.25704122003975,390.4429643868461,398.61114501953125,53515300
2026-02-09,402.297746078297,412.2744602868579,398.34282592261525,410.9925842285156,45480500
2026-02-10,416.97464756162884,421.0090502850332,410.0982892644293,410.6646728515625,44857900
2026-02-11,413.5562839573264,413.83451755028244,398.4819366306212,401.82073974609375,42491000
2026-02-12,402.4467839094351,403.6392309547976,395.5008602319473,399.30670166015625,40802400
2026-02-13,401.90028127287496,402.98340606348665,395.54060384789733,398.7900085449219,34091600
2026-02-17,396.7032617740463,397.9950542597942,392.04282577248057,394.3581237792969,32078800
2026-02-18,395.6201070500213,400.02217209191446,393.8215201082963,397.0808410644531,23223400
2026-02-19,399.07278661262325,402.7976819572589,395.0690225854118,396.8517761230469,28234000
2026-02-20,394.51123443489973,398.5050592846536,393.56508699389525,395.6267395019531,34015200
2026-02-23,393.4057107487328,393.7642431363039,381.55374731391754,382.918212890625,43238300
2026-02-24,382.58959213032324,387.7884945775691,380.16937672197673,387.4299621582031,33884700
2026-02-25,388.95376053046306,399.84960746436826,388.5852587696308,398.9831237792969,43625500
2026-02-26,403.0765245044552,405.8453028142193,397.1306190557743,400.0986022949219,34405900
2026-02-27,389.30236795593413,395.2183958601928,388.30640407164015,391.15484619140625,51367200
2026-03-02,391.2743390590049,399.57073485574693,389.0533591512552,396.9413757324219,35474900
2026-03-03,391.5532542396072,405.05852201627056,391.0851500003899,402.2996826171875,38199200
2026-03-04,399.6504140582061,409.3710312257941,398.69429724653685,403.5645751953125,35808000
2026-03-05,402.78771732924594,409.9486695143622,402.7677785996419,409.0224304199219,39001300
2026-03-06,407.54843921074234,411.38287590243635,406.8612216895844,407.30938720703125,31123900
2026-03-09,403.2857003455267,408.55432729115563,401.8714182880504,407.757568359375,30131900
2026-03-10,408.37506928692744,408.5443965203919,401.30371964643086,404.122314453125,31706400
2026-03-11,403.9330670994013,407.35918518479474,399.96912002302975,403.245849609375,25512100
2026-03-12,402.99687655683135,404.4808530373378,400.08864860368743,400.238037109375,27263900
2026-03-13,399.3815063856616,403.16615688192843,392.65875035547907,393.9534912109375,26848000
2026-03-16,396.4633374914087,399.01300251860397,393.1965772756644,398.33575439453125,27733700
2026-03-17,398.6544268926901,402.7677623283013,396.1446090107731,397.79791259765625,26228300
2026-03-18,395.5271533612366,396.39363710184665,389.42188971563326,390.2087097167969,25908500
2026-03-19,388.52551763585893,390.90585551603124,385.4977789148814,387.4498596191406,25138800
2026-03-20,385.22889118681917,385.43803509853177,378.58579850034175,380.3287353515625,50853200
2026-03-23,382.3505545919761,385.64719283721575,380.1395134056624,381.4541931152344,29680100
2026-03-24,380.8167328036651,380.9263046350485,370.34917314154325,371.2355651855469,42733600
2026-03-25,375.39872248264555,375.5381416220395,368.13813722010167,369.5424499511719,31181200
2026-03-26,369.3233510512375,373.2076042912997,363.71606927386256,364.492919921875,36836600
2026-03-27,360.43931657918756,360.9871149414508,355.07108715320055,355.33001708984375,37883400
2026-03-30,360.4393055378546,363.8853318939423,354.8419936524484,357.51116943359375,44797000
2026-03-31,363.07862179545566,371.3949263066763,361.6046146993887,368.67596435546875,45244400
2026-04-01,371.98254731341393,372.48052926345224,366.7139201659809,367.8791809082031,29417200
2026-04-02,365.7278929006101,372.1319638369453,362.680245817395,371.9526672363281,24099100
2026-04-06,371.98252335059567,372.22157533941066,368.0086373714944,371.375,16146600
2026-04-07,368.8452727581139,370.9467724245638,365.080530373921,370.78741455078125,21443300
2026-04-08,383.426192668859,383.4461010048471,369.9109552686541,372.81915283203125,33064800
2026-04-09,370.9965632857518,371.99252721403565,365.5685477188417,371.56427001953125,30435300
2026-04-10,371.47463812837884,374.12390583360843,368.5365323725683,369.3731384277344,28111100
2026-04-13,372.10205289266787,382.98796126737693,369.5225100750242,382.8186340332031,35745800
2026-04-14,386.3543213772784,393.09698589720546,384.95994763093,391.5233459472656,37504500
2026-04-15,396.3936283702306,412.69755239260473,395.1287651714373,409.5602722167969,45063400
2026-04-16,418.16537187855886,419.12151906860663,410.4765600541581,418.56378173828125,41642400
2026-04-17,423.10539315661504,429.83808848207923,418.99205736838906,421.0835876464844,48568200
2026-04-20,419.4501847919345,421.6213787702164,414.6197538627068,416.38262939453125,27582200
2026-04-21,418.54386715015573,425.4558591722327,415.51615872358184,422.44805908203125,32048500
2026-04-22,424.4698510786937,431.9495495900464,421.9600330275293,431.1726989746094,29378200
2026-04-23,418.19526527607866,421.9500379562064,409.7494810939023,414.07196044921875,38308000
2026-04-24,415.28707116170386,423.23487407473965,414.12178001797366,422.90618896484375,27457400
2026-04-27,420.6752229306716,425.38611256831246,415.3866572294081,423.1053771972656,30867300
2026-04-28,422.8563830057505,428.1847957314844,420.197146128082,427.5174865722656,30438100
2026-04-29,422.866306449911,425.0972860808559,418.59364353468584,422.7467956542969,38288300
2026-04-30,409.15192465494977,412.74737011555624,396.4035989759817,406.1341552734375,70909400
2026-05-01,411.1338775963461,415.4264794885345,408.7834174283456,412.76727294921875,31372400
2026-05-04,409.87897009526375,419.0816663151199,409.14193618030583,411.9505615234375,28066500
2026-05-05,413.6437352165572,415.09783400354706,407.1500311208482,409.7196350097656,25700900
2026-05-06,406.3532485673598,416.73120520087787,403.4748984673602,412.2891845703125,30285900
2026-05-07,418.41437649189606,426.25263786097554,417.06984955189336,419.07171630859375,34942400
2026-05-08,415.70537649227293,416.9403619714099,412.32904436576047,413.44451904296875,33383800
2026-05-11,406.22377045102496,411.02432350049145,403.86334099070683,410.99444580078125,35657900
2026-05-12,412.8071154720842,413.8229876767416,404.9987623844293,406.1241760253906,38594200
2026-05-13,401.57265715241186,404.6700902960666,399.41140211310335,403.57452392578125,29667100
2026-05-14,402.847493220503,410.1777730080913,399.2620170659624,407.7774963378906,27077500
2026-05-15,412.5979239362014,426.4418454559798,411.2434277199191,420.2170715332031,50771200
2026-05-18,414.93848271907115,423.40417602339767,413.9325494355234,421.83056640625,32564100
2026-05-19,428.16486989475214,430.9535870211983,414.808990493047,415.7352600097656,33018700
2026-05-20,412.49835957243755,420.3963455784958,409.63991780241736,419.36053466796875,27864000
2026-05-21,423.9518891931334,425.5388979071037,414.92886694253497,418.3025207519531,31393500
2026-05-22,418.7517174636334,423.60257118762803,415.54772693408205,417.7835388183594,22390300
2026-05-26,415.6475333356961,418.9812539216563,412.24393696715845,415.248291015625,30398000
2026-05-27,410.23773822181624,415.15846763645,408.8104019854481,411.8946228027344,28901500
2026-05-28,412.2040283766931,428.68298564682067,411.89461329838434,426.18768310546875,47250500
2026-05-29,431.7372486144539,449.48383969057267,431.54760317786213,449.3940124511719,79654400
2026-06-01,463.96658383705716,465.4438139523178,457.40892124774234,459.6546936035156,53628900
2026-06-02,446.0403151791343,452.64787129328397,439.6024225764256,440.48077392578125,37036800
2026-06-03,437.62618910935214,439.56254639446627,423.45285793258154,426.53704833984375,39037000
2026-06-04,434.9911260035114,435.33048350032107,425.60879436274143,427.2456970214844,26899500
2026-06-05,427.5351398188391,428.66302140752947,413.6213308264138,415.8870849609375,34782200
2026-06-08,413.3618539280056,416.37616844333525,407.79232157753756,410.9663391113281,32086700
2026-06-09,408.26144336727174,411.20591258759293,397.7312786929967,402.6520080566406,35317300
2026-06-10,397.80110870103243,404.2789346443135,396.41373636313654,396.61334228515625,32576000
2026-06-11,394.46741202742857,396.1043451719433,383.278483574852,389.6065673828125,47224100
2026-06-12,390.6945042817559,391.003919361718,381.55171206615995,390.00579833984375,34865800
2026-06-15,396.05442037645633,400.99513175706005,392.11186050588947,399.0088806152344,32266400
2026-06-16,395.0463355104342,396.094350419825,389.9559121071713,393.0899963378906,31506800
2026-06-17,389.51671695343225,389.6364865987809,376.6110198431126,378.1980285644531,41987800
2026-06-18,377.11008548581106,380.6534028700893,372.5786075934489,378.6871032714844,59714200
2026-06-22,375.0339909424311,380.9129385065033,366.3802985575179,366.6497802734375,45171100
2026-06-23,371.6802994138851,376.51120135394876,369.9735210485466,373.23736572265625,40647600
2026-06-24,370.87185096853153,378.16811350773463,364.09460041679364,364.7733154296875,44509900
2026-06-25,362.0883479855026,363.5456265920902,348.54386902384044,352.1670227050781,66179000
2026-06-26,356.4789138154501,375.90234020580533,354.762144454129,372.2691955566406,186201600
2026-06-29,376.790685328561,379.7850483907747,359.2237492715265,367.8774719238281,51229900
2026-06-30,370.3328407149792,373.44697342275583,366.7595808670141,372.319091796875,44945700
2026-07-01,380.1144231011508,388.09939143880604,374.18561213385976,383.5579528808594,48065800
2026-07-02,383.7575696594082,391.4630649298244,382.97903650468743,389.7562561035156,42128900
2026-07-06,386.31276024010407,388.418780928489,380.5036887115837,386.0133056640625,34224500
2026-07-07,391.75251064257776,394.8267404517197,387.4905448392632,388.109375,29297500
2026-07-08,383.3084264217563,384.58602015004215,380.6134873969759,382.6197204589844,25908300
2026-07-09,373.74643420118315,383.92725049460796,372.64849496928053,383.6377868652344,31083200
2026-07-10,387.07131223677504,391.1736053926777,380.783162110783,384.37640380859375,24644600
2026-07-13,387.02143811329415,392.91034623109437,383.4281962321871,390.2553405761719,28914900
2026-07-14,382.1007052927433,387.46061042423804,377.93852713765,384.20672607421875,27863900
2026-07-15,387.07132248997675,398.2103568181361,385.6739591427675,394.8866271972656,36253700
2026-07-16,397.56157784187184,405.2271399033625,391.31333055964967,400.3463439941406,37047400
2026-07-17,394.1180409920291,397.64143734197864,388.6583483977542,393.08001708984375,33049800
2026-07-20,390.67455694621333,402.4224305318551,388.91785418191677,401.53411865234375,27915800
2026-07-21,398.0606303262699,400.7156358198418,395.57531880381754,397.00262451171875,24126600
2026-07-22,398.8291961465565,400.246541441447,386.2329133568751,389.6065673828125,28142500
2026-07-23,389.23725659651495,391.04385321150613,376.68090752842744,380.8630065917969,30351800
2026-07-24,386.32274187573427,388.29903252889795,379.9347732203772,380.9828186035156,27659400
2026-07-27,389.3470355932277,393.45931979821836,387.2609663085435,388.368896484375,27856200
2026-07-28,392.4212554523594,399.56780545733704,390.5647345556998,392.61090087890625,32367500
2026-07-29,392.6607942930367,400.4960502148319,388.00954678983055,389.8061828613281,47209000
2026-07-30,437.07720086969465,457.8281459885008,431.6274684759506,450.2524108886719,110160700
2026-07-31,449.1544591210436,465.962813447145,448.4857046349594,463.8468017578125,60846000
2026-08-03,475.2353605631651,490.7261876465455,474.10747895013026,486.73370361328125,66762100
2026-08-04,479.99640781848416,498.50158065157444,478.2696778930625,491.884033203125,50455500
2026-08-05,495.42733843271316,497.3038108374591,484.7674131728324,486.5440673828125,33388900
2026-08-06,487.6319998350186,500.61756372489685,487.60205742358346,498.9207458496094,36441500
2026-08-07,498.2719734340298,504.23075699317457,497.79289485093346,499.0505065917969,28846200
2026-08-10,502.4940586092805,512.7647021753171,501.32624359045303,505.109130859375,31206100
2026-08-11,503.3823542433026,504.38047525067043,498.61133704649393,502.86334228515625,23049800
2026-08-12,499.0505227551261,500.557695253814,490.59643643442394,491.5047302246094,29001500
2026-08-13,492.34314786956145,500.3979918654044,492.0836571155829,495.9463806152344,23039000
2026-08-14,495.42733437790497,499.07050046550256,492.991947114923,494.4691467285156,16217600
2026-08-17,489.21906226283284,491.73431632358415,477.51109147171053,479.44744873046875,29635800
2026-08-18,480.6352093836093,483.36006030134655,476.2534434403709,480.72503662109375,24087600
2026-08-19,479.16797047398614,488.3806080919379,478.4592826108848,483.3999938964844,19961900
2026-08-20,483.29998779296875,484.1600036621094,479.5,481.1499938964844,20020800
2026-08-21,479.8800048828125,486.3599853515625,478.5299987792969,483.239990234375,22510800
2026-08-24,483.2099914550781,490.6099853515625,481.8599853515625,487.30999755859375,17230800
2026-08-25,485.44000244140625,492.44000244140625,484.29998779296875,491.7099914550781,19519000
2026-08-26,487.8500061035156,497.3999938964844,487.30999755859375,496.3699951171875,20758900
2026-08-27,494.8800048828125,506.4800109863281,490.0799865722656,505.05999755859375,28688800
2026-08-28,505.3299865722656,517.780029296875,504.8699951171875,513.530029296875,29207300
2026-08-31,510.3800048828125,512.1900024414062,506.3900146484375,507.2900085449219,27208900
2026-09-01,497.5199890136719,505.9700012207031,496.7799987792969,501.0199890136719,21046900
2026-09-02,499.8500061035156,500.2699890136719,493.80999755859375,496.82000732421875,15336100
2026-09-03,501.6600036621094,515.6500244140625,500.79998779296875,510.1199951171875,24125900
2026-09-04,510.0,511.0,499.3599853515625,499.70001220703125,18101800
2026-09-08,493.010009765625,495.19000244140625,490.1499938964844,493.95001220703125,18882300
2026-09-09,493.07000732421875,494.3900146484375,489.79998779296875,491.6499938964844,12889600
2026-09-10,488.32000732421875,494.5199890136719,486.0,492.44000244140625,16038800
2026-09-11,495.6499938964844,498.9700012207031,492.5799865722656,495.6300048828125,14510500
2026-09-14,497.05999755859375,509.95001220703125,495.3399963378906,505.4100036621094,23091900
2026-09-15,500.05999755859375,505.8999938964844,495.5400085449219,497.1199951171875,17794600
2026-09-16,493.0299987792969,495.9700012207031,487.2300109863281,490.29998779296875,16670300
2026-09-17,497.79998779296875,501.4700012207031,493.1700134277344,497.75,17841600
2026-09-18,497.9700012207031,498.6499938964844,491.1000061035156,493.7799987792969,39622300
2026-09-21,494.95001220703125,501.8699951171875,491.3299865722656,501.6099853515625,27959900
2026-09-22,507.32000732421875,508.5,493.6499938964844,498.0,21652800
2026-09-23,500.760009765625,509.44000244140625,495.8800048828125,500.5899963378906,19445600
2026-09-24,495.07000732421875,498.8999938964844,491.2200012207031,497.92999267578125,16657600
2026-09-25,499.0400085449219,519.4000244140625,497.25,516.1699829101562,38193100
2026-09-28,505.4700012207031,513.3300170898438,502.2200012207031,509.2200012207031,19626900
2026-09-29,508.30999755859375,513.6400146484375,502.3999938964844,508.9599914550781,21341800
2026-09-30,511.6099853515625,519.8300170898438,510.30999755859375,512.9000244140625,27223300
2026-10-01,519.8800048828125,522.8499755859375,512.1699829101562,512.7999877929688,19731900
2026-10-02,519.3900146484375,522.5,513.6599731445312,517.530029296875,17822300
2026-10-05,521.6199951171875,532.3499755859375,521.469970703125,525.1799926757812,26604800
2026-10-06,531.6799926757812,535.6900024414062,528.780029296875,529.2999877929688,21107500
2026-10-07,530.72998046875,531.72998046875,524.6900024414062,529.760009765625,16773600
2026-10-08,529.3900146484375,533.510009765625,521.6500244140625,524.7150268554688,9555449
