Date,Open,High,Low,Close,Volume
2020-10-05,13.164178752952756,13.57021335878919,13.15100030117963,13.568472862243652,479820000
2020-10-06,13.754955294119164,14.06526258648005,13.590850658447438,13.661962509155272,784420000
2020-10-07,13.923786729329017,14.04263847515764,13.788275536042311,13.888230323791504,418084000
2020-10-08,13.998624575917278,14.008073526833186,13.683345275922656,13.763656616210938,378900000
2020-10-09,13.692298713449562,13.749238090470126,13.586625429092514,13.688071250915527,346892000
2020-10-12,13.91359102087014,14.269151250700196,13.837009167737346,14.148807525634766,434744000
2020-10-13,14.218926882877872,14.270644774539951,13.942683949168318,14.170938491821287,344604000
2020-10-14,14.212956496432875,14.264922886129456,13.884250206462305,14.018766403198242,276100000
2020-10-15,13.735809428920684,13.929751006700569,13.693042537607855,13.894195556640623,267224000
2020-10-16,13.96058405122219,14.044874357852594,13.717659097272511,13.73655605316162,242392000
2020-10-19,13.82756263343774,13.907625493896074,13.334005118727903,13.424511909484863,298068000
2020-10-20,13.509794010029395,13.724871025768708,13.433709170027877,13.571457862854004,229212000
2020-10-21,13.551066960951443,13.71666357670452,13.404367299030524,13.451360702514648,219596000
2020-10-22,13.449126364383108,13.537891703010716,13.15995348572998,13.28850269317627,290480000
2020-10-23,13.37701796276027,13.519491128255543,13.21912978294742,13.516507148742676,233484000
2020-10-26,13.354146219447852,13.618454212950702,12.967753976852988,13.0699462890625,336896000
2020-10-27,13.233801206707778,13.369063898523825,13.119922439853289,13.32405948638916,250520000
2020-10-28,13.126384857490963,13.18804870574498,12.540581144576285,12.558483123779297,376520000
2020-10-29,12.768838326092173,13.121166120183616,12.680818504298344,12.95333194732666,320080000
2020-10-30,12.78027345863708,12.866303309085502,12.23325768967022,12.465988159179688,416820000
2020-11-02,12.589067357205304,12.767095978819652,12.327743402774802,12.51248550415039,299652000
2020-11-03,12.639540236084493,13.033888358284065,12.534363980008044,12.9488525390625,272900000
2020-11-04,13.316598246406537,13.752470792021674,13.264631851760678,13.719400405883787,410228000
2020-11-05,14.085653088319836,14.261194749998864,13.915083461408289,14.083166122436523,319028000
2020-11-06,14.03318712124654,14.509588050674012,13.819603063155224,14.482983589172363,383348000
2020-11-09,14.47353602436871,14.611781731679114,13.536896506652354,13.556787490844728,582976000
2020-11-10,13.532668624695363,13.532668624695363,12.559727213621446,12.700708389282228,644068000
2020-11-11,12.982919181366611,13.362100862954051,12.877991414086402,13.345192909240724,404744000
2020-11-12,13.405860329921897,13.691302714348726,13.243744694427017,13.3837308883667,365812000
2020-11-13,13.553307534360249,13.594582444204104,12.988389691984729,13.224849700927734,346312000
2020-11-16,13.101022892269617,13.57543482478266,13.0846129027972,13.441913604736328,413776000
2020-11-17,13.478959935350014,13.522472345327744,13.231559991334292,13.349416732788086,312028000
2020-11-18,13.392187433545985,13.531925147427977,13.113458475022282,13.35588550567627,510924000
2020-11-19,13.141055511077486,13.414314421945354,13.028917261135884,13.367321014404297,565936000
2020-11-20,13.38099780808852,13.421277740192645,12.994107670676495,13.016735076904297,341088000
2020-11-23,13.099783135245094,13.30988624770573,12.944877961621112,13.068702697753906,361356000
2020-11-24,13.071186853481274,13.090580823661265,12.815084388554446,12.887439727783203,346500000
2020-11-25,12.961786934870482,13.197500505683792,12.949354948597586,13.162939071655272,259916000
2020-11-27,13.3024261461064,13.334750064003927,13.099035582696706,13.189292907714844,167276000
2020-11-30,13.19302333396702,13.339723024481057,12.901861463493518,13.328782081604004,286952000
2020-12-01,13.41904186585619,13.455343795104646,13.15647343473755,13.317346572875977,296948000
2020-12-02,13.278057876066956,13.59930517405845,13.162438631674531,13.4710054397583,283360000
2020-12-03,13.517765463078833,13.589893604205525,13.260592994303533,13.327248573303224,199520000
2020-12-04,13.379478105518432,13.490406591655203,13.320035154421149,13.488665580749512,202244000
2020-12-07,13.53144321280318,13.660776120123057,13.430713167655274,13.536914825439451,223244000
2020-12-08,13.515278179379305,13.528957686598924,13.213335648092489,13.281484603881836,271920000
2020-12-09,13.23223796540436,13.34515509436293,12.802206372644868,12.864385604858398,401300000
2020-12-10,12.802952434607922,13.001677197887195,12.78355178644564,12.905672073364258,207764000
2020-12-11,12.900697287883272,12.95317714039091,12.75718771417098,12.94646167755127,209264000
2020-12-14,13.020827307185533,13.320033514605957,13.010381243037374,13.24044418334961,270156000
2020-12-15,13.370774767503343,13.394900342976548,13.11907389477602,13.291932106018066,193016000
2020-12-16,13.353609357953252,13.36828413251128,13.144687134351264,13.17453384399414,223116000
2020-12-17,13.29814698347281,13.310832168465264,13.110863557414444,13.272778511047363,231384000
2020-12-18,13.31033628932738,13.33620287544526,13.003420226885908,13.203886032104492,342064000
2020-12-21,13.007647270428471,13.301381917619228,12.900947489997863,13.26382541656494,302332000
2020-12-22,13.25089297888134,13.26880025003233,12.98700409143935,13.210103034973145,185580000
2020-12-23,13.187966443845962,13.206868984202536,12.938255185424696,12.942482948303224,179144000
2020-12-24,12.970336813485524,13.065098078701942,12.87234305599769,12.9270601272583,97884000
2020-12-28,12.995460029586082,12.995460029586082,12.697746203513814,12.83379364013672,212564000
2020-12-29,12.858664715222051,13.005407733251095,12.776339097439232,12.87682056427002,170372000
2020-12-30,12.923578131372937,13.1459312845116,12.830558825412934,13.078280448913574,225396000
2020-12-31,13.069078819042725,13.083504065531557,12.8487152469896,12.987997055053713,192424000
2021-01-04,13.036995675741744,13.582432117374609,12.89597283811847,13.046197891235352,560640000
2021-01-05,13.032515008791458,13.374500709510423,13.019830774635874,13.335949897766112,322760000
2021-01-06,13.154638288108194,13.177022849780167,12.521405575778882,12.549758911132812,580424000
2021-01-07,12.900947707097602,13.309092875319838,12.820364039094777,13.27551555633545,461480000
2021-01-08,13.293920064625954,13.35211916574799,12.975064589250891,13.208609580993652,292528000
2021-01-11,13.349881280512768,13.889348941876811,13.293920349716162,13.551590919494627,518344000
2021-01-12,13.681917255790076,13.683907795701348,13.276509362154492,13.415541648864746,291476000
2021-01-13,13.42076747317352,13.555074864677511,13.31630680119038,13.462303161621094,210028000
2021-01-14,13.505325454964504,13.529948181484444,13.112850465737548,13.132498741149902,283120000
2021-01-15,13.160108417536335,13.256859277308203,12.782556721687804,12.793499946594238,277780000
2021-01-19,12.949447095978456,13.026798268994698,12.77808132983136,12.958401679992676,226188000
2021-01-20,13.04445641294081,13.36157087660753,12.989739333786316,13.29715347290039,258572000
2021-01-21,13.349631654463508,13.927401511527409,13.184981367786673,13.796327590942385,337780000
2021-01-22,13.669484147612303,13.770712324132925,13.557312743438612,13.642125129699709,246820000
2021-01-25,13.71101805455848,13.757528189213795,13.168566485898284,13.58317756652832,251112000
2021-01-26,13.510800674012138,13.574720917203404,13.318791364133515,13.366296768188477,163980000
2021-01-27,13.162100437127794,13.164836718249129,12.728089628381658,12.85145378112793,371272000
2021-01-28,12.9295498263929,13.271287026648704,12.89398291811221,12.984018325805664,228316000
2021-01-29,13.007899522374156,13.266316861866391,12.845238763704902,12.923087120056152,271552000
2021-02-01,12.986257425752576,13.202640890001744,12.836529537314515,13.16906452178955,217204000
2021-02-02,13.329983047797578,13.502343114382931,13.217313559304229,13.48717212677002,220440000
2021-02-03,13.566015475389744,13.860248208938296,13.447129576053143,13.461057662963867,245408000
2021-02-04,13.461555570894452,13.603324148408923,13.26929767552563,13.594121932983398,201340000
2021-02-05,13.654558996907936,13.666746072596895,13.476228255580894,13.521245956420898,169152000
2021-02-08,13.656795624381022,14.399464262915846,13.656795624381022,14.364644050598145,434624000
2021-02-09,14.267151781246634,14.50840755402861,14.14950875666614,14.19005012512207,287560000
2021-02-10,14.389019846164402,14.82850221001609,14.267894829975646,14.688474655151367,485352000
2021-02-11,14.903366783802442,15.19386796154073,14.848400177999755,15.172477722167969,450828000
2021-02-12,14.972759615299346,15.212771494540394,14.699170418654422,14.884465217590332,374756000
2021-02-16,14.986936092155004,15.293604492895591,14.873272272609666,15.25157070159912,321960000
2021-02-17,15.093133745660497,15.145365008315798,14.704140774236995,14.82949447631836,274756000
2021-02-18,14.653406299348754,14.796915880160729,14.500196394226355,14.752893447875977,233868000
2021-02-19,14.94738826308237,15.099105725035558,14.77055091017518,14.849891662597656,271724000
2021-02-22,14.698922288674808,15.055582861112889,14.251480563869782,14.28207302093506,325884000
2021-02-23,14.003012864242908,14.165674533529184,13.32078225361046,14.06942081451416,391780000
2021-02-24,14.050268009256117,14.432297029257631,13.685399568921875,14.424586296081545,448320000
2021-02-25,13.97341582362996,14.30097638862867,13.148422295447304,13.239203453063965,824436000
2021-02-26,13.681917670854736,13.783394411878966,13.29242744323524,13.644113540649414,500932000
2021-03-01,13.803791109861448,13.853534691004317,13.483692697486628,13.770711898803713,353184000
2021-03-02,13.828660812201646,13.849055782455864,13.32724777396713,13.337445259094238,264116000
2021-03-03,13.357343042088631,13.382462935621067,12.733063022967231,12.739032745361328,377592000
2021-03-04,12.7350542845271,12.908410605300014,12.021734035558053,12.306763648986816,573344000
2021-03-05,12.485589720652124,12.485589720652124,11.61930825304677,12.397543907165527,542840000
2021-03-08,12.38610197088301,12.407242680598651,11.507136309244094,11.5337495803833,543112000
2021-03-09,12.072158275042783,12.55632821655255,12.001498194954763,12.460290908813477,521824000
2021-03-10,12.779008634694897,12.917840255866876,12.397843341761316,12.408541679382324,384376000
2021-03-11,12.88798183646148,12.98377142356223,12.67351399449824,12.931273460388184,299916000
2021-03-12,12.587679111203991,12.827027841808514,12.52970858536921,12.794434547424316,243964000
2021-03-15,12.803141162521834,13.143503346507048,12.706108237775904,13.128077507019045,221988000
2021-03-16,13.292537069306986,13.447790141533767,13.0539352931175,13.22760009765625,272128000
2021-03-17,12.977302577062948,13.388822153481437,12.92729317177526,13.277359008789062,243864000
2021-03-18,13.073588371166265,13.120860547333365,12.656097048500143,12.66157054901123,293896000
2021-03-19,12.6889427194056,12.859621644128715,12.552101370096228,12.784234046936035,299208000
2021-03-22,12.850912459188027,13.33035494660836,12.84494067623432,13.123102188110352,297804000
2021-03-23,13.190778334583692,13.280596165418768,12.958894309878364,13.00815773010254,222048000
2021-03-24,13.08827100230362,13.096233063845542,12.576235180945393,12.582454681396484,245840000
2021-03-25,12.439640540443962,12.653859729796126,12.21323006912664,12.475218772888184,295144000
2021-03-26,12.494378894229929,12.794684062208672,12.314245906312358,12.777765274047852,363968000
2021-03-29,12.758855578432918,12.999945925065388,12.639181685648806,12.886242866516112,273520000
2021-03-30,12.78049983259111,12.913111935410978,12.644155840330791,12.810107231140137,200204000
2021-03-31,12.953169750877729,13.405990711832604,12.92032779315816,13.284326553344728,314776000
2021-04-01,13.507254271126332,13.80357789900116,13.446545573751832,13.745607376098633,308276000
2021-04-05,13.801092682147068,13.946890769713638,13.667236264313877,13.920517921447754,255672000
2021-04-06,13.932706614577354,13.986945247012809,13.707540408844991,13.79511833190918,191744000
2021-04-07,13.814276132527263,14.175289010956332,13.645837117597932,14.07576847076416,251284000
2021-04-08,14.184494625705309,14.40219704194107,14.180761787034063,14.24843692779541,244416000
2021-04-09,14.14593123495432,14.339002443747564,14.10711843994296,14.331040382385254,195172000
2021-04-12,14.221316464351997,15.278976816323755,14.071536912958104,15.136163711547852,869324000
2021-04-13,15.158556624947307,15.624813133725874,15.053312973975864,15.604411125183104,676212000
2021-04-14,15.550173290053324,15.645215941609267,15.154576843590077,15.203840255737305,385500000
2021-04-15,15.587493880373994,16.13660177459163,15.556642200301264,16.05997085571289,598480000
2021-04-16,15.976121390043058,16.08833243050052,15.789270664877606,15.836295127868652,335208000
2021-04-19,15.462097636720497,15.731799760759175,15.16005088533594,15.28818416595459,404420000
2021-04-20,15.24986909769788,15.42278695937308,14.891344758656516,15.098597526550291,334132000
2021-04-21,15.046347575304525,15.28893085259979,15.029927070355267,15.286940574645996,216776000
2021-04-22,15.301368600728402,15.364564899484543,14.712701033462228,14.779131889343262,277788000
2021-04-23,14.862732969877133,15.261564023839028,14.828896342837304,15.192148208618164,227500000
2021-04-26,15.11228113181427,15.404872871832849,15.05256804757207,15.40387725830078,197796000
2021-04-27,15.503896739298003,15.595456172950886,15.280969463843478,15.30808925628662,164572000
2021-04-28,15.290920597634818,15.457867612223833,15.14263398051159,15.203590393066406,209416000
2021-04-29,15.326249241914937,15.362574421161485,14.999322628696,15.251359939575195,173196000
2021-04-30,15.10183090126998,15.291417919862836,14.925180214363865,14.937620162963867,201912000
2021-05-03,15.052565087745686,15.173731895148114,14.716681783612378,14.765695571899414,203912000
2021-05-04,14.567153783566326,14.567402449672668,13.94315656113804,14.282523155212402,405324000
2021-05-05,14.638560411281018,14.742560743124349,14.318600201839,14.389260292053224,292024000
2021-05-06,14.425831176728249,14.501467421026504,14.149909603249656,14.453448295593262,193380000
2021-05-07,14.737333378945776,14.899054593283331,14.601486723687938,14.741313934326172,229328000
2021-05-10,14.716435724758746,14.735096123743787,14.18175896431801,14.197433471679688,268904000
2021-05-11,13.758790686102426,14.286003538327344,13.684150057428775,14.237735748291016,285584000
2021-05-12,13.942410098916849,14.191959832815757,13.64359884835176,13.692612648010254,303408000
2021-05-13,13.966542771255336,14.013318571765083,13.394545268670152,13.599807739257812,285404000
2021-05-14,13.823480278695746,14.259382396455385,13.682657460128112,14.174789428710938,258616000
2021-05-17,14.089203532423053,14.101394815593933,13.787157729474968,14.097662925720217,216980000
2021-05-18,14.19867739521661,14.335270069717708,13.936936381971368,13.948630332946776,186256000
2021-05-19,13.50152974233858,14.012073471257525,13.478391458639676,13.99838924407959,344000000
2021-05-20,14.234007504367282,14.613432141859075,14.202161157001548,14.542523384094238,321592000
2021-05-21,15.091131488505768,15.14910295826252,14.798291095690493,14.919955253601074,672992000
2021-05-24,15.139649464230471,15.66959967521389,15.1033242794954,15.537237167358398,554816000
2021-05-25,15.690498551838248,15.742746908648106,15.408356475957715,15.57281494140625,435408000
2021-05-26,15.658897404474263,15.718112195747532,15.511606424462924,15.624811172485352,370440000
2021-05-27,15.624564822611564,15.67457423164348,15.385963061533063,15.41382884979248,581476000
2021-05-28,15.42676599701828,16.19954708212294,15.42676599701828,16.166704177856445,644536000
2021-06-01,16.192085626438377,16.30976923688421,15.827091228848875,16.18661117553711,472804000
2021-06-02,16.174416952438033,16.837725105726086,16.1577468358446,16.69789695739746,594168000
2021-06-03,16.62077403418186,17.17635111968771,16.503587746671425,16.888484954833984,580008000
2021-06-04,17.030541425145504,17.57641452537178,17.013624544958223,17.494062423706055,617120000
2021-06-07,17.487104196499413,17.727197966588108,17.110416805068787,17.534624099731445,575756000
2021-06-08,17.44331669923782,17.537115086364118,17.168388755751412,17.373403549194336,323848000
2021-06-09,17.435860377038434,17.49484001232331,17.177046026540825,17.279077529907227,381656000
2021-06-10,17.270872745755277,17.412225327997316,17.09766651507908,17.345529556274414,287772000
2021-06-11,17.399774175994814,17.85742833705059,17.364187797103718,17.743947982788086,416308000
2021-06-14,17.82433055010109,17.95722080361598,17.582190124030767,17.936565399169922,321376000
2021-06-15,17.833296821293477,17.934084751440924,17.64714938991083,17.707372665405273,243032000
2021-06-16,17.709607366236927,17.87285892613583,17.504296927782022,17.72901725769043,307124000
2021-06-17,17.693437053578737,18.74909970508031,17.6752707710507,18.572160720825195,809656000
2021-06-18,18.698331232193887,19.2866354329322,18.499242623103743,18.55374336242676,968856000
2021-06-21,18.3511693418325,18.451959152943,17.741463607959098,18.34320640563965,672384000
2021-06-22,18.38725647206684,18.877261882587188,18.30214570243485,18.80061149597168,580144000
2021-06-23,18.92105744176349,19.06539656945084,18.821513150301545,18.9703311920166,332356000
2021-06-24,19.14005621589849,19.331428697030866,19.001190887629537,19.11790657043457,320924000
2021-06-25,19.19256862681108,19.257272715606643,18.80832936010716,18.94420623779297,278364000
2021-06-28,19.27294637389471,19.98717465520108,19.23088938832883,19.89385223388672,495436000
2021-06-29,19.791822278059367,20.007085502671465,19.567350601650443,19.935415267944336,367632000
2021-06-30,19.90804056428965,20.07054600562494,19.77315857973653,19.91127586364746,326568000
2021-07-01,20.033214626548176,20.36270439094077,19.927697171358744,20.11981773376465,480136000
2021-07-02,20.347028318463767,20.411732403859773,20.19522367502493,20.393564224243164,342764000
2021-07-06,20.64291905352353,20.746942264644705,20.257436236959123,20.604097366333008,446708000
2021-07-07,20.7583924487782,20.77979402778704,20.23927125233733,20.278839111328125,418428000
2021-07-08,19.765940834345816,20.041178597383794,19.610900891917264,19.81197929382324,503300000
2021-07-09,19.87145390678074,19.988667035276386,19.66415365556928,19.958803176879883,296624000
2021-07-12,20.14768905227268,20.439103283844226,20.09567744553801,20.41894721984864,321984000
2021-07-13,20.30745530029777,20.36792918431061,20.02226296191594,20.15764236450196,290708000
2021-07-14,20.26490319706381,20.32462902004736,19.66266291046804,19.751007080078125,380100000
2021-07-15,19.72139014783065,19.756479085995565,18.772486985762363,18.87974548339844,550564000
2021-07-16,18.943702280089244,19.06962449324304,17.99056898289551,18.07816696166992,688224000
2021-07-19,17.833544044539046,18.955154278049445,17.78401966527489,18.694101333618164,749060000
2021-07-20,18.64457864969428,18.752085902495235,18.08115999036989,18.52711677551269,434687000
2021-07-21,18.795878605842763,19.43793719732847,18.656517757575788,19.32147026062012,371017000
2021-07-22,19.5524200952898,19.796301675105028,19.188088165739423,19.504638671875,323826000
2021-07-23,19.56635412004103,19.61015406998916,19.162205646075567,19.46880149841309,195672000
2021-07-26,19.222927760778727,19.35332891748849,18.827737126381447,19.206005096435547,203943000
2021-07-27,19.17713490295772,19.532507034154943,18.655524613503584,19.12039566040039,248863000
2021-07-28,19.23088833780953,19.55639659141025,18.90836665974405,19.41404914855957,202191000
2021-07-29,19.42997540846068,19.762453610725807,19.239846550542488,19.572324752807617,190781000
2021-07-30,19.32943666500641,19.540469658257,19.17514481205662,19.41006851196289,183497000
2021-08-02,19.610152354563404,19.869961658246226,19.27269777815783,19.6599235534668,217444000
2021-08-03,19.649967848258107,20.129769849720965,19.13233905420484,19.72462654113769,301811000
2021-08-04,19.898826814854456,20.22533184803841,19.737565032108463,20.18153190612793,231309000
2021-08-05,20.4065028973456,20.63844002549978,20.24922256743101,20.542877197265625,211435000
2021-08-06,20.430391658316715,20.476181384713264,20.11782271162,20.27311134338379,178497000
2021-08-09,20.35274874502735,20.41446624796084,20.0511311729326,20.202438354492188,146443000
2021-08-10,20.22932063098464,20.33682789214191,19.744540215181463,19.845081329345703,179238000
2021-08-11,19.951588533994844,19.957561686039927,19.34138529513122,19.60915756225586,185925000
2021-08-12,19.77938020401749,19.93765355280868,19.53052037300829,19.8142204284668,151652000
2021-08-13,19.81421606765823,20.121806766278755,19.76046150539568,20.095924377441406,183063000
2021-08-16,20.04316447225157,20.19447162539359,19.36427396613772,19.8590087890625,210876000
2021-08-17,19.595224826743483,19.67983816636364,19.179131870288053,19.369260787963867,204585000
2021-08-18,19.411060357563738,19.54444995723382,18.91334086121595,18.95315933227539,285913000
2021-08-19,19.405093949250475,20.40153007897719,18.67643200408069,19.70770835876465,766555000
2021-08-20,19.899823633457626,20.76983801312774,19.8420894983611,20.72106170654297,675741000
2021-08-23,20.875353163773784,21.89667271123658,20.85444903468081,21.857851028442383,575807000
2021-08-24,21.653790746731485,21.85885061405088,21.43678457528005,21.693607330322266,297299000
2021-08-25,21.63786535725725,22.367522226695,21.622934374097465,22.1116943359375,347701000
2021-08-26,22.09874793188549,22.23810879297265,21.69061806843084,21.96735000610352,237940000
2021-08-27,22.0828224516965,22.61836882879445,22.06589978843184,22.532760620117188,304722000
2021-08-30,22.725876717636822,22.93790461277264,22.448149850901924,22.58452415466309,262580000
2021-08-31,22.595474734179547,22.595474734179547,22.022997435726552,22.286834716796875,259850000
2021-09-01,22.386396092304786,22.597466292510106,22.258957158391045,22.342588424682617,201767000
2021-09-02,22.41924952995112,22.493921385599155,22.19722789638857,22.29778480529785,187834000
2021-09-03,22.227098408861508,22.88519901109536,22.10264657431913,22.742826461791992,280532000
2021-09-07,22.732867877774773,22.79857842483496,22.42323092316532,22.562618255615234,198107000
2021-09-08,22.41427795741543,22.51085272092236,21.88062718924737,22.24104118347168,254434000
2021-09-09,22.214154452621685,22.43916319750874,22.033948443162565,22.07974624633789,196856000
2021-09-10,22.2500035722698,22.526784420456643,22.17234648347683,22.37943458557129,248376000
2021-09-13,22.584525817265025,22.86329864093561,21.76214779147206,22.05485916137696,297500000
2021-09-14,22.177318823418137,22.31172704646728,21.98914845054004,22.14446449279785,199755000
2021-09-15,22.211169379062365,22.268915596417685,21.869673111075127,22.24302864074707,166538000
2021-09-16,22.08572320564236,22.179310858145648,21.830845305683194,22.14446449279785,156033000
2021-09-17,22.202208228860844,22.223116047519348,21.734269978657856,21.80396270751953,294503000
2021-09-20,21.05326868093745,21.33901075751113,20.57139190308022,21.020414352416992,349440000
2021-09-21,21.323081688701794,21.33104602969822,20.858130525552628,21.15283203125,204688000
2021-09-22,21.272304527219312,21.86369956738052,21.10304993935593,21.844783782958984,268726000
2021-09-23,22.04291020210144,22.43617848847477,21.79400651183748,22.383411407470703,248555000
2021-09-24,21.973215656561944,22.051869687132683,21.765132553304515,21.984167098999023,217655000
2021-09-27,21.61479577181421,21.70340618527965,21.23148575599836,21.56501579284668,245215000
2021-09-28,21.12097351503002,21.325074477409554,20.560440745183087,20.608230590820312,343069000
2021-09-29,20.848174042522803,20.92483604642628,20.377246777573124,20.42702865600586,218394000
2021-09-30,20.67692268286252,20.97361615381417,20.597273594598946,20.625150680541992,221009000
2021-10-01,20.65900727941029,20.7675285491508,20.11440509795195,20.651042938232425,240978000
2021-10-04,20.414083578048384,20.451917043098803,19.46924581755196,19.645469665527344,345635000
2021-10-05,19.862516117895748,20.557455206159453,19.76693642818016,20.36131858825684,279282000
2021-10-06,20.031767889875287,20.62913516952452,19.991942391773726,20.609224319458008,297202000
2021-10-07,20.999507750816413,21.22850061256001,20.88003503067464,20.98258399963379,256919000
2021-10-08,21.008463306809464,21.11300238305468,20.683892737623648,20.739646911621094,151258000
2021-10-11,20.484773437642136,20.970632383544228,20.42105301751744,20.604246139526367,163388000
2021-10-12,20.736663894521275,20.964659771807728,20.437980218130104,20.580352783203125,162134000
2021-10-13,20.82626587494421,20.8979506288575,20.62216495397024,20.8471736907959,180652000
2021-10-14,21.194646843821843,21.6595979888479,21.029374431188767,21.650638580322266,243589000
2021-10-15,21.714352723357937,21.83482237210731,21.567002955469743,21.7661247253418,226994000
2021-10-18,21.653624540532604,22.19324752272249,21.5490835543678,22.124549865722656,189494000
2021-10-19,22.178310762287506,22.280859708119863,21.940360443621927,22.192251205444336,161473000
2021-10-20,22.207190688688257,22.334629654381736,21.885607120979568,22.00607681274414,146276000
2021-10-21,22.000097295285027,22.61140501643605,21.98615875079242,22.59248733520508,187590000
2021-10-22,22.722917534822606,23.02857050189633,22.462067311679963,22.6263427734375,249384000
2021-10-25,22.87225673076628,23.252581526641404,22.67014782202449,23.06441116333008,230235000
2021-10-26,23.88380383726477,25.14823509331115,23.819088343329533,24.60861015319824,485898000
2021-10-27,24.366678465515687,24.979976430776865,24.175519079784745,24.34377861022949,245990000
2021-10-28,24.768897730147334,24.84058247530801,24.415455039247025,24.831621170043945,234204000
2021-10-29,24.89136187149755,25.596257241681755,24.890366803732874,25.454879760742188,292503000
2021-11-01,25.53652048764444,25.78044501501722,25.11637022153913,25.7137393951416,265740000
2021-11-02,25.708759787654955,26.56100485226317,25.686855006308992,26.285219192504883,294112000
2021-11-03,26.55304424185898,26.666544637188032,26.11995237716791,26.481359481811523,239910000
2021-11-04,27.109598462266224,31.22746140898035,26.99908514654283,29.67032051086425,1153631000
2021-11-05,30.05461467183272,31.262294386463584,29.281021793167827,29.621522903442383,851260000
2021-11-08,30.016790243473928,30.96362011427892,29.775850888827502,30.66891860961914,503101000
2021-11-09,32.140437950177784,32.16831504259849,29.83260209058048,30.52256202697754,646746000
2021-11-10,29.227264049962503,30.71471179449416,28.65179777448314,29.329811096191406,636206000
2021-11-11,30.33438808786717,30.45585281899345,29.64641836808197,30.25672912597656,332172000
2021-11-12,29.87839638802561,30.54545829095262,29.500061751090385,30.25672912597656,413054000
2021-11-15,30.4180228502872,30.50961846828987,29.11874525657836,29.8933334350586,384909000
2021-11-16,29.62849775345381,30.256729228063044,29.57572877826621,30.07054901123047,264484000
2021-11-17,30.284610635448647,30.37521308737603,28.673705838544485,29.1326847076416,428508000
2021-11-18,32.225063319518526,32.616337669436994,31.183648858814088,31.536096572875977,781711000
2021-11-19,32.10160442864808,32.94290005570085,31.765087317217567,32.84035110473633,533867000
2021-11-22,33.37002012110695,34.495065927789035,31.76011228365292,31.81586647033692,754335000
2021-11-23,31.39670967652622,32.21809257052514,30.744581358909567,31.60678482055664,532163000
2021-11-24,31.32303591080457,32.71092196803006,30.79237231019949,32.53071594238281,435162000
2021-11-26,32.457034628286934,32.56655284259445,31.21251827008266,31.36484718322754,283069000
2021-11-29,32.22406422648845,33.26547475913897,31.895509575688923,33.22963333129883,454964000
2021-11-30,33.02353371406536,33.206728683147546,31.724258479576022,32.53269577026367,622066000
2021-12-01,33.077378025602634,33.14707928825368,31.24621570117578,31.300981521606445,484368000
2021-12-02,31.08092593887112,32.33953706228623,30.892730624505155,31.9890365600586,472890000
2021-12-03,31.86357420954996,31.99202585361824,30.00154575602389,30.56214714050293,544325000
2021-12-06,29.752611029224973,30.11207202986678,27.918465014907625,29.90894317626953,658938000
2021-12-07,30.825008513272355,32.3106476090205,30.520311557808466,32.28873825073242,593053000
2021-12-08,31.86257802352817,32.15233775708551,31.28704121438416,31.69031524658203,475551000
2021-12-09,31.598708004869856,32.067702562935565,30.29827610494739,30.36001205444336,488507000
2021-12-10,31.0171948342388,31.171534691574287,29.73369079232253,30.06925392150879,488825000
2021-12-13,30.120032572835907,30.16484078927744,27.99612539256725,28.04093360900879,598344000
2021-12-14,27.58091171127331,28.55573808300357,27.133826502016017,28.2161922454834,667035000
2021-12-15,28.27891988260038,30.369967183258264,27.71931562363803,30.32914161682129,698297000
2021-12-16,31.01918913294205,31.02715444893076,27.97323064778504,28.26597595214844,707366000
2021-12-17,27.86568968811181,28.79869516682683,27.64164857062036,27.68247413635254,713758000
2021-12-20,27.1885860615216,28.02400780392552,27.029268369795737,27.60082054138184,461847000
2021-12-21,28.25303247287371,28.995852308207283,27.284179231128302,28.9510440826416,524385000
2021-12-22,28.767825605381404,29.428994238441074,28.327708710252,29.27465438842773,395184000
2021-12-23,29.628139385489,29.93084413911837,29.305521344818228,29.51362991333008,343022000
2021-12-27,29.53354519901358,30.954461266705604,29.51363001268846,30.813066482543945,403686000
2021-12-28,31.17850909524188,31.196432007116783,29.884050192927987,30.19272994995117,420591000
2021-12-29,30.14393618740853,30.41776338511472,29.24080156083168,29.87309455871582,343139000
2021-12-30,29.699833486975336,30.32714857163771,29.41405834547105,29.459861755371094,308864000
2021-12-31,29.54748750226571,29.901970626455444,29.20594944000827,29.285608291625977,266530000
2022-01-03,29.68788338969948,30.580063175803403,29.658010611876605,29.992578506469727,391547000
2022-01-04,30.147920339641463,30.338106033190847,28.228140493093743,29.165128707885746,527154000
2022-01-05,28.82557789334784,29.290587837147367,27.41561641931234,27.486312866210938,498064000
2022-01-06,27.522162492695948,28.31676073412731,26.949615014905067,28.05786895751953,454186000
2022-01-07,28.02102606266158,28.300828200556737,26.94164598984423,27.130836486816406,409939000
2022-01-10,26.467677335784416,27.351892036172703,25.53467174845164,27.283185958862305,594681000
2022-01-11,27.206507203639685,27.94534423303541,26.7245715023315,27.698400497436523,404089000
2022-01-12,27.94734002561588,28.47308885587238,27.49029726738837,27.87963104248047,383413000
2022-01-13,28.2580102227296,28.35857945767936,26.38502905946852,26.46170234680176,540171000
2022-01-14,26.18787384916408,27.081050909641085,26.09825739628388,26.827136993408203,395832000
2022-01-18,26.14804463261415,26.524433344257982,25.66013390247345,25.79256629943848,424270000
2022-01-19,25.96781525631739,26.42983583830402,24.94519334293258,24.960128784179688,488315000
2022-01-20,25.19611632702869,25.469943474688908,23.97534169050924,24.04703521728516,435181000
2022-01-21,23.40678544732444,24.717175090048293,23.16382617931283,23.27435302734375,718958000
2022-01-24,22.23479865720972,23.280321348926336,20.798947012783948,23.272356033325195,913982000
2022-01-25,22.4498763493336,22.8451850306954,21.906204650379927,22.228822708129883,664616000
2022-01-26,23.140920495841154,23.95443681109553,22.20492747351296,22.674915313720703,755959000
2022-01-27,23.46751957498949,23.892699123335404,21.58258875418974,21.85044288635254,573353000
2022-01-28,21.91815335328116,22.760547192328307,21.205206336859245,22.74262428283692,543774000
2022-01-31,23.083165646073763,24.404509712140047,22.953720720505,24.381607055664062,564680000
2022-02-01,24.996971847725337,25.03779741322022,23.78814690915183,24.532958984375,518925000
2022-02-02,25.684030811068062,25.70693156804896,24.448320550364187,25.13438415527344,543419000
2022-02-03,24.35372156988508,24.9700818979666,23.67861277776421,23.84589576721192,410178000
2022-02-04,23.869794196918324,24.529967566747224,23.531243653456503,24.215314865112305,354829000
2022-02-07,24.26809074710168,25.074636814466327,24.098815458966705,24.622573852539062,376868000
2022-02-08,24.255148284706152,25.122435194530546,23.877764383475125,25.00095558166504,410359000
2022-02-09,25.51275986295692,26.61105783985489,25.24490764594495,26.591142654418945,524282000
2022-02-10,25.88417198762704,26.81020536713915,25.49085560163504,25.71389961242676,513200000
2022-02-11,25.80551006541594,26.04050396356473,23.671646883125344,23.846895217895508,605472000
2022-02-14,23.8319650651348,24.76895339756346,23.65372732350501,24.163545608520508,440424000
2022-02-15,24.842631726431065,26.431828001236315,24.67833617578049,26.382041931152344,699869000
2022-02-16,26.147049472381745,26.468672364813905,25.44306293139375,26.397974014282227,732676000
2022-02-17,25.5207287378447,25.675068597680315,24.06197633665846,24.402517318725582,810595000
2022-02-18,24.56283323835121,24.879478312587725,23.00151913502133,23.54120826721192,761255000
2022-02-22,22.93679145884349,23.961403708378384,22.90194083125501,23.2902774810791,633422000
2022-02-23,23.700521640999543,24.05201728473181,22.20592161177353,22.291553497314453,566511000
2022-02-24,20.92540691455172,23.69853357439684,20.800939822460943,23.64675521850586,735801000
2022-02-25,23.61986278901551,24.113746411470355,23.281312275754185,24.05400276184082,528866000
2022-02-28,23.889716009396203,24.559847157502983,23.60593119558958,24.28104019165039,477319000
2022-03-01,24.18744196343962,24.273075765282154,23.03338266539321,23.37691116333008,412056000
2022-03-02,23.658752163102065,24.309078898961875,23.31914848717471,24.12085151672364,389642000
2022-03-03,24.162673555504384,24.22641262648791,23.37292072724898,23.616918563842773,365095000
2022-03-04,23.288269861512525,23.583057606711368,22.389962101255723,22.842103958129883,431415000
2022-03-07,22.723594140609173,22.938711412053262,21.24268191605436,21.264591217041016,450821000
2022-03-08,21.22177117830841,22.28141485146768,20.565468413477934,21.425931930541992,557467000
2022-03-09,22.29535428239108,23.124944442804253,22.15592800317561,22.919788360595703,492742000
2022-03-10,22.43876567263354,22.694713569217846,21.792422296882368,22.56524658203125,428066000
2022-03-11,22.92775964428348,23.050257242404445,21.95575503185189,22.00953483581543,367209000
2022-03-14,21.7794765189099,22.170867384126904,21.072383887534045,21.24268341064453,385354000
2022-03-15,21.42990862446335,22.943686459312385,21.23471186606526,22.878952026367188,491996000
2022-03-16,23.40379845485764,24.49630780642733,23.07714206419368,24.395721435546875,671422000
2022-03-17,24.021260266549067,24.74030282145656,23.808135623978337,24.66461563110352,471941000
2022-03-18,24.69747741085638,26.460231824316143,24.523194587296928,26.34470558166504,730719000
2022-03-21,26.398491268211867,27.04085136071084,25.86070089322461,26.624561309814453,591727000
2022-03-22,26.61759056442038,27.126500332939813,25.96527306543668,26.415422439575195,547007000
2022-03-23,26.019048781115384,26.50305932852309,25.47030568855705,25.5290641784668,502120000
2022-03-24,26.058884112048176,28.20406557257612,25.80094361026962,28.034761428833008,877379000
2022-03-25,27.77184031036565,28.241908164028267,27.15935821789396,27.57863426208496,579016000
2022-03-28,27.642375427784486,28.13435261705009,27.094625830029123,28.103479385375977,425494000
2022-03-29,28.577534291228154,28.82750625447176,27.86546105212304,28.538694381713867,488984000
2022-03-30,28.1881336104468,28.37934706350977,27.390412047597884,27.57664680480957,463487000
2022-03-31,27.668267123207887,28.13235904221387,27.15836398762896,27.174297332763672,523440000
2022-04-01,27.26293568960486,27.383440643848896,26.15947167732759,26.602649688720703,517235000
2022-04-04,26.61858452561167,27.44518668797612,26.5040555277616,27.247997283935547,397120000
2022-04-05,27.142430269538742,27.207164711525586,25.714300606563835,25.824846267700195,436615000
2022-04-06,24.83192419404275,25.196425073376112,23.904735802768805,24.30708122253418,703833000
2022-04-07,24.340946042246006,24.62079585137253,23.38188892172956,24.10890007019043,557992000
2022-04-08,23.81909630981873,23.825072265677427,22.9675966820522,23.02436256408692,524781000
2022-04-11,22.12306125571871,22.228626311058377,21.57132836419141,21.8272762298584,575207000
2022-04-12,22.44473805178245,22.63196813858445,21.1948747421812,21.415966033935547,662258000
2022-04-13,21.639056091469325,22.40789523644749,21.36717291503975,22.112110137939453,516943000
2022-04-14,22.41286352360944,22.683751214842136,21.07635862395391,21.17096900939941,569097000
2022-04-18,21.11321686486749,21.9975803526132,20.99271189931129,21.693830490112305,525701000
2022-04-19,21.631084290617952,22.28141098710985,21.22674619346301,22.107128143310547,512781000
2022-04-20,22.42482103543778,22.57719456880331,21.11321307776146,21.394058227539062,468974000
2022-04-21,21.620128118741523,22.30033264038632,19.918124725646763,20.10037612915039,656209000
2022-04-22,20.21988036414399,20.402131736554576,19.420168294323013,19.43510627746582,624713000
2022-04-25,19.12339284572606,19.863351272784342,19.01782777863427,19.820528030395508,641566000
2022-04-26,19.637281368701824,19.70699450767461,18.593571203547693,18.711088180541992,653143000
2022-04-27,18.521866304544144,19.08853727407493,18.215128478854176,18.33961677551269,499460000
2022-04-28,18.88935323961421,19.95497454179809,18.41430666409017,19.701017379760746,570327000
2022-04-29,19.3225724947239,20.045600227897243,18.44119528083608,18.47107315063477,500435000
2022-05-02,18.46509951842047,19.493869793767686,18.315713949725147,19.453039169311523,572049000
2022-05-03,19.320580585935083,19.74384187568424,19.0546734235437,19.521753311157227,475751000
2022-05-04,19.84144231861461,20.316488927908352,18.67423920836695,20.25075912475586,648855000
2022-05-05,19.785667939358376,19.843429158431288,18.424263663115507,18.766855239868164,626331000
2022-05-06,18.659301905995807,19.43212432615293,17.916355461387795,18.59855079650879,633297000
2022-05-09,17.960173412210224,18.180267458938104,16.75811385880719,16.880611419677734,644455000
2022-05-10,17.61658141745641,18.12349837536046,16.955300236459934,17.522966384887695,761474000
2022-05-11,17.27598789699067,17.680326019393185,16.500177504520302,16.561922073364258,670167000
2022-05-12,16.152604222388675,16.719275153017346,15.503273835867764,16.108783721923828,708728000
2022-05-13,16.71927505834853,17.854607631651785,16.525073633919344,17.633516311645508,670437000
2022-05-16,17.437324838562272,17.71518203809066,17.035974706114335,17.193326950073242,521446000
2022-05-17,18.000007771051944,18.29579278898957,17.561810417904773,18.10258674621582,585830000
2022-05-18,17.632524260224322,18.04383374535337,16.794967300527965,16.868663787841797,545161000
2022-05-19,16.867665016255632,17.614594729725628,16.665495022322716,17.05389976501465,621310000
2022-05-20,17.26104666528793,17.338726466049714,15.690502001783669,16.62565803527832,739105000
2022-05-23,16.20738076943158,16.845757510491026,16.112770346149613,16.828826904296875,639889000
2022-05-24,16.442409283517915,16.52905300438988,15.71539736561761,16.087865829467773,588550000
2022-05-25,15.954421301148022,17.040954810049584,15.934502716862164,16.9055118560791,781132000
2022-05-26,15.970351364556697,18.017934299435986,15.95640873833212,17.777921676635742,996575000
2022-05-27,18.111553959995263,18.80370857918977,18.02590557198039,18.73399543762207,738379000
2022-05-31,18.90230363994508,19.12140427088213,18.27488342303617,18.59556579589844,664100000
2022-06-01,18.64734816521392,18.97499986864279,18.047811461986903,18.2450008392334,544514000
2022-06-02,18.21711762991746,19.53868493920684,18.123502575652576,19.511795043945312,648656000
2022-06-03,19.003887309829665,19.25286391841899,18.446178338920216,18.643367767333984,598779000
2022-06-06,19.06065056239769,19.25783996366541,18.488003681659272,18.709095001220703,422406000
2022-06-07,18.396382141540013,18.92222057056187,18.11354434422296,18.84852409362793,388914000
2022-06-08,18.72599710190359,19.10551807067453,18.463022361325056,18.575584411621094,363252000
2022-06-09,18.40923586335072,18.859480331996103,17.970943930182248,17.977916717529297,395574000
2022-06-10,17.531655320031188,17.628278767149297,16.803493073192044,16.9080867767334,465248000
2022-06-13,15.9378697072585,16.248658440141707,15.54539961251888,15.586240768432615,604153000
2022-06-14,15.669911913017131,16.003611048891642,15.352150439310131,15.77450466156006,469680000
2022-06-15,16.032500272176392,16.80249932387109,15.864156848634645,16.46282386779785,563936000
2022-06-16,15.79841271116568,15.88009502147224,15.341195447240926,15.54041862487793,545749000
2022-06-17,15.58723607667354,15.932888741748643,15.268478991865372,15.81833553314209,630334000
2022-06-21,16.41102839784153,16.94195781559774,16.34329164963761,16.50167465209961,483089000
2022-06-22,16.162994005831898,16.597301831379568,16.11717309578013,16.29647445678711,437135000
2022-06-23,16.454853928901507,16.520597628121397,15.791440668578582,16.161996841430664,463680000
2022-06-24,16.435929188204064,17.07344340934076,16.24666644132576,17.059497833251953,472153000
2022-06-27,17.244775982546706,17.26270573709096,16.561438970901577,16.803495407104492,427968000
2022-06-28,16.83437454206532,17.135201879170452,15.883083017438071,15.919939994812012,461149000
2022-06-29,15.75259060872574,15.758566876112974,15.111091360585093,15.481646537780762,482352000
2022-06-30,15.301351073584014,15.506551472546048,14.804289165625038,15.100135803222656,686070000
2022-07-01,14.84114455708728,15.004507273555731,14.336113363533372,14.466604232788086,577610000
2022-07-05,14.11995661407491,14.912865159719471,14.000422705433715,14.905892372131348,651397000
2022-07-06,14.951712254279894,15.259512337175808,14.731569789510388,15.071246147155762,529066000
2022-07-07,15.395981666093258,15.883082152996206,15.329241452564782,15.796420097351074,492903000
2022-07-08,15.37008313178978,15.974726402731946,15.329241976596508,15.776498794555664,467972000
2022-07-11,15.465709825855996,15.466706345467305,14.97960489954158,15.093162536621094,437321000
2022-07-12,15.208709354081796,15.37107648181063,14.819227931417547,15.023431777954102,458483000
2022-07-13,14.53334264284129,15.315294091621414,14.408828056730547,15.10511302947998,521918000
2022-07-14,15.049333517821209,15.412915948428,14.670808992131684,15.312308311462402,456235000
2022-07-15,15.598192598861097,15.72071415365687,15.385022914971692,15.70079231262207,385935000
2022-07-18,16.23869663998441,16.83138547101321,15.939862350377403,16.038476943969727,670517000
2022-07-19,16.421982128219415,17.0435595776271,16.109202264221235,16.92601776123047,702366000
2022-07-20,16.88119289080597,17.86336417339984,16.735759920763662,17.737852096557617,760538000
2022-07-21,17.815549700814543,18.073542834559365,17.476869827222348,17.979907989501953,557049000
2022-07-22,17.823515612161977,17.897227654554197,17.070450876572462,17.251745223999023,536671000
2022-07-25,16.95291172337914,17.057505436276674,16.584349553933702,16.95789337158203,480748000
2022-07-26,16.823414211540268,16.85329839532214,16.414010963419933,16.46879768371582,397865000
2022-07-27,16.965860804114296,17.86635161594308,16.84732342255859,17.720918655395508,569776000
2022-07-28,17.90519966314176,18.069557945364984,17.372277332995978,17.91416358947754,474646000
2022-07-29,17.74383263823749,18.173158841179603,17.62330218707429,18.09247398376465,435460000
2022-08-01,18.111395452950937,18.77281848869698,17.920141583548578,18.3693904876709,476469000
2022-08-02,18.051629067336524,18.864460391381805,18.02174487823808,18.45405960083008,489527000
2022-08-03,18.113388905855142,18.89434491533446,18.06657053209872,18.81963539123535,418146000
2022-08-04,18.77580669644715,19.199155581116848,18.68715160109545,19.140384674072266,409652000
2022-08-05,18.73695646403008,19.154330026144063,18.59351654169447,18.91526222229004,386068000
2022-08-08,17.43403710855411,18.16817470669045,17.175046511530418,17.723905563354492,981859000
2022-08-09,17.18500523413819,17.379247676702683,16.659055765062003,17.019649505615234,668263000
2022-08-10,17.629275000459376,18.04764413055042,17.24975398460474,18.02672576904297,597422000
2022-08-11,18.06059303930121,18.634356491462075,17.80658220790549,17.872325897216797,509327000
2022-08-12,18.08947896616097,18.645312642416616,17.883282081436935,18.6363468170166,478094000
2022-08-15,18.62838336929725,19.0895848654129,18.54072573092658,18.958097457885746,457666000
2022-08-16,18.846531923284925,19.067669997846224,18.429158316805072,18.80569076538086,451240000
2022-08-17,18.451071242381392,18.615429517874343,18.074538853147352,18.2637996673584,446799000
2022-08-18,18.229932730472253,18.79174174116326,18.112390926823224,18.70009994506836,415447000
2022-08-19,18.33452409224492,18.448081715081848,17.700994191090388,17.779687881469727,441588000
2022-08-22,17.422084130919913,17.4898208696324,16.90011871477872,16.96785545349121,409593000
2022-08-23,16.923028743581053,17.397180176245477,16.904101521089547,17.114282608032227,369986000
2022-08-24,16.94593725189229,17.338408253803493,16.829392914726995,17.155122756958008,522661000
2022-08-25,16.778593660983034,17.87731128814007,16.767636693793882,17.843442916870117,770691000
2022-08-26,17.787658007376972,17.85439727044476,16.173947959014292,16.19685935974121,769127000
2022-08-29,15.957789648026925,16.27455364227297,15.70577186993532,15.739639282226562,496132000
2022-08-30,15.898023253937998,15.97671599783805,15.12304454959439,15.407934188842772,530181000
2022-08-31,15.324260876966456,15.479655236596056,14.900911041431533,15.03538703918457,573710000
2022-09-01,14.153822371676808,14.324158812735067,13.21846957505842,13.882879257202148,1178865000
2022-09-02,14.045245555065192,14.1159689881062,13.538221390235462,13.59400463104248,743157000
2022-09-06,13.677681863167813,13.725495811423045,13.299157306070324,13.412714958190918,535751000
2022-09-07,13.51434705091727,13.788361151575964,13.298125457424504,13.66480541229248,512657000
2022-09-08,13.410720161896329,13.957751553071784,13.321043803751946,13.939815521240234,624873000
2022-09-09,14.10621466793855,14.422077892391746,14.07532668659429,14.335390090942385,486612000
2022-09-12,14.317455823482035,14.49481679850031,14.14706875733756,14.452967643737791,484159000
2022-09-13,13.752491137425125,13.87206057353365,13.052012787776295,13.083897590637209,714956000
2022-09-14,13.20645432739914,13.242325437341442,12.866677974239868,13.080906867980955,588507000
2022-09-15,12.968313711994472,13.185531175680374,12.74412043844494,12.88262176513672,523625000
2022-09-16,12.696292115324688,13.16460641916656,12.571740509534544,13.150656700134276,670751000
2022-09-19,12.96532505837295,13.414707500219304,12.963332376962292,13.33399772644043,569685000
2022-09-20,13.167598066333928,13.434636403059908,13.01016481850967,13.128737449645996,524818000
2022-09-21,13.165602253694058,13.980667741595738,13.062971099601787,13.21342945098877,807679000
2022-09-22,13.0231145909362,13.101831671038129,12.383418345633109,12.51594066619873,759162000
2022-09-23,12.37544641823802,12.565761238087395,12.21303103372741,12.471101760864258,663309000
2022-09-26,12.44619443896498,12.613592036444986,12.17018762375814,12.184137344360352,547343000
2022-09-27,12.462135725855696,12.690314364148412,12.21402932430884,12.368473052978516,553854000
2022-09-28,12.365483486484552,12.777002105621296,12.309684609382174,12.690314292907717,542414000
2022-09-29,12.403348375701784,12.4551618947963,11.903149218445288,12.176166534423828,532763000
2022-09-30,12.043642606978148,12.587684528904116,12.03168556856468,12.09545612335205,565638000
2022-10-03,12.302708290891008,12.632521236553906,12.061575828714862,12.467116355895996,547478000
2022-10-04,12.832800195456576,13.172577516081788,12.832800195456576,13.11976718902588,584182000
2022-10-05,12.864684994243332,13.273214061069236,12.57572534086014,13.161615371704102,507131000
2022-10-06,13.172578310658013,13.60701418955063,13.055997427970787,13.082901000976562,644157000
2022-10-07,12.460142467451544,12.624550545260242,11.978875271525473,12.032681465148926,672478000
2022-10-10,11.993818750562577,12.080506544532378,11.36707548368734,11.628135681152344,698699000
2022-10-11,11.519527473651838,11.803504950434313,11.242524855590249,11.544438362121582,667482000
2022-10-12,11.537463990629318,11.692903570079896,11.304303196073544,11.458746910095217,492590000
2022-10-13,10.931646265654487,12.034675758311112,10.774213026112694,11.917098999023438,850103000
2022-10-14,12.013748081279,12.06755426824253,11.16380836002219,11.186725616455078,713432000
2022-10-17,11.476680559836852,11.905138303672846,11.475684694532076,11.84535312652588,580774000
2022-10-18,12.299719755620746,12.44718861782601,11.576324213052954,11.924072265625,659362000
2022-10-19,11.83638760168255,12.305698708951445,11.791548948755544,12.007770538330078,523131000
2022-10-20,12.06954640498869,12.723193243429106,12.06157473125038,12.150256156921388,652398000
2022-10-21,12.054601866532238,12.453167564548195,11.844359270919773,12.421281814575195,609494000
2022-10-24,12.46313123131559,12.664406275262714,12.02072372059677,12.553804397583008,517457000
2022-10-25,12.648463971781274,13.252290058434822,12.618570904437153,13.21342945098877,505482000
2022-10-26,12.822838357636291,13.339975768369426,12.662415625938277,12.849740982055664,532953000
2022-10-27,13.58110942707004,13.788363515396354,13.074931245984896,13.128737449645996,583113000
2022-10-28,13.056994256397354,13.800318541551777,13.014148282801942,13.784375190734863,521040000
2022-10-31,13.728574769253589,13.78835995245815,13.24930028897117,13.448582649230955,486341000
2022-11-01,13.76145835762532,13.875049746891053,13.470505974860512,13.494420051574709,432817000
2022-11-02,13.800317291584546,14.159025547914592,13.16360959020308,13.17158031463623,672628000
2022-11-03,12.99621185480263,13.731564388380816,12.909524051073214,13.372855186462402,500065000
2022-11-04,13.935830529915377,14.177958888937177,13.64786669971802,14.105220794677734,612576000
2022-11-07,14.1769615012651,14.360301478064772,13.903945167549931,14.249699592590332,410061000
2022-11-08,14.74790715863396,14.837584472787446,14.165005566889713,14.54962158203125,595292000
2022-11-09,14.111197542274558,14.160022506058544,13.70964331218987,13.726582527160645,454414000
2022-11-10,14.746909510215898,15.7164187310241,14.49481681539553,15.693501472473145,700819000
2022-11-11,15.750300264782156,16.33021240348013,15.426466233654237,16.268434524536133,655487000
2022-11-14,16.159822116780518,16.480667518589406,15.86488346883968,16.23654556274414,527852000
2022-11-15,16.66201530534491,16.93702431634431,16.323234794348377,16.606216430664062,545876000
2022-11-16,16.104023066019995,16.303304470107243,15.816059280039113,15.85292625427246,649547000
2022-11-17,15.65862661617727,16.20765063781741,15.479272015975033,15.620762825012209,710894000
2022-11-18,15.90872657967121,15.944598642065296,15.065761621009438,15.35372543334961,492072000
2022-11-21,15.092666086419095,15.421482258214429,15.025906036280436,15.262056350708008,404739000
2022-11-22,15.273016528487188,16.0003984171812,15.067755150531775,15.980469703674316,472866000
2022-11-23,16.040254147784076,16.46771612556409,15.99043426388969,16.45974349975586,427241000
2022-11-25,16.259465648152826,16.427858142364496,16.11398946353445,16.211637496948242,167934000
2022-11-28,15.968510119436203,16.298324023340506,15.668591183311175,15.770224571228027,303741000
2022-11-29,15.770224418844656,15.874848252781751,15.464326492119582,15.58289909362793,298384000
2022-11-30,15.644692293883454,16.873584309435355,15.54502609510109,16.866607666015625,565298000
2022-12-01,16.942353455622023,17.207465887298017,16.579566121809616,17.077899932861328,470977000
2022-12-02,16.603489123219873,16.876576265200864,16.390201516412013,16.819765090942383,371389000
2022-12-05,16.623419660375163,16.938366605030453,16.417108738331706,16.554649353027344,352255000
2022-12-06,16.474919041618143,16.51777502605684,15.766287810992363,15.933728218078612,352694000
2022-12-07,15.719445161170468,16.132066147916248,15.6147945458631,16.066286087036133,372388000
2022-12-08,16.218773657752436,17.121754700808335,15.905818930591323,17.111787796020508,515456000
2022-12-09,17.102817944678048,17.524408725344184,16.91843494852363,16.944347381591797,465338000
2022-12-12,16.9802285062354,17.47955848372448,16.741028482869503,17.4765682220459,457328000
2022-12-13,18.469249909930564,18.72738762856205,17.651982672461422,18.01177978515625,656589000
2022-12-14,17.927063332040404,18.19118159319031,17.361953248979066,17.6151065826416,496888000
2022-12-15,17.08886734621949,17.26228734409324,16.64435432424313,16.8955135345459,478542000
2022-12-16,16.80780430040909,16.98421452775994,16.355316696171542,16.515779495239258,478232000
2022-12-19,16.51677591008969,16.553651364106894,16.09119880078537,16.1998348236084,354039000
2022-12-20,16.01047265280894,16.25565325018952,15.799180110626692,16.031402587890625,403260000
2022-12-21,16.060302979691098,16.571593975514052,16.04834193364069,16.446012496948242,325025000
2022-12-22,16.040369896727526,16.084223899243984,14.832408745526728,15.287885665893556,565045000
2022-12-23,15.145362798947778,15.287885933378956,14.833406075775102,15.155329704284668,349326000
2022-12-27,15.023768425094325,15.049681806653776,14.00916016265008,14.073944091796877,464902000
2022-12-28,13.88059315527946,14.214476922152242,13.837736217329413,13.989230155944824,351066000
2022-12-29,14.354008980352376,14.634071797044276,14.179591938632296,14.554338455200195,354923000
2022-12-30,14.286236129267657,14.580253211433105,14.18557284700013,14.565303802490234,310490000
2023-01-03,14.801511884285,14.9460291574028,14.049027654749226,14.267297744750977,401277000
2023-01-04,14.518461136981063,14.803507446014844,14.1935472009812,14.699853897094728,431324000
2023-01-05,14.442711169863427,14.51546786308668,14.1008537534333,14.217464447021484,389168000
2023-01-06,14.42576814608272,14.959982279736408,13.987234779976571,14.80948543548584,405044000
2023-01-09,15.233071281819589,16.00249819636459,15.09054718354253,15.57592487335205,504231000
2023-01-10,15.455327619136956,15.908811394296473,15.42044439804722,15.85598850250244,384101000
2023-01-11,15.787216717511935,15.97458997371224,15.511139335336974,15.94767951965332,353285000
2023-01-12,16.046348710283624,16.581557963434708,15.440374057820266,16.455978393554688,551409000
2023-01-13,16.223754839739726,16.865609768709138,16.111132436686006,16.84268569946289,447287000
2023-01-17,16.842691082523842,17.66892924665794,16.842691082523842,17.643014907836914,511102000
2023-01-18,17.608130198283973,17.813443145734695,17.224412859359354,17.3190975189209,439624000
2023-01-19,16.979229999863364,17.139694698743703,16.675247952454153,16.70913314819336,452932000
2023-01-20,16.954312559037017,17.79649791430325,16.768933461540048,17.77955436706543,564967000
2023-01-23,18.003802360832424,19.18086843158552,17.758623747963394,19.12904167175293,655163000
2023-01-24,18.764261688305943,19.430036855773828,18.75728504510627,19.200801849365234,496204000
2023-01-25,18.84997990374146,19.30545785930098,18.518089313986763,19.25861358642578,449537000
2023-01-26,19.63535014424876,20.0988007667648,19.21375938172845,19.736013412475582,489535000
2023-01-27,19.397149193004687,20.55926424729607,19.34033991753121,20.29714012145996,542142000
2023-01-30,19.883520664577752,20.072886152093297,19.08618539248616,19.09814643859864,488611000
2023-01-31,19.10612325168674,19.621400741085875,18.886857003407727,19.471900939941406,498017000
2023-02-01,19.625387611698173,21.121385582722432,19.54565425570537,20.87321662902832,660477000
2023-02-02,20.93002440394146,21.87586158032404,20.631024815710933,21.636661529541016,564276000
2023-02-03,20.93002073586232,21.67253897459517,20.719723419819307,21.029687881469727,429366000
2023-02-06,20.736666558099405,21.49812056995292,20.716732749173072,21.01872444152832,452197000
2023-02-07,21.310748940899305,22.18482732843009,21.079521682439,22.09911346435547,664150000
2023-02-08,22.31240089472821,22.801765903840348,21.934664092168923,22.13100814819336,559651000
2023-02-09,22.530672149758068,22.94329215898565,22.046291560362647,22.2625675201416,523876000
2023-02-10,21.6177263681031,22.00443208259321,20.74165561004205,21.194141387939453,550737000
2023-02-13,21.46622806000305,21.974528792175903,20.892147277807663,21.715394973754883,474919000
2023-02-14,21.50609168201181,22.97219032881204,21.294798266195475,22.894451141357425,675474000
2023-02-15,22.47385907538401,22.778839139042542,22.032336407803555,22.68814277648925,420575000
2023-02-16,22.05924824222853,22.47485853992091,21.85393529520588,21.928686141967773,412026000
2023-02-17,21.5589207949287,21.66755683538447,20.905106608670906,21.31673049926757,465888000
2023-02-21,20.930021777294268,21.422375105842487,20.54929474490413,20.58617210388184,410015000
2023-02-22,20.6380006960692,21.03367717070481,20.3529525061691,20.68484306335449,513184000
2023-02-23,23.36188767259368,23.808394684941764,22.94826973096921,23.585140228271484,1117995000
2023-02-24,23.147605083288227,23.395775859883635,22.870531615825424,23.20840072631836,589716000
2023-02-27,23.59112115652379,23.80042043107323,23.375841359560795,23.422683715820312,452994000
2023-02-28,23.294117844928124,23.745609343959064,23.1286706373406,23.13863754272461,455963000
2023-03-01,23.114717384744207,23.1785051990992,22.43299664359423,22.622364044189453,460026000
2023-03-02,22.41306509052485,23.302091014748385,22.35725003920354,23.236310958862305,389415000
2023-03-03,23.242286470386045,23.82035356112319,23.052919107612297,23.810386657714844,412393000
2023-03-06,23.811388454961868,24.16719726800564,23.408733477576387,23.47551155090332,437429000
2023-03-07,23.52535169548433,24.04869069829288,23.16748608515548,23.214338302612305,515154000
2023-03-08,23.412711812029624,24.12345789128584,23.349911350313405,24.104516983032227,513573000
2023-03-09,24.09853461535305,24.37665338080257,23.309039864365545,23.361873626708984,501257000
2023-03-10,23.334958480231546,23.55226936391661,22.654118224508185,22.89236259460449,474866000
2023-03-13,22.68003631343901,23.22430884591129,22.22647555282617,22.89335823059082,421890000
2023-03-14,23.421682859195705,24.14239559716936,23.385795524923413,23.986888885498047,474910000
2023-03-15,23.68584335577549,24.209182394285897,23.28611265137336,24.1513671875,524486000
2023-03-16,23.95100343205416,25.507064935559395,23.818422785484607,25.460214614868164,583253000
2023-03-17,25.8998161213944,26.31549691711218,25.58680826166632,25.64362907409668,848547000
2023-03-20,25.533978703666488,25.94168541899632,25.05051216583168,25.818077087402344,432747000
2023-03-21,26.097193730071265,26.30852307379936,25.30072115664496,26.11613273620605,547408000
2023-03-22,26.341414093559983,27.501733695308825,26.154009031774457,26.38427925109864,797295000
2023-03-23,27.02923780216144,27.41202402520212,26.60558279418749,27.10499763488769,564889000
2023-03-24,26.94550345009309,27.081072974576987,26.27164098570789,26.694299697875977,454920000
2023-03-27,26.75211439742049,26.91459893449874,26.28160721288135,26.44708251953125,361026000
2023-03-28,26.3633511405878,26.42914237361527,25.768239273478084,26.32646751403809,356104000
2023-03-29,26.740157428680025,26.99235558601917,26.51287791862298,26.898653030395508,393694000
2023-03-30,27.1428706983117,27.41201710430984,27.01627161211816,27.29638290405273,364516000
2023-03-31,27.054154149877142,27.745959234891043,27.01926500881584,27.68914031982422,433933000
2023-04-03,27.421984182587984,27.91143027343188,27.2495310823385,27.876541137695312,398716000
2023-04-04,27.87754108368073,27.91143393464644,27.22062515381667,27.36616325378418,368592000
2023-04-05,26.74413916410164,26.91260333198188,26.311511909986283,26.795974731445312,515015000
2023-04-06,26.49991459021249,26.994346033960124,26.34341159102696,26.95148277282715,397654000
2023-04-10,26.738156744869016,27.53363294419949,26.58464452796212,27.49176597595215,395279000
2023-04-11,27.636311817588748,27.70210304890554,27.04020177514745,27.083066940307617,314378000
2023-04-12,27.28342808388289,27.38111767882253,26.36434353627186,26.411195755004883,446259000
2023-04-13,26.64943999609316,26.80195593760321,26.24572222212685,26.379297256469727,353615000
2023-04-14,26.42016454447449,26.797965435367647,26.137062473302613,26.67336082458496,395660000
2023-04-17,26.48097550768948,26.920580610646343,26.349393053761112,26.916593551635746,321471000
2023-04-18,27.445915621619545,28.02109026862938,27.270471706452536,27.579490661621094,604812000
2023-04-19,27.27445837205017,27.91143718116391,27.14586668260837,27.84265518188477,358660000
2023-04-20,27.583476516154896,27.94134215983428,26.91459935193496,27.01827049255371,427713000
2023-04-21,26.866752496922075,27.097022758549475,26.63748042610604,27.03322410583496,345103000
2023-04-24,26.92756288092003,27.27944513842349,26.586643611517285,26.95647048950196,339282000
2023-04-25,26.992355440703715,27.160821542530662,26.14205461500832,26.158002853393555,378527000
2023-04-26,26.916596827995807,27.24355852245224,26.62053531996173,26.87074089050293,406337000
2023-04-27,27.27645073990056,27.40803318885761,26.54078419274128,27.13988304138184,377161000
2023-04-28,27.13889108167587,27.67020431051468,26.98537693252425,27.66123390197754,292216000
2023-05-01,27.751942445275365,28.96609033128575,27.692132757184343,28.81855773925781,570329000
2023-05-02,28.58928602409841,28.74479273603856,27.99417420175964,28.12077140808105,402730000
2023-05-03,27.75193973878234,28.27727321647942,27.38510372531901,27.71405982971192,383387000
2023-05-04,27.56354029371081,27.77088258227608,27.15384096655844,27.474822998046875,321850000
2023-05-05,27.73798787503542,28.664048441913906,27.643289040070503,28.58928680419922,361494000
2023-05-08,28.43178384704761,29.127576016939173,28.260328904734493,29.058794021606445,344979000
2023-05-09,28.80759445039676,28.881359799846795,28.360015202328924,28.48063087463379,314869000
2023-05-10,28.9132576098521,29.020917714127965,28.37097953587767,28.79363822937012,369350000
2023-05-11,28.80460292458763,28.858432976365187,28.15665923092003,28.487607955932617,322149000
2023-05-12,28.43875993883251,28.68896736052221,27.957287902221463,28.25035858154297,274222000
2023-05-15,28.41783316796742,28.8773755396498,28.06296014304353,28.86142539978028,293926000
2023-05-16,28.74977474396364,29.775521221274,28.740804336785136,29.12059783935547,449405000
2023-05-17,29.49042332813896,30.103477811017896,29.336911110410703,30.082544326782227,432535000
2023-05-18,30.31381366494329,31.72732783100953,30.224098180923058,31.57780265808105,748725000
2023-05-19,31.43625056372688,31.48011201484415,30.818212695710137,31.165111541748047,473908000
2023-05-22,30.803258976791746,31.420302459294863,30.58295923350616,31.077390670776367,372000000
2023-05-23,30.9019443296342,31.18903346729931,30.53411202557799,30.590930938720703,356253000
2023-05-24,30.114444604983657,30.510190153140588,29.71172312962193,30.44140815734864,721419000
2023-05-25,38.40115270166248,39.35512649385782,36.519123854187846,37.85987091064453,1543911000
2023-05-26,37.77015525878446,39.04610546738504,37.43123050929599,38.82281494140625,714397000
2023-05-30,40.466605006926684,41.80535579835146,39.82264830428926,39.984134674072266,923401000
2023-05-31,39.36309641035941,40.1675430373075,37.70236568816468,37.71432876586914,1002580000
2023-06-01,38.367260487804366,39.92332397878751,38.21873349805514,39.64421081542969,635873000
2023-06-02,39.97017888390724,40.37190412923741,38.93446363628232,39.202613830566406,482731000
2023-06-05,38.78592776216399,39.43985101130171,38.584567040791214,39.04710006713867,396094000
2023-06-06,38.70718026277856,39.03613447609746,38.02733445700801,38.531734466552734,388729000
2023-06-07,38.79592881153469,39.37814152348152,37.241697122376735,37.36033248901367,511998000
2023-06-08,37.60856808894223,38.745079216522015,37.39024024122493,38.39216232299805,417772000
2023-06-09,38.917560006835146,39.58949760377296,38.44900061862496,38.6513786315918,427717000
2023-06-12,39.08005597622932,39.40904425940009,38.49983605891858,39.36119079589844,388701000
2023-06-13,40.06303627009223,40.975237387752834,39.61840183082128,40.89647674560547,613208000
2023-06-14,40.699085309650826,42.86842573144824,40.427914429279454,42.86543655395508,740465000
2023-06-15,42.471645001516485,43.15654315104166,42.01803541267758,42.52248764038086,568622000
2023-06-16,43.3170509163846,43.587221609742976,42.53046366608263,42.561370849609375,655709000
2023-06-20,42.86643489919533,43.85540013452972,42.54342497305457,43.673954010009766,451153000
2023-06-21,43.36789797033513,43.48155138164349,41.9512482252179,42.91329193115234,551603000
2023-06-22,42.12371153008249,43.29312268887753,42.10477246580242,42.89335250854492,417737000
2023-06-23,42.33407006327904,42.678011851996246,41.886442597723466,42.07984924316406,358140000
2023-06-26,42.33107342513513,42.633147684220695,39.97729771593512,40.50767135620117,594322000
2023-06-27,40.6741670319384,41.811674756586335,40.32424305595563,41.74787139892578,462175000
2023-06-28,40.53558567810239,41.716961105450416,40.39402188289312,40.991188049316406,582639000
2023-06-29,41.430842057083,41.4727133655292,40.475773103828736,40.69709396362305,380514000
2023-06-30,41.55246701356272,42.419803905460185,41.3740138694354,42.17256164550781,501148000
2023-07-03,42.38690406882019,42.76673879586181,42.07286928017555,42.28322219848633,198209000
2023-07-05,42.00606914984757,43.04488054432272,41.95622290579701,42.18751525878906,323618000
2023-07-06,41.71596052713125,42.04993452563393,41.219483295168246,41.97416687011719,303582000
2023-07-07,42.19249416309544,43.0817667609672,42.050930383889,42.37294006347656,355881000
2023-07-10,42.52647159560561,42.67999968816802,41.52155283823929,42.05093002319336,353908000
2023-07-11,42.35100950902143,42.6271623304336,41.938278668558176,42.27524185180664,298244000
2023-07-12,42.90132167106193,43.80056201279962,42.64610450369037,43.76766204833984,481277000
2023-07-13,44.38178733353437,46.01377574434192,44.3558659136162,45.83632278442383,478204000
2023-07-14,46.44046575236375,47.94086182574558,44.92212700668265,45.32987594604492,772075000
2023-07-17,46.147369222609534,46.3537327838852,45.1235111481618,46.31884002685547,510488000
2023-07-18,46.55809446661066,47.74943744480596,45.59405444397255,47.34866714477539,569164000
2023-07-19,47.31876976791527,47.67168668562745,46.598978830711765,46.932952880859375,427502000
2023-07-20,46.36469771901338,46.94292485881967,44.92411943835553,45.38071823120117,537865000
2023-07-21,45.6478906079313,45.72565485492813,43.965056025974754,44.17341613769531,963769000
2023-07-24,44.594129747804274,44.970975292246095,43.90524600694248,44.475494384765625,382516000
2023-07-25,44.803485791149136,46.04168213917605,44.7855393181674,45.53922653198242,348081000
2023-07-26,45.88018648344698,45.912090061766605,44.49344377208364,45.31292724609375,364237000
2023-07-27,46.37665353902674,47.2499724441027,45.6100056638695,45.75954818725586,455976000
2023-07-28,46.525202843607126,46.88310551860452,46.23908226392985,46.60695266723633,331194000
2023-07-31,46.610938817532,46.985787745643954,46.36369657868276,46.58601379394531,251055000
2023-08-01,46.31783943234634,46.75649554152621,45.88616567696428,46.36469650268555,237858000
2023-08-02,45.69076967402106,45.699741010536016,43.254247470375134,44.133548736572266,530142000
2023-08-03,43.665975669938696,44.97994351428875,43.665975669938696,44.378787994384766,324176000
2023-08-04,44.84735241415571,45.50233976816819,44.25716479958756,44.54328536987305,362666000
2023-08-07,44.9729707434421,45.400658953676526,44.426647163136,45.27803421020508,322154000
2023-08-08,44.715756986658505,45.10356664242382,43.92119480836412,44.52733612060547,353843000
2023-08-09,44.13852436844698,44.17641010034291,42.00507315736143,42.423789978027344,586449000
2023-08-10,42.03099778159967,43.44067265463397,41.70699146291927,42.25830078125,492705000
2023-08-11,41.62325415005366,41.88943931090986,40.51465701705144,40.72999572753906,533085000
2023-08-14,40.36211972462702,43.665978621737146,40.187655955736346,43.61912155151367,690286000
2023-08-15,44.42365526404346,45.12948908567366,43.576253839259216,43.80554962158203,676512000
2023-08-16,44.38376830984962,44.53829278958651,43.27317495256757,43.35293197631836,527451000
2023-08-17,43.835452445012606,43.92716998066587,42.86941583301397,43.211368560791016,452395000
2023-08-18,42.504541812711565,43.44465716941068,41.53252668330837,43.16651153564453,583768000
2023-08-21,44.3578625800934,46.92099531978242,44.08669544890984,46.82329559326172,692573000
2023-08-22,47.98771355577138,48.03955639191804,45.19428904679984,45.528263092041016,755293000
2023-08-23,45.72565711329878,47.05557488119282,45.06966956482349,46.97183227539063,779046000
2023-08-24,50.0623439279402,50.11219017259599,47.0146988173284,47.01868438720703,1156044000
2023-08-25,46.86814754737519,47.65872029172802,44.8862279220612,45.87718963623047,925341000
2023-08-28,46.33977183033874,46.83624913455581,44.750651224061855,46.69169235229492,685192000
2023-08-29,46.52321191086775,48.93082341552477,46.249051833640735,48.63473129272461,701397000
2023-08-30,48.89392651921933,49.77422400503659,48.27682114567205,49.11325454711914,735206000
2023-08-31,49.22890833319217,49.5917929853516,48.80819868484659,49.203983306884766,528570000
2023-09-01,49.60974109160753,49.64762302557311,47.9946951700236,48.360572814941406,463830000
2023-09-05,48.07544589025944,48.70152648362675,47.71355763922135,48.399452209472656,382653000
2023-09-06,48.29675192445169,48.404428217365016,46.44129363976494,46.920860290527344,468670000
2023-09-07,45.38943078807508,46.20599209836314,45.01754046445486,46.10329818725586,433330000
2023-09-08,45.80519551015305,46.46721591183993,45.136192180115536,45.43629455566406,473069000
2023-09-11,46.01058907259866,46.02554380024132,44.18005738503605,45.0434799194336,473966000
2023-09-12,44.60478224808882,45.536999459957386,44.39839790348207,44.73638916015625,349256000
2023-09-13,44.46719666176669,45.79323825381597,44.37048536912352,45.34956359863281,398355000
2023-09-14,45.8131750613874,45.85006363868303,44.996613561123056,45.445274353027344,370097000
2023-09-15,45.20598272428771,45.46321387121769,43.67754676368698,43.7692756652832,506831000
2023-09-18,42.62071131068282,44.11026214230338,41.87493751856223,43.8350830078125,500271000
2023-09-19,43.70247908606619,43.83508247515624,42.87395226873784,43.390411376953125,373064000
2023-09-20,43.470167525058194,43.772266659114486,42.097269015445136,42.11322021484375,367108000
2023-09-21,41.45917965283468,41.97463849257789,40.85797455001659,40.89486312866211,450736000
2023-09-22,41.44820657571994,41.98959271748376,41.10822239223327,41.4860954284668,479236000
2023-09-25,41.46715374615769,42.40933950772004,41.05438505683627,42.09627532958984,419091000
2023-09-26,41.875929814501234,42.69249125804407,41.53095945617028,41.78619766235352,402282000
2023-09-27,42.20395172792175,42.74433758001916,41.50503894981491,42.34153747558594,444935000
2023-09-28,42.33356849695518,43.31663260486512,41.98959836899157,42.960697174072266,424663000
2023-09-29,43.69649492760647,44.01255232767132,43.178042888017536,43.36947250366211,397830000
2023-10-02,43.89888769595612,45.04047860898654,43.73039221652358,44.64865112304688,433298000
2023-10-03,44.67457296774722,44.99561654550399,43.11722389309479,43.38741683959961,470850000
2023-10-04,43.611753042966086,44.0115599865903,43.16309221624776,43.90986251831055,361821000
2023-10-05,43.918830935362585,44.7663021604217,43.75731457253386,44.554931640625,393483000
2023-10-06,44.06140429622766,45.65265244811673,43.894901766019856,45.625732421875,434436000
2023-10-09,44.708471059532506,45.46919952767431,44.235883483851424,45.13818740844727,409675000
2023-10-10,45.17508286360557,46.1212545539652,44.95374378600032,45.66162872314453,368582000
2023-10-11,46.05844552419568,46.7194733776131,45.912880346385045,46.666629791259766,378137000
2023-10-12,46.637711102575786,47.4672343606174,46.19204354796514,46.80521011352539,481325000
2023-10-13,46.82016325151491,46.97570075879303,45.14516559213605,45.325626373291016,474115000
2023-10-16,44.92881981280981,46.08735858574587,44.77826845784265,45.95774841308594,375099000
2023-10-17,43.86897507163302,44.62073139343028,42.35350093093971,43.807159423828125,812333000
2023-10-18,42.464174898094846,43.090307040885016,41.700456999229225,42.070350646972656,627294000
2023-10-19,42.683520414055806,43.16807328895168,41.75728589082115,41.97563552856445,501233000
2023-10-20,41.76526014616155,42.34353485879464,40.955677830478,41.26375961303711,477266000
2023-10-23,41.10624234360531,43.1192318535309,40.82308754703787,42.84704208374024,478530000
2023-10-24,42.94872451539136,43.566877207845934,42.56387617145644,43.53297805786133,401463000
2023-10-25,43.26876113650479,43.52001339758088,41.43125101486039,41.65458297729492,398379000
2023-10-26,41.72837859858881,42.13017849880944,39.76125385517592,40.20592498779297,541001000
2023-10-27,41.00752725918924,41.08330116511961,39.89584574845826,40.37940216064453,416784000
2023-10-30,40.96465211390715,41.64162722288695,40.36045387343674,41.03842926025391,388028000
2023-10-31,40.32955016146639,40.757273552176585,39.11318181784756,40.65856552124024,517969000
2023-11-01,40.7622597335259,42.25480380163395,40.74730500713954,42.19897079467773,437593000
2023-11-02,43.19898202777144,43.75332619208585,42.76627622905822,43.3764533996582,409172000
2023-11-03,43.88892315557369,45.17408258825645,43.59280664299351,44.87099075317383,424610000
2023-11-06,45.15015696243412,45.79822301119511,44.765304753189504,45.6147689819336,400733000
2023-11-07,45.58286369022839,46.08037455563248,45.02353336587058,45.81816101074219,343165000
2023-11-08,45.96272281654572,46.72744095865973,45.831115913944224,46.4353141784668,346719000
2023-11-09,47.32565858468725,48.08638711878528,46.610794508396026,46.81019973754883,540496000
2023-11-10,47.358554124348,48.32765981676779,47.142201251891926,48.19106674194336,421245000
2023-11-13,48.17611002726251,48.96974108943456,47.95576746252599,48.475215911865234,384136000
2023-11-14,49.532067353089744,49.6856081153753,48.89397370012533,49.50813674926758,416954000
2023-11-15,49.78630328795808,49.81122656013526,48.0564692193451,48.7424201965332,475497000
2023-11-16,48.53405466377334,49.37753629055128,48.18609481694431,49.33266830444336,339756000
2023-11-17,49.376539611283306,49.5689657411974,48.86108069253804,49.151214599609375,325205000
2023-11-20,49.16515859327281,50.39747808312561,49.0345481689,50.25889205932617,414120000
2023-11-21,49.976737718443786,50.3665722694878,49.0754302564708,49.79528045654297,565747000
2023-11-22,49.70355312493224,50.18511275994757,47.54798851961098,48.5709342956543,899420000
2023-11-24,48.32567320692598,48.77533048753054,47.60282974083701,47.63373947143555,294645000
2023-11-27,47.65766910789753,48.38549499049383,47.51011098197541,48.09835433959961,395662000
2023-11-28,48.09236930689928,48.17911204503058,47.33164078012809,47.67860412597656,401491000
2023-11-29,48.2349412356402,48.61680018078916,47.71748568176772,47.99665069580078,382005000
2023-11-30,47.88099334816859,47.96673960192544,46.283766368785,46.63072967529297,526247000
2023-12-01,46.38646066120802,47.05944990418179,46.049465900778685,46.6257438659668,369317000
2023-12-04,45.93979415914972,45.93979415914972,44.87597007312704,45.37448120117188,437543000
2023-12-05,45.33459625037478,46.46531769952222,45.14016013303565,46.431419372558594,371718000
2023-12-06,47.07854443551646,47.25004822206123,45.2807538725136,45.371490478515625,380590000
2023-12-07,45.56792009539412,46.4942359815939,45.47219688205007,46.46133041381836,350823000
2023-12-08,46.46034676903338,47.60303486322498,46.41547483619609,47.36871337890625,359224000
2023-12-11,47.35375382727248,47.39363533790565,45.697554757992016,46.49224853515625,509728000
2023-12-12,45.91292392475919,47.5282408991093,45.91292392475919,47.51926803588867,372387000
2023-12-13,47.49135487990882,48.45356620387965,47.47041566072205,47.94902801513672,447792000
2023-12-14,48.2501437897404,48.52933332337193,47.28494297084845,48.21025848388672,391232000
2023-12-15,48.05471159561218,49.26121358218172,47.980924159413945,48.74869918823242,479948000
2023-12-18,49.25723229515319,50.28724399732617,49.0079548114807,49.932273864746094,412587000
2023-12-19,49.28115986593068,49.55636317420033,48.75368939419547,49.46063995361328,464444000
2023-12-20,49.51148681248871,49.85449435490147,47.95898761649741,47.97195053100586,397894000
2023-12-21,48.66993565248791,48.953115280045736,48.27906644393615,48.848419189453125,300425000
2023-12-22,49.05282008065704,49.24027646361489,48.32692345139222,48.68887710571289,252507000
2023-12-26,48.82647939940057,49.45665286845571,48.81850309781851,49.13658142089844,244200000
2023-12-27,49.36791146455285,49.53642176515991,48.943140137976336,49.2741813659668,233648000
2023-12-28,49.49953204501984,49.73983287122963,49.26919684127221,49.37887954711914,246587000
2023-12-29,49.66903891502132,49.85250906748791,48.61010784761711,49.37887954711914,389293000
2024-01-02,49.10168779861392,49.15253910375024,47.4574550266933,48.0287971496582,411254000
2024-01-03,47.34776930861543,48.04474670855863,47.183245244517686,47.43152618408203,320896000
2024-01-04,47.62894445792347,48.35982768135906,47.3706941328935,47.85927963256836,306535000
2024-01-05,48.32193418497749,49.40379734379706,48.16638302622293,48.95509719848633,415039000
2024-01-08,49.36891016503661,52.1239255155236,49.33600459251864,52.10198593139648,642510000
2024-01-09,52.24956456447165,54.16800408255062,51.54061697774943,52.986427307128906,773100000
2024-01-10,53.46105596670663,54.44220965259703,53.334420276456434,54.19293212890625,533796000
2024-01-11,54.84004936433209,55.18604663034972,53.40520900250216,54.66355895996094,596759000
2024-01-12,54.46213603425953,54.811126745330384,54.1729770839885,54.551876068115234,352994000
2024-01-16,54.85899501538464,56.67074127144449,54.74133601464206,56.219051361083984,449580000
2024-01-17,56.18415552246115,56.3077977062965,54.58180135481828,55.89100646972656,474394000
2024-01-18,57.094517089822695,57.43353464294008,55.94484937824919,56.94195938110352,491650000
2024-01-19,57.82140334356974,59.32803795704181,57.05961145486245,59.31906509399414,543501000
2024-01-22,59.87545679775879,60.15664330232137,58.89928603895681,59.48159790039063,452955000
2024-01-23,59.39784070948938,59.73685825201208,58.41568677878363,59.69996643066406,294654000
2024-01-24,60.129713351587405,62.66735609851299,59.76477001996216,61.18465423583984,560271000
2024-01-25,62.16980235813448,62.53773920716308,60.67413746929077,61.43892288208008,482777000
2024-01-26,60.78382411519858,61.60444749366959,60.39794531790314,60.854618072509766,390309000
2024-01-29,61.055035142050976,62.30840232360706,60.73097744998884,62.28447341918945,348733000
2024-01-30,62.71821799882993,63.309502714007664,62.08006442941247,62.59257888793945,410735000
2024-01-31,61.262435580323725,62.08904212424609,60.52457632784889,61.34918594360352,453795000
2024-02-01,61.92052952927185,63.00837994825412,61.4718330718424,62.844852447509766,369146000
2024-02-02,63.78910887200679,66.40751896695984,63.50592925992764,65.96879577636719,476578000
2024-02-05,68.02783445051155,69.2961616511714,67.010785504722,69.13163757324219,680078000
2024-02-06,69.42877233327619,69.552414531284,66.10840153882174,68.02584075927734,683111000
2024-02-07,68.12155362100862,70.01706057362387,67.40462981569888,69.89640808105469,495575000
2024-02-08,69.87148269785355,70.5894031052992,69.25427593719057,69.43973541259766,414422000
2024-02-09,70.32915559936207,71.9763817179636,70.00908414671076,71.9245376586914,436637000
2024-02-12,72.39016457689355,74.39535381795112,71.04406796843402,72.0391845703125,613710000
2024-02-13,70.19654512895808,73.23772604754565,69.4188005504822,71.91954803466797,602580000
2024-02-14,72.99044348203591,74.0214517262709,71.73009661007124,73.6864242553711,504917000
2024-02-15,73.65551962549853,73.76120847442633,72.19076331535655,72.44801330566406,420122000
2024-02-16,73.8858468671519,74.18697602398943,72.29146900724291,72.40314483642578,495327000
2024-02-20,71.73906612377016,71.74804279084927,67.53824458047887,69.25128173828125,704833000
2024-02-21,67.8094614044966,68.68891622407938,66.05654635382845,67.27700805664062,673755000
2024-02-22,74.80818688297568,78.34792317872578,74.0055129470122,78.31103515625,865100000
2024-02-23,80.55650005108117,82.1558604260556,77.34580534182787,78.58920288085938,829388000
2024-02-26,79.46965549121944,80.41292820605618,78.27810947244775,78.86341857910156,503973000
2024-02-27,79.1515839793688,79.25030450092336,76.93900277777333,78.47354888916016,391705000
2024-02-28,77.39568548362723,78.70488691297152,76.9021132659983,77.43856048583984,393110000
2024-02-29,78.86540846143546,79.7588149945745,78.12355544458728,78.88335418701172,507289000
2024-03-01,79.7688083599449,82.06216464323185,79.20543871655194,82.04122161865234,479135000
2024-03-04,83.88685863778845,87.44155809825308,83.47705094561937,84.99066162109375,615616000
2024-03-05,85.02754699331318,85.85219903908474,83.17981882492465,85.71957397460938,520639000
2024-03-06,87.7717411927185,89.46889796984821,86.78255724053227,88.44780731201172,582520000
2024-03-07,89.90165539673119,92.5032385135836,89.34723648723485,92.405517578125,608119000
2024-03-08,94.86750020038096,97.12306982330983,86.26003928547323,87.27913665771484,1142269000
2024-03-11,86.18325727083518,88.54452056286361,83.92669117198699,85.53012084960938,678364000
2024-03-12,87.79865287127926,91.69852817689656,85.90505025020566,91.65166473388672,668075000
2024-03-13,90.7961026211969,91.24382347923168,88.18354935724443,90.62957763671876,635713000
2024-03-14,89.32232245586333,90.3882833699824,86.35378152826699,87.69396209716797,602318000
2024-03-15,86.68284605628648,89.29140572149215,86.01176295929899,87.58726501464844,642086000
2024-03-18,90.13098583462606,92.14224887190905,86.83737638281593,88.20348358154297,668976000
2024-03-19,86.4534797466604,90.28655172899164,84.7682901573293,89.14381408691406,672171000
2024-03-20,89.54168157483528,90.15294523438696,87.97215934887909,90.11505126953124,479063000
2024-03-21,92.0375720151123,92.38458214165158,90.1479556941056,91.1750259399414,480372000
2024-03-22,90.88186754884678,94.50852789687556,90.5757411997652,94.02091979980467,586719000
2024-03-25,93.67389990625728,96.49086455465545,93.24412560987103,94.73188018798828,552136000
2024-03-26,95.57845969689596,96.1009718491892,92.23898306006764,92.29781341552734,513648000
2024-03-27,92.8472628285773,92.97489725482532,88.8696059634602,89.99340057373047,586067000
2024-03-28,89.74410760252643,91.04041442208826,88.93940289555813,90.0990982055664,435212000
2024-04-01,90.04225806770008,91.96277679415356,88.9503702442798,90.10607147216795,452441000
2024-04-02,88.19651163521841,89.83783523468522,87.37087059473389,89.19766235351562,433064000
2024-04-03,88.23242853900666,90.11705439114245,88.14866772814298,88.7110595703125,370067000
2024-04-04,90.14895342900508,90.37630961608212,85.6358209019151,85.66075134277344,434965000
2024-04-05,86.61900791219938,88.22942139866663,85.68168582327746,87.75776672363281,399678000
2024-04-08,88.44779987998065,88.57743512523471,86.4854007087341,86.88526153564453,283220000
2024-04-09,87.19338901159341,87.38584107130184,82.78595764157446,85.11132049560547,501700000
2024-04-10,83.68737154662665,87.15149277673736,83.47098569296867,86.79151916503906,431929000
2024-04-11,87.17144056555283,90.48100403591604,86.67884945614712,90.3583526611328,431637000
2024-04-12,89.44395551817271,89.91860764142923,87.28112393379013,87.93525695800781,426805000
2024-04-15,88.84467194132365,90.35536381330796,85.6846834695675,85.75647735595703,443077000
2024-04-16,86.18725549413733,87.86746232886081,85.81930894271287,87.16646575927734,370453000
2024-04-17,88.08883458135892,88.5226029947078,83.71131651391543,83.79608154296875,495400000
2024-04-18,84.72841317391251,85.94494566791495,82.16771376078896,84.43025970458984,447260000
2024-04-19,82.91358102333888,84.08423897081519,75.39103216599602,75.98333740234375,875198000
2024-04-22,77.8819196640173,79.84532288255929,76.18276995811692,79.29190063476562,596341000
2024-04-23,80.53934787289336,82.53366130187051,80.03578647084935,82.18864440917969,438559000
2024-04-24,83.71130825195023,83.84293671972377,78.95786360773235,79.4504623413086,512208000
2024-04-25,78.64375119701494,83.08608614140688,78.00058847000186,82.39705657958984,424641000
2024-04-26,83.57967974791617,88.07984835062736,83.14990546047017,87.48554229736328,551011000
2024-04-29,87.34593487887717,87.74180161200195,85.02355474971789,87.50747680664062,388971000
2024-04-30,86.99194868469957,88.5664614931565,86.05462655663052,86.15633392333984,363709000
2024-05-01,84.83509991070004,85.75547203094351,81.02396098069623,82.80488586425781,559863000
2024-05-02,84.20889135183461,85.99180970266082,82.96344197206183,85.57300567626953,377898000
2024-05-03,87.53938813243457,89.0271426544853,86.79251724081982,88.53654479980469,398341000
2024-05-06,89.13584761213842,91.95780324115005,88.80180099005936,91.8780288696289,376203000
2024-05-07,90.8389759868272,91.52003263915564,88.75791206874568,90.29652404785156,437342000
2024-05-08,89.22857828050421,90.93471200217492,89.16575387590268,90.15493774414062,325721000
2024-05-09,90.27160575755214,90.8130611604946,87.98014293885268,88.49467468261719,378013000
2024-05-10,90.04822432624805,91.14110859605844,88.97328662281183,89.6224365234375,335325000
2024-05-13,90.220753188298,90.7392790041678,88.27729700712642,90.14198303222656,289680000
2024-05-14,89.34424430460986,91.3904118490216,88.68113417048747,91.09625244140624,296507000
2024-05-15,92.2090701983953,94.5922739920117,91.33855134424653,94.36093139648438,417735000
2024-05-16,94.64014168326462,95.54655367350442,93.8354294469824,94.09070587158205,323952000
2024-05-17,94.10068232469492,94.47062203748344,91.5449662156453,92.21604919433594,359691000
2024-05-20,93.48343554827802,94.92930964167746,93.17431942252952,94.51050567626952,318764000
2024-05-21,93.33287775310836,95.12875963376092,92.9150703346718,95.11479949951172,328946000
2024-05-22,95.18758628884532,95.74698824605449,92.98387077371804,94.6800308227539,548648000
2024-05-23,101.73791493789795,106.0177117858919,101.23135605250832,103.5038833618164,835065000
2024-05-24,104.1520217798762,106.17226230771774,102.70714415978956,106.1662826538086,429494000
2024-05-28,109.93054124400538,114.61219142145016,109.57056763172464,113.57714080810548,652728000
2024-05-29,112.7285727659483,115.16362326202471,110.58568085733936,114.49851989746094,557442000
2024-05-30,114.32400776010653,115.4896825683004,109.35118819369168,110.18580627441406,484553000
2024-05-31,112.20006619281486,112.39651226649592,106.6359377048998,109.32128143310548,613263000
2024-06-03,113.29793498606988,114.67301177978516,111.68453173387806,114.67301177978516,438392000
2024-06-04,115.38699866419654,116.26848033786769,113.72074443192332,116.10594177246094,403324000
2024-06-05,118.0344347915748,122.10083501982172,117.13400243711465,122.09186553955078,528402000
2024-06-06,123.69530785832949,125.2299336912912,117.98359666027768,120.65398406982422,664696000
2024-06-07,119.42946352714928,121.3460035339654,117.68643999762348,120.5442886352539,412386000
2024-06-10,120.02775723865274,122.74999082651334,116.6773100476689,121.44371795654295,313434100
2024-06-11,121.43375200225071,122.53072064853248,118.41211998717576,120.57613372802734,222551200
2024-06-12,122.72018091821552,126.5296321042774,122.23153612962204,124.8542709350586,299595000
2024-06-13,129.0327119863157,129.4415834964467,126.80887399420205,129.25210571289062,260704500
2024-06-14,129.60114223243076,132.4731792100278,127.9656714477386,131.51583862304688,309320400
2024-06-17,132.62277611443673,133.36072299109455,129.2221885999668,130.61831665039062,288504400
2024-06-18,130.7778703322321,135.95354113797538,130.3291160023479,135.2056121826172,294335100
2024-06-20,139.41396587386305,140.3713064535189,129.16235380151105,130.4188690185547,517768400
2024-06-21,126.76897377617152,130.2692833981682,123.95676122395308,126.22048950195312,649445800
2024-06-24,122.8996829011854,124.1163152101961,117.71404522588668,117.78385162353516,476060900
2024-06-25,120.86532476106612,126.1506927991438,118.99051878494626,125.7418212890625,414192600
2024-06-26,125.7817056647018,127.76620840809863,122.26145451808377,126.05096435546876,362975900
2024-06-27,123.75731038151326,126.06093675176166,122.58056851355607,123.64761352539062,252571700
2024-06-28,124.23598924744036,127.35734339260638,122.41104074475837,123.19886016845705,315516700
2024-07-01,123.12906191428952,124.49527404629498,118.50187501478464,123.95677185058594,284885500
2024-07-02,120.79551981451768,123.0692304193492,120.69579746715524,122.33126831054688,218374000
2024-07-03,121.32403687780769,127.92575073242188,121.02486229109628,127.92575073242188,215749000
2024-07-05,127.02825159880692,128.49420118342798,125.3329490025218,125.48253631591795,214176700
2024-07-08,127.137954507093,130.4089036996468,126.68920015386854,127.8459930419922,237677300
2024-07-09,129.99005737514514,133.4504765285805,128.29473958471138,131.0172119140625,285366600
2024-07-10,133.6599006676726,134.7269533720769,132.0543457649315,134.5374755859375,248978600
2024-07-11,135.3751516521801,135.77404103999976,126.69917812553707,127.04821014404295,374782700
2024-07-12,127.90584321182462,131.55574087758131,126.86872155351702,128.88314819335938,252680500
2024-07-15,130.19948360408995,131.02719355977734,126.82881950170466,128.08534240722656,208326200
2024-07-16,128.0853283678797,128.68366239858466,124.2359867587292,126.01107025146484,214769500
2024-07-17,121.0148991503926,121.51351843622722,116.39768730256174,117.66417694091795,390086200
2024-07-18,121.51352635797906,122.0620106514847,116.23813305693452,120.75562286376952,320979500
2024-07-19,120.0176783628371,121.26422676213603,117.04591123957188,117.60436248779295,217223800
2024-07-22,120.01766653236042,123.72739542032818,119.52902173833404,123.19886016845705,258068900
2024-07-23,122.44095787706308,124.34568731396224,121.76283530375956,122.25148010253906,173911000
2024-07-24,118.84092133007208,119.6187662154648,113.1267484514862,113.93450927734376,327776900
2024-07-25,112.72785895570485,116.30794209044976,106.00647252262672,111.96995544433594,460067000
2024-07-26,115.8691646723326,115.87913158113766,111.27189374853045,112.747802734375,293399100
2024-07-29,113.3760598876514,115.95890423286832,110.99266022089633,111.28185272216795,248152100
2024-07-30,111.2120393183982,111.68074265241845,102.25684143468116,103.4435577392578,486833300
2024-07-31,112.58823561538452,118.01320824039244,110.57380945153912,116.69685363769533,473174200
2024-08-01,117.20544905631928,119.82819139029309,106.51505026446524,108.9084243774414,523462300
2024-08-02,103.47346849787236,108.41977052611269,101.0900691005783,106.97377014160156,482027500
2024-08-05,91.80578374541406,103.12444802394918,90.43957172286063,100.17261505126952,552842400
2024-08-06,103.55324859386288,107.41256456659956,100.27234042123098,103.96212005615234,409012100
2024-08-07,107.51229690555586,108.4995686514933,98.41748524596572,98.63687896728516,411440400
2024-08-08,101.71833775867768,105.208672877848,97.2507054584759,104.68013763427734,391910000
2024-08-09,105.34829623370402,106.30564447792428,103.14439960768745,104.46075439453124,290844200
2024-08-12,106.02641463942724,110.76329830179426,105.96658275414626,108.71895599365234,325559900
2024-08-13,112.129503005588,115.9090379559742,111.2718772591507,115.81928253173828,312646700
2024-08-14,118.20269875673236,118.27250515954668,113.75501518576698,117.75394439697266,339246400
2024-08-15,118.43206727440648,122.89969228155606,117.1456284695593,122.52074432373048,318086700
2024-08-16,121.60327554530542,124.6548231821397,120.84537209002656,124.2359848022461,302589900
2024-08-19,123.93680096772644,129.64100646972656,123.07917523933752,129.64100646972656,318333600
2024-08-20,128.04543898793298,129.521363173756,125.5423754072274,126.89862060546876,300087400
2024-08-21,126.9683999190984,128.9928003758598,126.31022649443916,128.1451416015625,257883600
2024-08-22,129.66097288180268,130.38895283197962,122.7600756761678,123.39830780029295,376189100
2024-08-23,125.51243939894611,129.24211690201355,124.87420736161047,129.0127410888672,323230300
2024-08-26,129.21220655330094,130.8975269250622,124.02656151522956,126.11078643798828,331964700
2024-08-27,124.70466906317326,128.84320247257327,123.53789431448672,127.94569396972656,303134600
2024-08-28,127.76620894054898,127.97563574905244,122.30134548595971,125.26314544677734,448101100
2024-08-29,121.02487540717718,124.08639756190335,116.38771446055244,117.2652816772461,453023300
2024-08-30,119.1999366155988,121.4138076730475,116.89631773014244,119.0403823852539,333751600
2024-09-03,115.68965014821477,115.8890948214911,106.99372848681784,107.70176696777344,477155100
2024-09-04,105.11893116355375,112.9572200584078,103.83249237473711,105.91671752929688,372470300
2024-09-05,104.70008464878364,109.34722045042044,104.47072401794104,106.91395568847656,306850700
2024-09-06,107.74167143504636,107.85136830211154,100.67124500554576,102.54605865478516,413638100
2024-09-09,104.59038905946406,106.25578342210773,103.40368021481837,106.1760025024414,273912000
2024-09-10,107.5122906776436,109.09790400275718,104.66018768236026,107.8014907836914,268283700
2024-09-11,109.08792746358937,116.86639141709084,107.12336624714985,116.58716583251952,441422400
2024-09-12,116.52732649632485,120.46676065848584,115.07123444451854,118.82117462158205,366052700
2024-09-13,118.76133738659652,119.6389797203674,117.28529459768676,118.78128051757812,238358300
2024-09-16,116.47746652004344,117.8637462195167,114.05396898625608,116.46749114990234,248772300
2024-09-17,117.85376774830212,118.48208669803358,114.52270945275087,115.28067016601562,231925900
2024-09-18,115.57986510061662,117.38501890816246,112.917012138231,113.06661224365234,310318900
2024-09-19,117.03596036023048,119.3397837869768,116.93622949013678,117.55457305908205,293506400
2024-09-20,116.746736119983,118.30256661567998,115.0812069928948,115.6895751953125,382462400
2024-09-23,116.23810791147416,116.67692526968904,114.55262802291854,115.94888305664062,206228500
2024-09-24,116.20818172536411,121.47405850127808,115.07123304654732,120.54654693603516,354966800
2024-09-25,121.69346336275538,124.60565503965536,121.28456450552947,123.17948150634766,284692900
2024-09-26,126.46066959704272,127.32833649308198,121.47405025345232,123.7080535888672,302582900
2024-09-27,123.63824105329503,123.69807805046356,118.9408465511356,121.07511901855467,271009200
2024-09-30,117.9933994074146,121.1748653861715,117.83383152489164,121.11502838134766,226553700
2024-10-01,121.44412897274736,122.11234177416986,115.48013626179672,116.68689727783205,302094500
2024-10-02,116.128405101547,119.06053238913914,114.831880901423,118.53195190429688,221845900
2024-10-03,120.59641230247804,124.0272091849403,120.01796257527629,122.52124786376952,277118000
2024-10-04,124.6056517279934,124.70538259718006,121.50397375972976,124.58570098876952,243678100
2024-10-07,124.65550686574431,130.2903881845544,124.61561299835192,127.37820434570312,346250200
2024-10-08,129.91139625758697,133.12278019873037,129.07364789501582,132.53436279296875,285722500
2024-10-09,133.75109763690637,134.16000405397224,131.0284078789419,132.2949981689453,246191600
2024-10-10,131.55700075403345,134.63872798675436,130.64943234270237,134.44923400878906,242311300
2024-10-11,133.6513755856735,135.4166432187145,133.30232133780012,134.43927001953125,170209500
2024-10-14,136.104806530019,139.22643549757692,135.93526327737888,137.70053100585938,232347700
2024-10-15,137.5010272539466,138.19916608738376,128.39547132022776,131.24781799316406,377831000
2024-10-16,133.62146232310147,136.25439701653357,131.22789086287457,135.3568115234375,264879700
2024-10-17,138.96712260930138,140.512977854023,136.50373111006368,136.56356811523438,306435900
2024-10-18,138.2989120156457,138.52829226592988,136.9126323168706,137.63070678710938,176090200
2024-10-21,137.76036967912168,143.325439453125,137.63071268872676,143.325439453125,264554500
2024-10-22,142.5275764963188,144.0335302578968,141.400595506541,143.20574951171875,226311600
2024-10-23,141.64993025905358,142.04885378245024,137.09216737152124,139.18653869628906,285930000
2024-10-24,140.44316244306268,140.9717429059513,138.08947737101022,140.0342559814453,172354900
2024-10-25,140.55285615055817,143.74430494634163,140.4232143860229,141.16122436523438,205122100
2024-10-28,142.6173413548028,142.75696611524302,139.6752384054106,140.14398193359375,173586700
2024-10-29,139.91455642525435,141.87928563006452,138.5282768804448,140.8719940185547,157593600
2024-10-30,139.16657905851807,139.9544735111022,136.4438889013892,138.9671173095703,179418100
2024-10-31,137.2317836775648,137.24175143875112,131.756469630996,132.40472412109375,270039600
2024-11-01,134.3395349599235,136.94255111570317,134.2098931927627,135.03765869140625,207127800
2024-11-04,136.84282779526694,138.58814473225323,135.207217103038,135.68592834472656,187528200
2024-11-05,137.0821601293647,139.99434394500742,136.9624861371184,139.53558349609375,160537400
2024-11-06,142.577419626437,146.09797148430005,141.58009580907174,145.22032165527344,242043900
2024-11-07,145.9982407267333,148.53143666074,145.77882825788768,148.48158264160156,207323300
2024-11-08,148.37188826922187,149.369212218998,145.8685954157921,147.2349395751953,175665800
2024-11-11,148.28212306443757,148.45168153400843,143.18581210072784,144.87127685546875,182325600
2024-11-12,146.3871892091523,149.2495037052901,145.61924560605905,147.8931427001953,198634700
2024-11-13,148.67109606044525,148.93039482211316,145.50956558703103,145.8785858154297,191903300
2024-11-14,147.24491377788954,148.60127501764129,145.16051028397845,146.3672637939453,194463300
2024-11-15,144.48233309105467,144.85135334501234,139.70515749364313,141.60006713867188,250132900
2024-11-18,139.1266784396513,141.1711953957962,136.7829612819808,139.77493286132812,221205300
2024-11-19,140.94181709193657,146.7362663614533,140.61269838756368,146.6165771484375,227834900
2024-11-20,147.0155246522584,147.16511715506326,142.34804073132528,145.4995880126953,309871700
2024-11-21,148.9503167976197,152.48083638169973,140.32345672847936,146.27748107910156,400946600
2024-11-22,145.539474391015,146.7661937868221,140.72241318136372,141.57012939453125,236406200
2024-11-25,141.610046895497,141.66988390343687,135.45655935237875,135.65602111816406,344941900
2024-11-26,137.33150030488406,138.9272246590056,135.30693397114106,136.5535888671875,190287700
2024-11-27,134.64867978414378,136.8527720620769,131.44727893138864,134.97779846191406,226370900
2024-11-29,136.41396798376013,138.97709782710584,135.68592576491588,137.88003540039062,141863200
2024-12-02,138.45849496272686,140.07415499884576,137.45120318506554,138.259033203125,171682800
2024-12-03,137.89002585394636,140.16392360539365,137.58085781498016,139.88467407226562,164414000
2024-12-04,141.61999054867616,145.39984134699782,139.91456002292938,144.7515869140625,231224300
2024-12-05,144.73165063129176,146.1579148411047,143.57467148409813,144.68177795410156,172621200
2024-12-06,144.2229906612707,145.3201135010368,140.94156015213164,142.06861877441406,188505600
2024-12-09,138.6076455444956,139.58508599383495,136.77244688316378,138.44805908203125,189308600
2024-12-10,138.64753308216282,141.4502189353748,133.44114274667672,134.7178192138672,210020900
2024-12-11,137.00183449376547,139.80450498546415,134.85744670503564,138.94674682617188,184905200
2024-12-12,136.72258646567687,138.07904108019704,135.44592508954074,136.98190307617188,159211400
2024-12-13,138.57773734651352,139.2360201486468,132.19441524956173,133.89996337890625,231514900
2024-12-16,133.8301313094174,134.04955889819416,130.07994062496547,131.65582275390625,237951100
2024-12-17,128.75342001528475,131.24690176576593,126.5292385551769,130.05003356933594,259410300
2024-12-18,133.51098920213212,136.3435808551527,127.94553603601128,128.5738983154297,277444500
2024-12-19,131.41643441707996,133.6805197239663,129.21220544602065,130.33924865722656,209719200
2024-12-20,129.4715360054975,134.92727495716574,127.88568536239204,134.34878540039062,306528600
2024-12-23,135.92467137837366,139.42551415908295,134.76769223262775,139.3058319091797,176053500
2024-12-24,139.63498826590208,141.53002844762267,138.28850193430708,139.8544158935547,105157000
2024-12-26,139.33575896662117,140.48276971800976,137.37089410442982,139.56515502929688,116205600
2024-12-27,138.1887488761999,138.65752461945982,134.35876491420703,136.6527557373047,170582600
2024-12-30,134.4784624698932,139.90428131004603,133.67057680049638,137.13153076171875,167734700
2024-12-31,137.67010377599792,137.71000800391965,133.48105776544256,133.93984985351562,155659200
2025-01-02,135.64539681236818,138.51789243847597,134.27897378808947,137.94937133789062,198247200
2025-01-03,139.64492988439244,144.52217900012494,139.36566117903786,144.0933074951172,229322500
2025-01-06,148.20255341856054,151.76325208073058,147.43457212276107,149.0403594970703,265377400
2025-01-07,152.63097040172005,152.7307157375852,139.6449160163553,139.7745819091797,351782200
2025-01-08,142.20823556727345,143.57465852876186,137.20132056545756,139.7446746826172,227349900
2025-01-10,137.09161147098868,139.55517244006612,133.870037595658,135.55563354492188,207602500
2025-01-13,129.65110157142192,133.1419765335269,129.17234204750528,132.8826446533203,204808900
2025-01-14,135.69526562735138,136.02440701006375,129.71091005586072,131.41644287109375,195590500
2025-01-15,133.30152233922777,136.094224818832,130.9476750631476,135.88478088378906,185217300
2025-01-16,138.2785292743376,138.38824308482273,133.14196273572836,133.2217559814453,209235600
2025-01-17,136.33359221153037,138.13887032002236,135.1068036173015,137.35093688964844,201188800
2025-01-21,138.79715528751996,141.46019165371834,136.7325453387914,140.46279907226562,197749000
2025-01-22,144.28284886721386,147.40467804215123,143.29542449743752,146.6865692138672,237651400
2025-01-23,144.67179580639592,146.84610431115016,143.3452618575768,146.8361358642578,155915500
2025-01-24,147.98313043457708,148.58157206293976,141.5100624088345,142.2481231689453,234657600
2025-01-27,124.47460659166909,128.06521102414737,116.39571998533556,118.11123657226562,818830900
2025-01-28,121.4924136182596,128.66367023130925,115.94691212705192,128.65370178222656,579666400
2025-01-29,126.17017448185184,126.55915701971556,119.7369947161038,123.37747192382812,467120600
2025-01-30,122.77903527699785,124.67408285834512,117.79207196266404,124.3249969482422,392925500
2025-01-31,123.45726093608867,127.51664871512423,118.8792323275003,119.7569351196289,388161100
2025-02-03,114.45080376447106,118.26084328911304,112.71534272693827,116.35582733154295,371235700
2025-02-04,116.65503370463423,120.88397605738156,116.39570950659508,118.34062957763672,256550000
2025-02-05,121.44253659311748,124.67408679210826,120.4451438987806,124.50453186035156,262230800
2025-02-06,127.0877731272008,128.43425932928383,124.8835362233014,128.344482421875,251483600
2025-02-07,128.88307105233656,130.03006643749526,124.67407312607986,129.50144958496094,228186300
2025-02-10,129.75081827828257,134.64802029874645,129.6211675706223,133.2217559814453,216989100
2025-02-11,132.23430777027943,134.12934755153938,130.67837780772868,132.4537353515625,178902400
2025-02-12,129.68100547013307,131.89521852186024,128.7434538800678,130.79808044433594,160278600
2025-02-13,131.21697039655388,136.14409236479662,130.82798788427175,134.93724060058594,197430000
2025-02-14,136.12414513567924,138.8869270481558,135.1467045962306,138.48797607421875,195479600
2025-02-18,140.90167961185236,143.06602007700403,137.57037622357197,139.0365447998047,219176600
2025-02-19,139.1462273109093,140.99140959133538,136.86220509831378,138.86695861816406,167536000
2025-02-20,139.6648814501138,140.2932436442011,136.43332401924008,139.7446746826172,143903600
2025-02-21,139.6748562571626,141.09116717483585,133.68053207054632,134.07948303222656,228217600
2025-02-24,136.20394796569565,138.22865397806314,129.74084737496105,129.94032287597656,251381100
2025-02-25,129.64108357480436,129.8605111604116,124.11553536570229,126.29981994628906,271428700
2025-02-26,129.6510837247691,133.38132271635274,128.1549946612343,130.93771362304688,322553800
2025-02-27,134.64800202891726,134.65797047615226,119.69708897132982,119.83672332763672,443175800
2025-02-28,117.7122806771052,124.76384661623275,116.09650940652436,124.59429168701172,389091100
2025-03-03,123.18796891235904,123.37746834229016,111.98724605192426,113.76260375976562,411381400
2025-03-04,110.3615029675652,118.9989197292815,109.82291000037466,115.68757629394533,398163300
2025-03-05,117.27342459632162,117.971596377653,114.2114295961939,116.99415588378906,284337900
2025-03-06,113.23399700198848,115.0492514915792,109.93262945458795,110.2817153930664,321181900
2025-03-07,110.9599388924034,113.18412798197828,107.27955736061682,112.39618682861328,341755500
2025-03-10,109.61344966651625,111.5583622176382,105.18502403072868,106.70106506347656,366487400
2025-03-11,106.71102843945869,111.9473394077092,104.4968157267925,108.4764175415039,354865700
2025-03-12,113.83292501602207,116.46628328215824,112.59603885298677,115.44884490966795,323857500
2025-03-13,116.73560262668995,117.46376961532556,113.50375517662202,115.28925323486328,299033100
2025-03-14,118.31162980343127,121.57340056729696,117.85278787516224,121.36392974853516,277593500
2025-03-17,122.4312330919386,122.58085727393843,117.73308248243704,119.22930908203124,255501500
2025-03-18,117.70316017412442,118.7205909220559,114.25186503478535,115.1396255493164,299686900
2025-03-19,116.97498651717952,120.14698705841565,115.3889900516623,117.22435760498048,273426200
2025-03-20,116.25680439544836,119.89761619602572,116.17700382075364,118.23181915283205,248829700
2025-03-21,116.64582513098318,117.6931791575635,115.1296446207881,117.4039077758789,266498500
2025-03-24,119.5784337604655,121.91255134314883,119.03979124138472,121.1045913696289,228452500
2025-03-25,120.24674348347416,120.98487978418255,118.62083909476824,120.38639068603516,167447200
2025-03-26,118.4313220614094,118.5410383402261,112.42646191953315,113.47382354736328,293463300
2025-03-27,111.06988814101668,114.1620883069464,110.3816290692769,111.14968872070312,236902100
2025-03-28,111.209532925471,112.58606625933989,108.79562251910656,109.39411163330078,229872500
2025-03-31,104.86552901006266,110.68086470981991,103.38925640513808,108.10735321044922,299212700
2025-04-01,108.2470050831867,109.92277920039626,106.20216660392524,109.87290954589844,222614000
2025-04-02,107.02010369655068,111.6983080337056,106.52136148952614,110.14222717285156,220601200
2025-04-03,103.24960444530586,105.36426634037092,101.3444057347278,101.54390716552734,338769400
2025-04-04,98.66119636165205,99.87812106911886,91.87829866162578,94.07276153564452,532273800
2025-04-07,87.23998007579976,101.49403230771996,86.40209687721266,97.39437103271484,611041300
2025-04-08,103.54885717389794,105.58372634261488,94.2223791915971,96.05775451660156,476243400
2025-04-09,98.6412345329499,114.8104562069238,97.28465510127192,114.04239654541016,612918300
2025-04-10,109.09487535601896,110.5811250327728,98.90058321638736,107.29940032958984,437812400
2025-04-11,108.22706011361764,111.26939065397995,107.20962934859612,110.65094757080078,313417300
2025-04-14,113.82294410726054,114.00249160148302,108.7956218792334,110.4314956665039,264705000
2025-04-15,110.69084593782598,113.33418114021704,110.22202704858428,111.9177474975586,228966900
2025-04-16,104.2869965726397,106.52135948725392,100.1973044637503,104.22714233398438,397016900
2025-04-17,104.1872406628714,104.20719461222582,99.79831546993584,101.23468780517578,292517500
2025-04-21,98.52152791683338,99.18984822876097,94.80091547691984,96.6662139892578,288501100
2025-04-22,98.53151145469248,99.55891920701856,97.03528479941322,98.6412353515625,241004800
2025-04-23,104.25706634151078,104.53636836662164,101.76335533667915,102.45162200927734,247526000
2025-04-24,103.21968611105362,106.2719858525715,102.85061415392688,106.16226196289062,220815000
2025-04-25,106.5812047250048,111.63845023877658,105.46402708737592,110.73074340820312,251064700
2025-04-28,109.4140660423662,110.09235573735528,105.75329251827114,108.45648193359376,207708500
2025-04-29,107.39914795371472,109.9227823722281,107.16973079396024,108.7457504272461,170444300
2025-04-30,104.20719367744805,108.64599609375,103.81817538074748,108.64599609375,235044600
2025-05-01,112.7955345052894,114.6508560442669,111.02001354244472,111.32923126220705,236121500
2025-05-02,113.89278036249011,115.10971266849934,113.08482035383273,114.21197509765624,190194800
2025-05-05,112.62596928442515,114.38153638068395,112.3765981799359,113.53367614746094,133163200
2025-05-06,111.19957883323038,114.4513729240336,110.54123539005728,113.25439453125,158525600
2025-05-07,112.7656187028628,117.38396890879066,111.99755142427854,116.7655258178711,206758800
2025-05-08,117.95252869863282,118.38144728921776,115.55856464909375,117.07474517822266,198428100
2025-05-09,117.05479580716788,117.9325869721132,114.92017974547274,116.35655975341795,132972200
2025-05-12,121.66318211752385,122.69058990478516,119.97743092665668,122.69058990478516,225023300
2025-05-13,124.66559728217727,130.88989748886456,124.1568781333485,129.60313415527344,330430100
2025-05-14,132.86491109788813,135.09928149974084,131.34873063875938,134.99952697753906,281180800
2025-05-15,133.9521641466833,135.9571173935552,132.32627503661865,134.49081420898438,226632600
2025-05-16,135.87733175434735,136.0070096021913,133.1242801768634,135.05938720703125,226542500
2025-05-19,132.05695004104146,135.52819125301625,132.05695004104146,135.2289581298828,193154600
2025-05-20,133.95217650431997,134.24145551049554,132.286379343903,134.04196166992188,161514200
2025-05-21,132.72526966841644,137.0543482410567,130.26148202288624,131.46844482421875,270608700
2025-05-22,131.8973680939745,133.91229099864714,131.21908595560456,132.49586486816406,187344000
2025-05-23,129.67296865108418,132.3462194682512,128.8350854296202,130.959716796875,198821300
2025-05-27,133.81252390577552,135.31873506532702,132.9746406768617,135.1591339111328,192953600
2025-05-28,135.68780317037033,136.904735369061,134.45091702175245,134.4708709716797,304021100
2025-05-29,141.8921589021039,143.12904506361895,137.56308016740775,138.83985900878906,369241900
2025-05-30,138.37103486307464,139.26876471984465,132.58562239610197,134.79006958007812,333170900
2025-06-02,135.14917875467413,137.77255260816483,135.05939358324852,137.034423828125,197663100
2025-06-03,138.4308667634816,141.64276735349586,137.60295298700936,140.86473083496094,225578800
2025-06-04,141.83229805086768,142.03179187100486,139.1889554677409,141.56297302246094,167120800
2025-06-05,141.8123411098902,143.63773920540723,138.4807472006614,139.63783264160156,231397900
2025-06-06,142.1515162209299,142.90961421188257,141.1540316815974,141.36351013183594,153986200
2025-06-09,142.8297832459712,144.6352274429253,141.58292783698045,142.2711944580078,185114500
2025-06-10,142.33106034435926,143.92702635161132,141.17397471532814,143.59786987304688,155881900
2025-06-11,144.25623511410478,144.6353103750697,141.52293261104455,142.4805908203125,167694000
2025-06-12,141.62269259555393,144.64527893066406,141.50299102868564,144.64527893066406,162365000
2025-06-13,142.13145812905782,143.2287733742275,140.50545582034982,141.62271118164062,180820600
2025-06-16,142.9993260342438,145.82238955213242,142.84968384945327,144.33604431152344,183133700
2025-06-17,144.13653073401778,144.8647406282524,143.42826095310537,143.76742553710938,139108000
2025-06-18,143.6576946584193,145.2936820241915,142.7698725249477,145.1240997314453,161494100
2025-06-20,145.09418472037632,145.84235000620308,142.3010312756641,143.49810791015625,242956200
2025-06-23,142.1513937655616,144.42581484809375,141.68254233682853,143.8173065185547,154308900
2025-06-24,145.20392063963206,147.59805875973225,145.14406985038545,147.53819274902344,187566100
2025-06-25,148.90483162044157,154.0721520137232,148.8948463426075,153.9324951171875,269146500
2025-06-26,155.59840525486092,156.33660039378947,153.6232534017049,154.64076232910156,198145700
2025-06-27,155.65826650868465,158.32174817747665,154.880175871103,157.3640899658203,263234500
2025-06-30,158.01250107649778,158.2718747820143,155.57848281781088,157.603515625,194580300
2025-07-01,155.9076636637482,156.81544119896878,151.1194180014287,152.92498779296875,213143600
2025-07-02,152.6057523429847,157.21446053326332,152.59578228626097,156.8653106689453,171224100
2025-07-03,157.98256705200242,160.58618269349765,157.3840439934681,158.9501953125,143716100
2025-07-07,157.8129946008361,158.92027983286837,156.9550977974466,157.8529052734375,140139000
2025-07-08,158.9402376292259,159.8280598400772,158.00253468758166,159.6085968017578,138133000
2025-07-09,160.82559421950873,164.01776272716893,160.76574343834326,162.48153686523438,183656400
2025-07-10,163.91802564623063,164.0975779997467,161.214648514871,163.6985626220703,167704100
2025-07-11,163.319494380175,167.4792915182188,163.07010595303956,164.5165557861328,193633300
2025-07-14,164.96544774793,165.08516454052796,161.62365204151925,163.66864013671875,136975800
2025-07-15,170.77121644956358,171.97824787505814,168.78607915204378,170.28240966796875,230627400
2025-07-16,170.64152069930245,171.32983513615645,168.48680121561864,170.9507598876953,158831500
2025-07-17,171.59918390717252,173.7339481189201,170.4120926228971,172.5767822265625,160841100
2025-07-18,173.21520688358655,173.82371518980958,170.8410244393951,171.98822021484375,146456400
2025-07-21,172.32739806402674,172.9558617527255,170.58167912560677,170.96075439453125,123126100
2025-07-22,170.9208374301641,170.97071815657463,164.17738028748298,166.6213836669922,193114300
2025-07-23,169.11525591048226,170.84101932871772,167.5590747729789,170.36219787597656,154082200
2025-07-24,172.01816431437092,173.40476336343244,170.88095369299285,173.3149871826172,128984600
2025-07-25,173.1852777673922,174.29256285091202,172.5368740284716,173.07554626464844,122316800
2025-07-28,173.594294429185,176.56700011257405,173.54441370124516,176.31761169433594,140023500
2025-07-29,177.52466141853475,178.9411858321479,174.5918511336965,175.0806427001953,154077500
2025-07-30,176.07817850992635,179.4499145115228,175.60932710539225,178.83143615722656,174312200
2025-07-31,182.45256948733228,182.85160010862035,175.49961883405416,177.43487548828125,221685400
2025-08-01,173.6641186818972,176.1081221843386,170.47194991004753,173.29502868652344,204529000
2025-08-04,174.7315057215643,179.75916955634796,174.09307197712414,179.55966186523438,148174600
2025-08-05,179.18057181311008,179.8190055048738,175.4696712230272,177.8238983154297,156407600
2025-08-06,175.89862689332494,179.45988530544022,175.81882077930385,178.98106384277344,137192300
2025-08-07,181.1258353228625,183.43018196887525,178.3626072705472,180.32778930664065,151878400
2025-08-08,181.10587113034643,182.85159004607544,179.95867528141935,182.2530517578125,123396700
2025-08-11,181.6046539661726,183.39026839012567,179.80905426349312,181.6146240234375,138323200
2025-08-12,182.51243687865423,184.02870758664503,179.02099882862018,182.71194458007807,145485700
2025-08-13,182.17323092856017,183.51993435768304,178.91124166315015,181.145751953125,179871700
2025-08-14,179.3102712094187,182.57227595462552,179.02098734413144,181.57472229003903,129554000
2025-08-15,181.43505449173972,181.4549946043824,177.6044370814236,180.008544921875,156602200
2025-08-18,180.1581887559372,182.49246055927404,180.14820347806383,181.56472778320312,132008000
2025-08-19,181.98370991508045,182.0535459787435,175.06070018553257,175.2103271484375,185229200
2025-08-20,174.74146841521826,175.56943975883806,168.38705663117767,174.9709014892578,215142700
2025-08-21,174.42226928848822,176.4672421817212,173.38480492387563,174.55194091796875,140040900
2025-08-22,172.1877371490149,178.15310374912357,170.78118284108405,177.55458068847656,172789400
2025-08-25,177.91371253514103,181.4650013525793,176.13806812642193,179.37013244628906,163012800
2025-08-26,179.61950918930867,181.94381103857447,178.37256711704984,181.3253326416016,168688200
2025-08-27,181.5348064912021,182.04356858750407,178.6618623689453,181.1557464599609,235518900
2025-08-28,180.37766708382995,184.01873199506824,175.97845161993425,179.729248046875,281787800
2025-08-29,177.67428483075477,177.714180280125,172.72641192849127,173.75389099121094,243257900
2025-09-02,169.58410730722488,171.95828968039308,166.81090959368234,170.36219787597656,231164900
2025-09-03,170.64151696331535,171.9882204164984,168.46685741418958,170.2025909423828,164424900
2025-09-04,170.15273668191406,171.43957421789176,168.99557077235426,171.2400665283203,141670100
2025-09-05,167.61894341349085,168.61649709218636,163.66863936987482,166.61141967773438,224441400
2025-09-08,167.14008871145546,170.54174973330151,166.9405810596359,167.89822387695312,163769100
2025-09-09,168.6763418810487,170.5617176578999,166.3320999523285,170.34225463867188,157548400
2025-09-10,176.20789518840485,178.851406558282,175.04075911822534,176.89620971679688,226852000
2025-09-11,179.25053151190707,179.84910351407555,176.05818301908454,176.7465362548828,151159300
2025-09-12,177.34513598621658,178.17315412234487,176.028283464474,177.39501953125,124911000
2025-09-15,175.2501343169162,178.4225418052247,174.0929031464731,177.32516479492188,147061600
2025-09-16,176.5769489507663,177.0757538913052,173.96321593348455,174.46202087402344,140737800
2025-09-17,172.22736966160153,172.78602876073558,168.00748411706098,169.8829803466797,211843800
2025-09-18,173.56414822000986,176.6767011378293,172.54659718713728,175.81875610351562,191763300
2025-09-19,175.34989886544702,177.65437533147113,174.76129744715922,176.24774169921875,237182100
2025-09-22,174.8810364137678,184.1089289332547,174.29245016588175,183.17117309570312,269637000
2025-09-23,181.5350723037516,181.98399370831063,175.78884483629412,178.00352478027344,192559600
2025-09-24,179.34035389001875,179.35032450997934,174.98078784059663,176.5470428466797,143564100
2025-09-25,174.06297010669513,179.82915407834395,172.7162058826927,177.2653045654297,191586700
2025-09-26,177.74415791919978,179.3403398828169,174.51189629291883,177.7641143798828,148573700
2025-09-29,179.99875523700084,183.56023005067576,179.88903275637574,181.41537475585932,193063500
2025-09-30,181.6448190078555,186.9022276338177,181.04624695721463,186.13406372070312,236981000
2025-10-01,184.79726069745416,187.6903232769056,183.46045188172369,186.79248046875,173844900
2025-10-02,189.146847340247,190.59337868299,187.6105195355423,188.43853759765625,136805800
2025-10-03,188.7378247179256,189.90502650703212,184.93693332773543,187.17156982421875,137596900
2025-10-06,185.05662940294908,186.78249020197808,182.89181782906448,185.09652709960932,157678100
2025-10-07,185.7848907820332,188.6081286768816,183.56022492696124,184.5977325439453,140088000
2025-10-08,186.1240974206304,189.14685437964263,186.0941551173159,188.65802001953125,130168900
2025-10-09,191.7705575158363,194.833227386451,190.6033556943829,192.10975646972656,182997200
2025-10-10,193.0474982342752,195.1524558626357,181.61489659616785,182.7222442626953,268774400
2025-10-13,187.52074924116,189.6556339904095,185.51555866051007,187.8699188232422,153482800
2025-10-14,184.32839277968645,184.35831986008523,179.2705030798172,179.59971618652344,205641400
2025-10-15,184.35831474003743,184.4281395182556,176.86625456034105,179.4001922607422,214450500
2025-10-16,181.7944521048813,182.8419455690648,179.34034021746592,181.37545776367188,179723300
2025-10-17,179.74934657743225,183.65999082680747,179.3203816221287,182.78208923339844,173135200
2025-10-20,182.69231029505525,184.7573549226016,181.2956472677441,182.20347595214844,128544700
2025-10-21,182.35311411361403,182.35311411361403,179.37027013728058,180.72702026367188,124240200
2025-10-22,180.7070509305708,183.00155667206863,176.33751483638122,179.84910583496094,162249600
2025-10-23,179.988777912505,182.5925403832716,179.3602787988416,181.72462463378903,111363700
2025-10-24,183.40060514170608,187.0219340442129,183.06142142022412,185.8148193359375,131296700
2025-10-27,189.53590332097465,191.54109366524804,187.97961914819692,191.0323181152344,153452700
2025-10-28,192.58860677151608,202.6644582837766,191.4513320204045,200.54953002929688,297986200
2025-10-29,207.48289118740504,211.68283533037865,204.29054272961417,206.54513549804688,308829600
2025-10-30,204.6596525726598,205.66724825327245,200.92860151360617,202.40505981445312,178864400
2025-10-31,205.9565693232556,207.4729406961805,201.5870481318289,202.00604248046875,179802200
2025-11-03,207.58267267525224,210.83487551397133,205.06869143040765,206.3855438232422,180267300
2025-11-04,202.51481474882632,203.4824975937368,197.4569251230167,198.21511840820312,188919300
2025-11-05,198.29491205487744,202.4349867997753,194.1847491650604,194.7434234619141,171350300
2025-11-06,195.95052515240693,197.14765392942223,185.9345289438528,187.6304626464844,223029800
2025-11-07,184.45806985353664,187.86990920765928,178.4823961188316,187.70030212402344,264942300
2025-11-10,194.6436788693004,199.46213677715232,193.3268264223904,198.5742645263672,198897100
2025-11-11,194.6935535589016,194.9529266552934,190.84277869998112,192.6983337402344,176483300
2025-11-12,195.2522164876445,195.4218083488666,190.673190567689,193.33680725097656,154935300
2025-11-13,190.59339473372376,190.98246202725863,183.4106057333689,186.4134063720703,207423100
2025-11-14,182.4229582335574,190.55347333374132,180.1484087383153,189.71548461914065,186591900
2025-11-17,185.5255382862568,188.54829545593927,183.879487827554,186.154037475586,173628900
2025-11-18,182.94170515591497,184.35830936263392,179.22060933347112,180.9265289306641,213598900
2025-11-19,184.3483273978252,187.41099710874653,182.3930205111681,186.0742034912109,247246400
2025-11-20,195.4816571057099,195.53154064523628,179.42014682895694,180.208251953125,343504800
2025-11-21,180.8068289121024,184.1188859589464,172.51667761994415,178.4524688720703,346926200
2025-11-24,179.06099432644913,183.0614042749852,176.05817898815633,182.1136779785156,256618300
2025-11-25,174.49197074476177,177.73420328176402,169.14478047484366,177.39501953125,320600300
2025-11-26,181.19589856886267,182.4728380763597,177.81400147563977,179.82916259765625,183852000
2025-11-28,178.58215589898683,178.86148547381688,176.0781603452176,176.57696533203125,121332800
2025-12-01,174.3423041351479,179.8690716163194,173.2648835948944,179.48997497558594,188131000
2025-12-02,181.32556167204697,185.2162492379485,179.56977380817938,181.0262908935547,182632200
2025-12-03,180.6472109015755,182.01393165685585,178.68191808959097,179.1607666015625,165138000
2025-12-04,181.1959881613664,184.089227004522,179.53987513877786,182.951889038086,167364900
2025-12-05,183.4606866221248,184.22889322931675,180.4876480440623,181.9841461181641,143971100
2025-12-08,182.21361127014936,187.5610985176648,181.97416608957425,185.1168212890625,204378100
2025-12-09,185.12679644575,185.2864265695677,182.89203560496765,184.5381774902344,144719700
2025-12-10,184.53819180758595,185.0469957406681,181.6150239281505,183.35096740722656,162785400
2025-12-11,179.85913764092777,180.896718300432,176.20767820623186,180.5076141357422,182136600
2025-12-12,180.6871989054384,182.3932136047752,174.21234434473615,174.61141967773438,204274900
2025-12-15,177.52459033283526,178.0034654802094,174.6213802569945,175.87843322753906,164775600
2025-12-16,175.84850127733236,178.0733061224419,174.4916756985292,177.3050994873047,148588100
2025-12-17,175.68889685369163,175.71882560019336,169.91240520818417,170.5409393310547,222775500
2025-12-18,174.1225483861358,175.7387615308714,171.41888356310693,173.73345947265625,176096000
2025-12-19,176.2575523358494,181.0263919449467,175.92832091222974,180.5674743652344,324925900
2025-12-22,183.4906282252173,183.73007341419407,181.9243013805983,183.2611694335937,129064400
2025-12-23,182.5428423541149,188.88799500778453,182.4729984678864,188.76828002929688,174873600
2025-12-24,187.50124372172945,188.4689804086018,186.154389299292,188.169677734375,65528500
2025-12-26,189.47662851874145,192.240166195598,187.5611125998212,190.085205078125,139740300
2025-12-29,187.2717899684254,188.31932652162573,185.47598909796272,187.7805938720703,120006100
2025-12-30,187.8005508490403,188.5487999407664,186.49359631469852,187.1021728515625,97687300
2025-12-31,189.1274459397885,190.1151249886817,186.0546345387688,186.06460571289065,120100500
2026-01-02,189.39681300359115,192.4795957147097,187.8204997023152,188.4091339111328,148240500
2026-01-05,191.31231822272787,193.17796293683364,185.7154145267434,187.68081665039065,183529700
2026-01-06,190.0752284670132,191.7213703933745,186.3838692947835,186.80288696289065,176862600
2026-01-07,188.12978540958392,190.9232365533545,186.12446806753155,188.66851806640625,153543200
2026-01-08,188.6685228499072,189.1074981045344,183.2811352524241,184.60801696777344,172457000
2026-01-09,184.64792389684447,185.9049768874807,183.2412119543349,184.42843627929688,131327500
2026-01-12,182.79226917353867,186.6831584288149,182.5927391235801,184.5082550048828,137968500
2026-01-13,184.5680989064521,187.6708389078061,182.9718281779948,185.376205444336,160128900
2026-01-14,183.88970125566945,184.02937380837903,180.3779146434709,182.7124481201172,159586100
2026-01-15,186.06460797964908,189.25713440169068,185.895006678512,186.6133270263672,206188600
2026-01-16,188.63859508159712,189.9954207742268,185.64559857342888,185.7952423095703,187967200
2026-01-20,181.4753422141945,181.95423259865512,177.1953640623503,177.654296875,223345300
2026-01-21,178.6320081827799,184.94723253133864,177.9835164834521,182.8920440673828,200381000
2026-01-22,184.31869154642928,185.7353746560278,183.5005985718231,184.40847778320312,139636600
2026-01-23,187.06227125943187,189.15737478680413,186.38386606278428,187.2318725585937,142748100
2026-01-26,186.7230748442759,188.6784906596197,185.55580805974404,186.03468322753903,124799600
2026-01-27,186.8028844605492,189.55643562401056,185.2664711415707,188.07989501953125,143711600
2026-01-28,190.8234748728661,191.9009553855833,189.3968053634026,191.0728912353516,148552700
2026-01-29,190.8933105997472,193.0283141326731,185.6256380470484,192.06057739257807,171764400
2026-01-30,190.76362243793776,194.0359639826301,189.0276790286862,190.68380737304688,179489500
2026-02-02,186.7629659025267,189.8557348322644,184.448390015382,185.1766815185547,165794100
2026-02-03,185.8052266227915,185.83515536968403,175.8185853097543,179.9189910888672,204019600
2026-02-04,179.04105715530034,179.16077214377114,171.50867959294058,173.78335571289062,207014100
2026-02-05,174.52161198787914,176.40721432559468,170.63072277473634,171.47874450683594,206312900
2026-02-06,176.27751351666032,186.56344202919425,174.19239634754115,184.97715759277344,231346200
2026-02-09,183.8298238555102,193.20788788877485,183.5205500126207,189.5963287353516,196387400
2026-02-10,190.93321971968692,192.0306425866914,187.6808205923615,188.099838256836,136764800
2026-02-11,192.0007142509168,192.80882083578368,188.329312674443,189.6063232421875,144192700
2026-02-12,192.5793648877844,193.1580126884611,186.0745817463216,186.5035858154297,189932500
2026-02-13,187.04230481693136,187.0622623874058,181.1660562233949,182.3832092285156,161888000
2026-02-17,181.3256935584433,186.71308084037668,178.76168607280786,184.5381774902344,162276900
2026-02-18,188.3093443160685,189.92555739322245,186.3239846890322,187.5411376953125,164749100
2026-02-19,186.62329889396,187.9900957055448,185.22657333636724,187.4613342285156,126554500
2026-02-20,186.13444888465776,189.88566546751952,185.5059147845697,189.3768615722656,178422300
2026-02-23,190.9531547742145,193.4972046328596,189.13741163084848,191.10281372070312,171584800
2026-02-24,191.04296985904048,193.31764595479845,186.96250644177093,192.39979553222656,175123600
2026-02-25,193.9960453222018,197.16862939564908,193.3375824661624,195.1034545898437,250637100
2026-02-26,193.8164813019665,193.8364236513225,183.8897126034445,184.4583740234375,360807900
2026-02-27,180.82687141264745,182.16373952566903,175.96824531148394,176.77635192871094,311636500
2026-03-02,174.6014235260267,183.031708689554,174.23229218389588,182.05398559570312,209095300
2026-03-03,178.07331350693755,180.4776756968921,176.50697142699124,179.62966918945312,178099400
2026-03-04,180.01874995283958,184.26879914121503,179.6396322236537,182.6126708984375,177731200
2026-03-05,180.7470399397241,183.63029235671348,177.46472744924466,182.91197204589844,198779700
2026-03-06,179.4201653790109,182.3333469017365,176.40722643712078,177.40489196777344,189021900
2026-03-09,176.4171968477281,182.4830050745951,175.1501573668019,182.22360229492188,177213600
2026-03-10,181.97417604353973,186.00475307627937,181.5850871183009,184.33865356445312,179118500
2026-03-11,185.4860219488843,187.1921136401388,184.02934488988052,185.60574340820312,145280400
2026-03-12,183.63026415055788,184.5182338343672,181.3355064165816,182.7223358154297,155762700
2026-03-13,184.49829181300376,185.66562182453413,179.52965286608148,179.8389434814453,160988400
2026-03-16,182.5527246843909,188.44925014875608,180.99628481489137,182.8021545410156,217307400
2026-03-17,184.63797319169825,184.9771941770484,181.2656763194747,181.51510620117188,182497800
2026-03-18,182.0638447517288,182.9618014097589,179.91875397930713,179.98858642578125,156683100
2026-03-19,177.6040222894031,179.56953069628346,175.3890840362079,178.15277099609375,170968500
2026-03-20,177.59406866914642,177.85347025510498,171.32839150930033,172.30615234375,241323500
2026-03-23,176.85574153065542,177.96321071223454,174.36144294367455,175.23944091796875,182836300
2026-03-24,174.4312942297872,175.81812366395545,173.58322660302642,174.80044555664062,147667800
2026-03-25,176.69612335614488,180.8067226806179,176.44669348987364,178.2725067138672,162602100
2026-03-26,175.66847416549638,176.10745794358192,170.74970926821888,170.8494873046875,186152200
2026-03-27,169.61230999497113,170.58009909933227,166.629123297364,167.13796997070312,196212700
2026-03-30,168.3950875250076,169.0635577295173,163.89537828689438,164.79331970214844,185627000
2026-03-31,166.58921042239905,174.22175778800025,166.57923870897636,174.00225830078125,226181300
2026-04-01,175.5986119754623,176.9654826629128,174.35146274268203,175.34918212890625,168132000
2026-04-02,171.78733317216196,177.0852364118599,170.97918282725632,176.98545837402344,143143200
2026-04-06,176.75597747742694,177.3845303646084,175.35916114415525,177.23487854003906,107564300
2026-04-07,175.32922705160684,177.8235255680002,173.26395579650787,177.69383239746094,132534900
2026-04-08,184.079243714486,184.837505037226,179.8888249511496,181.66476440429688,147732700
2026-04-09,181.4253138719204,183.6602110774668,180.2080948395415,183.4906005859375,116428500
2026-04-10,183.88967366981893,189.56669990817065,183.87970195572368,188.1998291015625,160459500
2026-04-13,185.605746824658,189.2274732756209,185.3164148846483,188.87826538085932,133648200
2026-04-14,190.4047764107204,196.0618438720703,190.33494396561244,196.0618438720703,161307000
2026-04-15,196.0917851116164,199.94298301571828,195.2936216855987,198.41647338867188,185338400
2026-04-16,196.9797440092329,199.39423847906176,195.36344336942167,197.8976593017578,134012900
2026-04-17,199.44410763257105,201.2400056483541,198.8155547450397,201.2200469970703,160324400
2026-04-20,199.52392392325544,201.70893187328167,197.3888049886708,201.59918212890625,119381400
2026-04-21,201.66904795828867,202.28762917830332,198.54618104306965,199.42417907714844,107945300
2026-04-22,200.53164182940824,202.03819274902344,198.54617460274403,202.03819274902344,107501000
2026-04-23,201.99828375930824,203.3651545152774,196.7702284327844,199.1847076416016,113561800
2026-04-24,199.5039827094276,210.46890943516505,199.3543156614425,207.79502868652344,214134400
2026-04-27,209.17187844164343,216.33551207209092,206.90706623150768,216.1160125732422,187172400
2026-04-28,209.0122528840405,214.2402930542568,207.72518626919629,212.6838531494141,180275400
2026-04-29,212.2149257168926,212.23488436877423,207.10660696252424,208.77279663085932,123711800
2026-04-30,209.45122654333912,209.8203930740204,198.24684193288385,199.1148681640625,225239200
2026-05-01,200.82098460367047,202.5370634031337,196.6704677294345,197.9974365234375,128647000
2026-05-04,199.04502180842945,201.2699318245734,194.2958829090753,198.02734375,125368100
2026-05-05,198.8454820247872,199.7833407086998,195.58293528206715,196.05186462402344,113406600
2026-05-06,199.43413852494052,207.7950323152332,198.15705885791613,207.3560333251953,188362800
2026-05-07,207.86487247229027,213.7115092245668,206.0290722858257,211.0176696777344,168307900
2026-05-08,212.5441790763045,217.30330524675068,212.4044989584125,214.709228515625,136421400
2026-05-11,213.55186573785767,221.79303819063412,213.402213909002,218.93955993652344,160685800
2026-05-12,218.0515943496244,223.23973257586303,214.4298677829736,220.2765045166016,159176600
2026-05-13,224.41703053540263,227.32039781394545,221.0647077692387,225.3149871826172,150405400
2026-05-14,229.32582552778115,236.0005559723521,228.7770767762568,235.202392578125,180782900
2026-05-15,229.2360138852664,230.97205119780003,223.72861351776265,224.80615234375,180977600
2026-05-18,229.34577348371204,229.4754818886306,217.8719993892805,221.81300354003903,146280900
2026-05-19,219.1191400841904,223.9680572056968,217.4130483552105,220.1068878173828,140948200
2026-05-20,222.6710257508039,225.61431038954527,219.9971448577806,222.9603729248047,184201600
2026-05-21,221.7830583738448,226.8814055684356,217.43300079554024,219.0093994140625,203381800
2026-05-22,220.39621757095847,220.50596731800164,214.3101381389001,214.83892822265625,169275700
2026-05-26,216.0461718127993,217.6824311685512,211.5165320236786,214.37001037597656,187202600
2026-05-27,213.63168066177133,213.66161102691768,208.30386252985457,212.1151580810547,167601200
2026-05-28,210.79817024571656,215.0285063161196,210.73830951283205,213.7613983154297,143996000
2026-05-29,214.0906505321041,217.3631692496548,210.64852132770383,210.6584930419922,289410600
2026-06-01,215.2380189209028,224.3571743491113,215.2080885544549,223.8483428955078,212850700
2026-06-02,226.6618858382332,231.750260864546,220.84519513709748,222.3118438720703,193362900
2026-06-03,221.2143597561905,222.3118572511273,214.02079575535723,214.26025390625,160907000
2026-06-04,213.67091279390368,221.35231998810903,210.73419644349,218.4156036376953,169022200
2026-06-05,214.2902104723603,214.6298267834636,204.101614447126,204.87075805664065,219655500
2026-06-08,209.9450713288228,210.2347557268212,205.76975069388217,208.40679931640625,138372800
2026-06-09,210.3845825512031,211.16370951624515,199.11719156565087,207.95730590820312,180962500
2026-06-10,204.2014963256504,206.98838641050185,199.696542748819,200.19598388671875,161746600
2026-06-11,201.26479475008583,205.43013200106668,199.31696212361035,204.64100646972656,158643200
2026-06-12,204.6310298517525,206.8385664547524,203.2126188059985,204.96066284179688,112001800
2026-06-15,208.68648640498932,212.47225882321928,208.1071328472061,212.2125396728516,149936700
2026-06-16,210.9439520928381,211.2536184019877,207.05830064217733,207.1781768798828,125694100
2026-06-17,208.29691745433288,208.9761653200819,202.8530121596522,204.42124938964844,128363500
2026-06-18,207.09826842291383,211.1537281092123,206.26919428756835,210.4545135498047,241272000
2026-06-22,211.2036686200953,213.7508214450341,207.48782537372824,208.41677856445312,122041400
2026-06-23,201.9440304014853,203.5422481594977,199.77645766483005,199.81640625,153496200
2026-06-24,199.8963159019568,201.44458647582783,196.36027935647687,198.777572631836,151810700
2026-06-25,199.8563704571445,200.5755669254449,191.9152592982058,195.521224975586,149550000
2026-06-26,192.90414096411192,195.33143282930595,191.0062707295152,192.31480407714844,179304100
2026-06-29,193.6333319429392,195.96071419295149,189.58785574691487,194.7520751953125,148835700
2026-06-30,197.0195429632178,200.4057532237791,194.8919188665145,199.8663482666016,166476700
2026-07-01,195.9806989625188,199.62662840490705,193.23377271109229,197.35916137695312,146147600
2026-07-02,196.9196593659626,199.8363939026278,192.1350197738411,194.6122436523437,142068700
2026-07-06,194.20269428466304,197.3292007505161,193.77318221313823,195.33143615722656,108999000
2026-07-07,192.15498377986225,198.18824142626733,190.92636281467173,196.7098846435547,124154600
2026-07-08,194.9618356993413,204.9306918075912,194.84197470333905,203.891845703125,147419100
2026-07-09,204.23147485952867,204.36131918975943,198.7376223952696,202.5533447265625,132037400
2026-07-10,201.7742207048944,210.7641612313501,201.6943082934289,210.7242126464844,148421000
2026-07-13,208.3069001369788,210.33464515051216,202.7730991138312,203.3025054931641,121411000
2026-07-14,207.96729575339148,212.31243993744155,203.5722196467825,211.5632781982422,124379600
2026-07-15,211.7230919717581,213.57101502024952,205.80969553973085,212.26248168945312,124797200
2026-07-16,209.93509060438328,210.8440771529852,205.61992700554663,207.16818237304688,122986100
2026-07-17,202.4135048295048,206.4190172896336,197.74872640584337,202.58331298828125,144281900
2026-07-20,205.639896943356,207.50781723343968,202.05391309694545,203.05279541015625,88701500
2026-07-21,207.308024406286,208.4167843613107,203.78197113093623,207.0583038330078,108685600
2026-07-22,205.57996827489492,214.15038042761168,204.7209288682105,211.822982788086,137645600
2026-07-23,209.22588688656515,210.63429930291463,205.72979894313585,208.5266571044922,110505300
2026-07-24,207.21812923496967,211.6731509810223,204.5810805834776,206.6088104248047,114836800
2026-07-27,207.9672962732577,208.51668459839084,195.22156333884288,196.2903594970703,154353700
2026-07-28,194.78204700134697,198.4779084345641,192.52457850774027,196.789794921875,134111500
2026-07-29,195.63110696844683,196.84974460884013,189.7976226806641,189.7976226806641,147680800
2026-07-30,193.23377181769484,197.0295274868272,191.3059363552755,194.82199096679688,129010200
2026-07-31,198.2182038580375,201.77422236802423,194.73209918257555,200.525619506836,139961200
2026-08-03,197.46904862701152,208.50670133078404,196.62999113475112,206.40904235839844,128406900
2026-08-04,211.06382570110384,212.8218530009649,208.8163406042335,211.7031097412109,134922000
2026-08-05,216.6176127852948,221.9716224388697,216.15812022814887,218.9749755859375,158187400
2026-08-06,221.2823935806188,223.3800524967045,216.75745800384053,218.7452392578125,113940600
2026-08-07,221.29237770419127,224.50877992471257,220.4133716458872,223.70968627929688,105669400
2026-08-10,223.15029107269072,223.88946943306016,216.5277120448001,217.3068389892578,115846600
2026-08-11,221.92167541427943,221.9516406634887,215.95834695389817,217.25689697265625,101273100
2026-08-12,220.7929293559802,224.848404158734,219.95387191061064,223.8395233154297,108783600
2026-08-13,224.80845001468583,226.9760227961096,223.4599680426376,225.04818725585932,98867200
2026-08-14,226.51654155338588,227.2357380227388,224.24907448357243,224.9083404541016,75680900
2026-08-17,225.72741618855903,227.6652502746616,224.6086728983284,224.7584991455078,93678700
2026-08-18,220.203597915372,221.39227027986857,218.44557057093272,219.4944000244141,103128200
2026-08-19,221.4222404106533,222.62089613745684,216.5177245976465,217.3168334960937,96797300
2026-08-20,218.1159423024499,219.6142657707553,215.41896310784705,216.60763549804688,92457000
2026-08-21,218.1758724878036,218.49552214328023,214.2602556586216,214.48001098632807,98869300
2026-08-24,215.2891020611033,215.3490325607492,207.01835779182304,208.2469787597656,135187300
2026-08-25,210.79412790131315,214.48998931653267,209.87515802586688,212.81187438964844,122309000
2026-08-26,212.40232405945304,213.3612577394914,208.99613188036045,209.4256591796875,179900000
2026-08-27,222.61090164325523,230.21239627098788,220.6530857022795,227.7251739501953,298909800
2026-08-28,227.10587153371227,229.003741733446,216.56766062888835,217.3068389892578,195116400
2026-08-31,218.62536478578363,221.0526567078369,215.9683494434545,220.53323364257807,124702700
2026-09-01,216.50774446342592,220.1636574397174,214.8595947199138,217.1969757080078,109756200
2026-09-02,218.5454508199983,227.6952163087265,218.2357997469377,224.1591796875,157104700
2026-09-03,225.76737972053164,230.14247379152744,224.4987949430456,228.1946563720703,134681600
2026-09-04,230.8317036041433,234.49759976142684,229.37334400327853,230.1025238037109,135352400
2026-09-08,232.84944771666764,233.44878317831424,224.59868561283852,225.47769165039065,122965600
2026-09-09,225.0281992525124,225.9271872095504,223.21024142511232,223.4199981689453,82955500
2026-09-10,220.52999877929688,220.9900054931641,217.1999969482422,218.3600006103516,105768000
2026-09-11,221.2400054931641,222.0,218.1499938964844,218.2899932861328,89060100
2026-09-14,211.2400054931641,212.7700042724609,208.92999267578125,210.9600067138672,132267200
2026-09-15,213.3800048828125,213.94000244140625,211.16000366210932,212.1699981689453,88059700
2026-09-16,214.13999938964844,216.759994506836,212.5,213.8999938964844,96563600
2026-09-17,218.3800048828125,219.91000366210932,217.1499938964844,219.33999633789065,94191300
2026-09-18,219.3500061035156,222.72999572753903,218.02999877929688,222.2700042724609,190287400
2026-09-21,222.94000244140625,228.5,221.5599975585937,227.3800048828125,109806100
2026-09-22,226.8500061035156,229.97999572753903,226.5,228.8699951171875,95746700
2026-09-23,228.02999877929688,228.9499969482422,224.0200042724609,225.509994506836,89547300
2026-09-24,222.0800018310547,224.94000244140625,221.08999633789065,224.5800018310547,77469900
2026-09-25,225.1300048828125,226.94000244140625,223.1300048828125,225.07000732421875,89947700
2026-09-28,229.75,233.2100067138672,228.0399932861328,228.8600006103516,142344300
2026-09-29,230.97000122070312,232.82000732421875,227.02999877929688,227.2100067138672,101494900
2026-09-30,229.2700042724609,232.3699951171875,228.1699981689453,228.3800048828125,121732200
2026-10-01,229.97999572753903,232.2899932861328,228.16000366210932,230.8600006103516,98591400
2026-10-02,236.0599975585937,237.8800048828125,233.6000061035156,233.9499969482422,135167800
2026-10-05,236.08999633789065,240.1000061035156,235.1499938964844,238.8999938964844,127171500
2026-10-06,242.1000061035156,243.3699951171875,238.92999267578125,239.2400054931641,101701900
2026-10-07,237.69000244140625,239.0800018310547,236.3800048828125,237.47000122070312,81485100
2026-10-08,234.92999267578125,237.07000732421875,233.7100067138672,235.4600067138672,39750757
